Dist Name,Year,actual,ssm_forecast,ssm_ci_lower,ssm_ci_upper
24 Parganas,2006,2362.06,2585.2848625373554,2214.742263716473,2955.8274613582375
24 Parganas,2007,2314.07,2434.602613453297,2064.060014632415,2805.1452122741794
24 Parganas,2008,2399.57,2302.6651491906277,1932.1225503697456,2673.20774801151
24 Parganas,2009,2364.4,2292.7976843265033,1922.255085505621,2663.3402831473854
24 Parganas,2010,2455.78,2362.3419780888726,1991.7993792679904,2732.8845769097547
24 Parganas,2011,2458.3,2474.3581587166254,2103.8155598957433,2844.9007575375076
24 Parganas,2012,2607.24,2372.42311235415,2001.8805135332677,2742.965711175032
24 Parganas,2013,2706.36,2424.0891578847977,2053.5465590639155,2794.63175670568
24 Parganas,2014,2743.84,2705.487587314765,2334.9449884938826,3076.030186135647
24 Parganas,2015,2574.86,2785.2263139437046,2414.6837151228224,3155.7689127645867
24 Parganas,2016,2760.8754,2620.635264854583,2250.092666033701,2991.1778636754652
24 Parganas,2017,2762.2887,2678.4275632393155,2307.8849644184334,3048.9701620601977
24 Parganas,2018,2827.1009,2734.0178704831183,2363.475271662236,3104.5604693040004
24 Parganas,2019,2879.2313,2788.8181736822353,2418.275574861353,3159.3607725031175
24 Parganas,2020,2924.9332,2838.845102374376,2468.302503553494,3209.387701195258
24 Parganas,2021,2937.51,2869.895797675552,2499.3531988546697,3240.438396496434
24 Parganas,2022,3038.7881,2933.834540001396,2563.2919411805137,3304.377138822278
24 Parganas,2023,3056.3301,2978.585941625275,2608.043342804393,3349.1285404461573
24 Parganas,2024,3072.9092,3006.661589917849,2636.118991096967,3377.2041887387313
24 Parganas,2025,3110.1719,3038.109669282934,2667.567070462052,3408.6522681038164
Adilabad,2006,2411.47,2298.5569912189208,1613.2081038726174,2983.905878565224
Adilabad,2007,2372.39,2334.436965320546,1649.0880779742515,3019.78585266684
Adilabad,2008,2566.7,2339.4024898363186,1654.0536024900289,3024.7513771826084
Adilabad,2009,2046.97,2138.706705712816,1453.3578183665281,2824.055593059104
Adilabad,2010,2817.78,2525.718488517669,1840.3696011713819,3211.067375863956
Adilabad,2011,2616.91,2397.6985315811353,1712.3496442348487,3083.047418927422
Adilabad,2012,2646.93,2496.4119971939435,1811.063109847657,3181.76088454023
Adilabad,2013,2744.62,2632.3423478332606,1946.9934604869743,3317.691235179547
Adilabad,2014,2518.57,2406.9017297812843,1721.552842434998,3092.250617127571
Adilabad,2015,2636.52,2536.6046377203756,1851.2557503740893,3221.953525066662
Adilabad,2016,2699.2745,2579.0431892025804,1893.6943018562943,3264.3920765488665
Adilabad,2017,2725.9741,2606.3788293441053,1921.0299419978192,3291.7277166903914
Adilabad,2018,2755.8754,2634.4897662154076,1949.1408788691215,3319.8386535616937
Adilabad,2019,2874.573,2689.9842931994453,2004.6354058531592,3375.3331805457315
Adilabad,2020,2887.8856,2734.2310785265045,2048.8821911802183,3419.5799658727906
Adilabad,2021,2854.246,2754.238435671934,2068.889548325648,3439.58732301822
Adilabad,2022,3044.2751,2824.3067317984187,2138.9578444521326,3509.655619144705
Adilabad,2023,2946.1041,2846.432069705621,2161.083182359335,3531.780957051907
Adilabad,2024,2973.3746,2867.2440052100974,2181.8951178638113,3552.5928925563835
Adilabad,2025,3028.2047,2898.4850165136527,2213.1361291673666,3583.833903859939
Agra,2006,2726.17,2636.026257992249,2100.327845638081,3171.7246703464175
Agra,2007,2782.03,2722.7116943528845,2187.013281998716,3258.410106707053
Agra,2008,2673.14,2906.167223287527,2370.468810933359,3441.8656356416955
Agra,2009,2401.56,2521.046215756408,1985.3478034022396,3056.7446281105763
Agra,2010,2453.39,2584.0016676161104,2048.303255261942,3119.7000799702787
Agra,2011,2695.22,2539.5759234015895,2003.8775110474212,3075.274335755758
Agra,2012,2726.38,2556.5637440739247,2020.8653317197563,3092.262156428093
Agra,2013,2660.53,2765.891913018023,2230.1935006638546,3301.5903253721913
Agra,2014,2403.74,2592.3935376386225,2056.695125284454,3128.091949992791
Agra,2015,2397.9,2493.938085164138,1958.2396728099698,3029.6364975183064
Agra,2016,2452.1277,2367.9121524801167,1832.2137401259483,2903.610564834285
Agra,2017,2377.7597,2412.159985274975,1876.4615729208067,2947.8583976291434
Agra,2018,2362.9633,2381.497841262706,1845.7994289085377,2917.1962536168744
Agra,2019,2442.3595,2366.170404923935,1830.4719925697668,2901.8688172781035
Agra,2020,2389.7198,2406.2539589006074,1870.555546546439,2941.9523712547757
Agra,2021,2342.1038,2385.6501355350765,1849.9517231809082,2921.348547889245
Agra,2022,2303.8396,2347.76952410807,1812.0711117539017,2883.4679364622384
Agra,2023,2239.0466,2308.248644653586,1772.5502322994175,2843.947057007754
Agra,2024,2210.0693,2253.9633061187624,1718.264893764594,2789.6617184729307
Agra,2025,2222.1519,2218.473654234479,1682.7752418803107,2754.1720665886473
Ahmedabad,2006,1907.9,2514.664487513219,1802.005405809452,3227.3235692169856
Ahmedabad,2007,2105.39,1958.103778892241,1245.4446971884745,2670.7628605960076
Ahmedabad,2008,1866.61,1689.3120150530785,976.652933349312,2401.9710967568453
Ahmedabad,2009,2513.26,1492.5608715969902,779.9017898932236,2205.219953300757
Ahmedabad,2010,2701.08,2311.992583379686,1599.3335016759195,3024.651665083453
Ahmedabad,2011,2729.43,2268.8726600486743,1556.2135783449078,2981.531741752441
Ahmedabad,2012,2011.77,2254.9905909583654,1542.3315092545988,2967.6496726621317
Ahmedabad,2013,2370.66,2627.7389650218824,1915.079883318116,3340.398046725649
Ahmedabad,2014,2666.66,2041.9997451594436,1329.340663455677,2754.6588268632104
Ahmedabad,2015,2574.07,2170.861887933782,1458.2028062300153,2883.5209696375487
Ahmedabad,2016,2798.4906,2361.7213101045854,1649.0622284008189,3074.380391808352
Ahmedabad,2017,2715.0548,2301.0683798912023,1588.4092981874358,3013.727461594969
Ahmedabad,2018,2872.1265,2467.8810425893753,1755.2219608856087,3180.540124293142
Ahmedabad,2019,2966.2103,2569.3604727021,1856.7013909983336,3282.019554405867
Ahmedabad,2020,2983.7412,2593.0887702234013,1880.4296885196347,3305.747851927168
Ahmedabad,2021,3047.9282,2660.284375184524,1947.6252934807574,3372.9434568882907
Ahmedabad,2022,3036.1693,2651.915813586555,1939.2567318827885,3364.5748952903214
Ahmedabad,2023,3257.4934,2870.816905435803,2158.1578237320364,3583.47598713957
Ahmedabad,2024,3316.7167,2931.6970894129513,2219.038007709185,3644.3561711167176
Ahmedabad,2025,3229.5125,2848.3933233160938,2135.7342416123274,3561.05240501986
Ahmednagar,2006,785.71,855.0836389788624,168.32718335721836,1541.8400946005063
Ahmednagar,2007,1190.7,556.5810547682707,-130.17540085337328,1243.3375103899148
Ahmednagar,2008,978.49,858.9455416810623,172.1890860594183,1545.7019973027063
Ahmednagar,2009,378.38,780.253991471322,93.497535849678,1467.010447092966
Ahmednagar,2010,937.33,787.6528921790048,100.89643655736074,1474.409347800649
Ahmednagar,2011,987.34,682.6869226352073,-4.069532986436684,1369.4433782568512
Ahmednagar,2012,614.67,702.565932346284,15.809476724639921,1389.322387967928
Ahmednagar,2013,2405.06,873.3461542749,186.58969865325594,1560.102609896544
Ahmednagar,2014,255.81,1528.7446685291861,841.9882129075421,2215.50112415083
Ahmednagar,2015,1228.57,860.4508314844297,173.6943758627857,1547.2072871060736
Ahmednagar,2016,1014.5893,937.4883948634849,250.7319392418409,1624.244850485129
Ahmednagar,2017,1393.376,936.4608865167377,249.70443089509365,1623.2173421383818
Ahmednagar,2018,804.4222,1113.253153674143,426.496698052499,1800.009609295787
Ahmednagar,2019,1077.1799,945.5498685454995,258.7934129238555,1632.3063241671434
Ahmednagar,2020,1449.681,968.3221689046604,281.5657132830164,1655.0786245263043
Ahmednagar,2021,1345.412,1149.5461016008808,462.78964597923675,1836.3025572225247
Ahmednagar,2022,1266.0909,1206.137607755069,519.381152133425,1892.894063376713
Ahmednagar,2023,1306.2754,1201.995698623895,515.2392430022509,1888.7521542455388
Ahmednagar,2024,1370.4665,1216.8593490779433,530.1028934562993,1903.6158046995874
Ahmednagar,2025,1366.4774,1254.0608855679975,567.3044299463535,1940.8173411896414
Ajmer,2006,1000.0,2006.7424225017785,1515.7580854179223,2497.7267595856347
Ajmer,2007,1000.0,1133.8167108105063,642.8323737266501,1624.8010478943625
Ajmer,2009,1000.0,420.030617094797,-70.95371998905915,911.0149541786532
Ajmer,2010,2000.0,1456.4169495155857,965.4326124317295,1947.4012865994418
Ajmer,2011,2000.0,2196.237991374712,1705.2536542908556,2687.222328458568
Ajmer,2012,1000.0,1827.495994200628,1336.5116571167719,2318.4803312844842
Ajmer,2013,1000.0,1622.0043854531978,1131.0200483693416,2112.988722537054
Ajmer,2014,2000.0,935.7319052767489,444.74756819289274,1426.716242360605
Ajmer,2016,1506.9557,1612.3743515152328,1121.3900144313766,2103.358688599089
Ajmer,2017,1546.7573,1579.9021146767918,1088.9177775929356,2070.886451760648
Ajmer,2018,1581.8086,1588.3711702279506,1097.3868331440945,2079.355507311807
Ajmer,2019,1604.8261,1609.7357768573856,1118.7514397735295,2100.720113941242
Ajmer,2020,1364.3202,1575.8724389165582,1084.888101832702,2066.8567760004144
Ajmer,2021,1340.1088,1468.2095950364,977.2252579525439,1959.1939321202562
Ajmer,2022,1649.9027,1480.1651761212997,989.1808390374435,1971.149513205156
Ajmer,2023,1730.089,1615.9748080361878,1124.9904709523316,2106.959145120044
Ajmer,2024,1654.2433,1686.2325204444533,1195.248183360597,2177.2168575283094
Ajmer,2025,1693.0563,1696.2372472467305,1205.2529101628743,2187.2215843305867
Akola,2006,500.0,480.8934207528705,76.21493583874792,885.5719056669931
Akola,2007,800.0,412.41844895699023,7.739964042867655,817.0969338711128
Akola,2008,1000.0,576.029978922988,171.35149400886542,980.7084638371106
Akola,2009,1600.0,790.5380221516257,385.8595372375031,1195.2165070657484
Akola,2011,1000.0,1340.8066147453837,936.1281298312612,1745.4850996595064
Akola,2016,1492.7216,1114.6009471539328,709.9224622398102,1519.2794320680555
Akola,2017,1518.1096,1344.9385816649603,940.2600967508378,1749.6170665790828
Akola,2018,1601.3341,1451.2742888763296,1046.595803962207,1855.9527737904523
Akola,2019,1514.2237,1520.5640942383043,1115.8856093241816,1925.242579152427
Akola,2020,1677.6934,1522.1741269933189,1117.4956420791964,1926.8526119074413
Akola,2021,1595.9266,1595.6734181138959,1190.9949331997732,2000.3519030280186
Akola,2022,1892.2896,1618.8637707322412,1214.1852858181187,2023.5422556463636
Akola,2023,1640.3218,1745.8018634436285,1341.1233785295058,2150.480348357751
Akola,2024,2026.8201,1712.8984991682817,1308.2200142541592,2117.576984082404
Akola,2025,2069.5917,1904.3009844265184,1499.6224995123957,2308.979469340641
Alappuzha,2006,2902.77,2523.872081055504,2056.697483214801,2991.046678896207
Alappuzha,2007,1867.73,2505.6827238000174,2038.5081259609826,2972.857321639052
Alappuzha,2008,3053.6,2263.260926927627,1796.0863290894767,2730.4355247657777
Alappuzha,2009,2930.02,2742.247048063113,2275.072450225431,3209.4216459007953
Alappuzha,2010,2464.38,2725.7210509052534,2258.54645306782,3192.8956487426867
Alappuzha,2011,3089.1,2538.826429528035,2071.651831690733,3006.001027365337
Alappuzha,2012,2889.23,2657.00467645474,2189.8300786175078,3124.1792742919724
Alappuzha,2013,2857.49,2680.0865686111624,2212.9119707739674,3147.2611664483575
Alappuzha,2014,2995.35,2760.084016002637,2292.9094181654614,3227.2586138398124
Alappuzha,2015,2816.52,2854.0355193430114,2386.860921505846,3321.210117180177
Alappuzha,2016,2923.9852,2888.742117440281,2421.5675196031216,3355.9167152774407
Alappuzha,2017,3086.9283,2931.5939728511084,2464.4193750139516,3398.7685706882653
Alappuzha,2018,3026.0887,2949.4698448473955,2482.29524701024,3416.644442684551
Alappuzha,2019,3145.6,2992.387551679515,2525.2129538423605,3459.5621495166697
Alappuzha,2020,3094.2931,3012.1512489362544,2544.9766510991003,3479.3258467734086
Alappuzha,2021,3383.1453,3100.189782520165,2633.0151846830113,3567.3643803573186
Alappuzha,2022,3345.9967,3158.864297123589,2691.6896992864354,3626.0388949607427
Alappuzha,2023,3246.9819,3175.560871473453,2708.3862736362994,3642.7354693106067
Alappuzha,2024,3300.7365,3200.128904359199,2732.9543065220455,3667.303502196353
Alappuzha,2025,3339.2682,3228.717834797641,2761.5432369604873,3695.8924326347947
Aligarh,2006,2030.98,1954.1557798053032,1411.8744817242218,2496.4370778863845
Aligarh,2007,1994.62,2017.352929033163,1475.0716309520817,2559.6342271142444
Aligarh,2008,2122.65,2063.7179403288515,1521.4366422477701,2605.999238409933
Aligarh,2009,1725.69,2057.9422248855635,1515.6609268044822,2600.223522966645
Aligarh,2010,1982.05,1923.0099747187542,1380.7286766376728,2465.2912727998355
Aligarh,2011,2165.82,1977.5733447323246,1435.2920466512433,2519.854642813406
Aligarh,2012,2443.8,1993.2016179889988,1450.9203199079175,2535.48291607008
Aligarh,2013,2264.83,2292.0717200214276,1749.7904219403463,2834.353018102509
Aligarh,2014,2159.98,2184.262039633194,1641.9807415521127,2726.5433377142754
Aligarh,2015,2258.94,2194.7933930345225,1652.5120949534412,2737.074691115604
Aligarh,2016,2337.586,2214.407649738329,1672.1263516572476,2756.6889478194103
Aligarh,2017,2278.4392,2238.150564989763,1695.8692669086818,2780.4318630708444
Aligarh,2018,2371.8081,2269.0168633964818,1726.7355653154004,2811.298161477563
Aligarh,2019,2378.3177,2302.2583418635877,1759.9770437825064,2844.539639944669
Aligarh,2020,2515.5002,2360.241041863436,1817.9597437823545,2902.522339944517
Aligarh,2021,2522.6129,2415.730046963329,1873.4487488822479,2958.0113450444105
Aligarh,2022,2487.2773,2439.1720593657396,1896.8907612846583,2981.453357446821
Aligarh,2023,2673.8557,2498.9840877986444,1956.702789717563,3041.2653858797257
Aligarh,2024,2642.5225,2552.1357422241645,2009.8544441430831,3094.417040305246
Aligarh,2025,2648.4074,2579.9895857808388,2037.7082876997574,3122.27088386192
Allahabad,2006,1997.06,1826.4070404677814,1363.3171142400588,2289.496966695504
Allahabad,2007,2041.05,2049.819101332647,1586.7291751049243,2512.9090275603694
Allahabad,2008,2390.51,2055.541790718434,1592.4518644907116,2518.6317169461568
Allahabad,2009,2163.94,2100.932588870573,1637.8426626428504,2564.0225150982956
Allahabad,2010,2256.17,2118.125631691314,1655.0357054635915,2581.2155579190367
Allahabad,2011,2525.74,2228.2703360500527,1765.1804098223301,2691.3602622777753
Allahabad,2012,2704.84,2266.5705049044973,1803.4805786767747,2729.66043113222
Allahabad,2013,2535.03,2902.9281160654223,2439.8381898376997,3366.018042293145
Allahabad,2014,2114.15,2560.104878870863,2097.0149526431405,3023.1948050985857
Allahabad,2015,1901.47,2223.6873122209936,1760.597385993271,2686.777238448716
Allahabad,2016,2433.81,2149.8773991544094,1686.7874729266869,2612.967325382132
Allahabad,2017,2492.1242,2312.2893236844857,1849.199397456763,2775.3792499122083
Allahabad,2018,2420.8416,2392.165482159128,1929.0755559314052,2855.2554083868504
Allahabad,2019,2416.4213,2412.913585149452,1949.8236589217295,2876.0035113771746
Allahabad,2020,2329.0037,2401.4337628403596,1938.343836612637,2864.523689068082
Allahabad,2021,2345.5141,2376.994622108843,1913.9046958811205,2840.0845483365656
Allahabad,2022,2505.578,2407.0829963487886,1943.993070121066,2870.172922576511
Allahabad,2023,2492.9906,2460.575185370483,1997.4852591427602,2923.6651115982054
Allahabad,2024,2480.5457,2481.277687680704,2018.1877614529812,2944.3676139084264
Allahabad,2025,2557.2436,2506.7803377866694,2043.6904115589468,2969.870264014392
Almorah,2006,1170.72,1185.5212465667996,962.7675521293829,1408.2749410042163
Almorah,2007,1200.24,1068.046075604657,845.4570405845132,1290.635110624801
Almorah,2008,1171.58,1181.2195790108128,958.7831205095164,1403.6560375121094
Almorah,2009,1137.58,1146.394012545603,924.0993306555424,1368.6886944356634
Almorah,2010,1103.67,1195.3487725558311,973.1861749158992,1417.511370195763
Almorah,2011,1253.77,1130.3752509045646,908.3360062555948,1352.4144955535344
Almorah,2012,1248.42,1161.3046736851466,939.3808888566844,1383.2284585136088
Almorah,2013,1303.63,1087.5115903602948,865.6961063291003,1309.3270743914893
Almorah,2014,1322.01,1141.7057630164275,919.9920665950272,1363.4194594378278
Almorah,2015,1228.21,1156.55316129574,934.9353097128215,1378.1710128786585
Almorah,2016,1304.6183,1147.1498440717555,925.6224002500003,1368.6772878935108
Almorah,2017,1300.5969,1177.5431746175461,956.1011513782713,1398.9851978568208
Almorah,2018,1349.5719,1135.9295413355915,914.5683530923244,1357.2907295788586
Almorah,2019,1361.8233,1145.7834678498061,924.4988886160671,1367.0680470835453
Almorah,2020,1345.0453,1194.434093872208,973.2222206182876,1415.6459671261284
Almorah,2021,1388.5008,1160.6383120475382,939.495532608923,1381.7810914861534
Almorah,2022,1404.4875,1165.4330791657576,944.3560440411659,1386.5101142903493
Almorah,2023,1373.6144,1233.1057211600219,1012.0913186466989,1454.1201236733448
Almorah,2024,1415.5477,1200.8515115983366,979.8968458016568,1421.8061773950164
Almorah,2025,1412.3936,1230.599369841304,1009.7017411689599,1451.4969985136481
Alwar,2006,1538.46,1153.451596217904,120.39318761832783,2186.51000481748
Alwar,2007,2000.0,1145.6237769475329,113.03213659274138,2178.2154173023246
Alwar,2008,1777.78,1156.253293826364,124.10137361619991,2188.405214036528
Alwar,2009,1485.71,1233.2078720701138,201.4709088715381,2264.9448352686895
Alwar,2010,2026.32,1263.550207922303,232.2054732346685,2294.894942609937
Alwar,2011,1868.42,1209.976692360889,179.00327535117344,2240.950109370605
Alwar,2012,1759.49,1224.747419579025,194.12603828751799,2255.368800870532
Alwar,2013,2150.0,1286.5297590740852,256.24259551231216,2316.816922635858
Alwar,2014,2200.0,1303.8462086240547,273.8767642260559,2333.8156530220535
Alwar,2015,2000.0,1364.558974530889,334.89194301579005,2394.2260060459876
Alwar,2016,2102.1569,1389.8917863884694,360.5129415767815,2419.2706312001574
Alwar,2017,2206.2566,1425.459163680072,396.35526020155726,2454.563067158587
Alwar,2018,2190.5566,1442.9493478050624,414.1080329603358,2471.790662649789
Alwar,2019,2339.4612,1485.7884153103316,457.19815061567897,2514.3786800049843
Alwar,2020,2344.9557,1507.48981085657,479.1398020227955,2535.8398196903445
Alwar,2021,2436.5847,1542.3280127896128,514.2081470697817,2570.447878509444
Alwar,2022,2412.1124,1559.2861651444157,531.386955139069,2587.1853751497624
Alwar,2023,2484.7613,1590.6551238190305,562.9676569563062,2618.3425906817547
Alwar,2024,2571.963,1624.8254625058644,597.3413555224224,2652.3095694893063
Alwar,2025,2659.5031,1659.7603625972713,632.4717204375183,2687.0490047570242
Amarawati,2006,541.18,602.6781453120525,253.17852746942555,952.1777631546795
Amarawati,2007,822.22,538.6556079067727,189.15599006414578,888.1552257493997
Amarawati,2008,400.0,589.8117096964847,240.3120918538578,939.3113275391117
Amarawati,2009,1448.84,512.7668619798887,163.2672441372618,862.2664798225157
Amarawati,2010,726.32,1096.6037997706876,747.1041819280606,1446.1034176133146
Amarawati,2011,756.1,783.1933580086761,433.69374016604917,1132.6929758513031
Amarawati,2012,407.89,813.0427608647342,463.54314302210724,1162.5423787073612
Amarawati,2013,170.21,703.3898648453323,353.8902470027054,1052.8894826879593
Amarawati,2014,301.89,309.6218151399139,-39.87780270271304,659.1214329825409
Amarawati,2015,214.29,323.98098125519437,-25.51863658743258,673.4805990978214
Amarawati,2016,272.1958,343.79612574647217,-5.7034920961547755,693.2957435890992
Amarawati,2018,14.2517,288.31464539179115,-61.1849724508358,637.8142632344181
Amarawati,2020,79.8,201.9360558876101,-147.56356195501684,551.4356737302371
Ambala,2006,3525.28,3327.7642949075566,2798.938956672626,3856.5896331424874
Ambala,2007,3700.57,3489.4242618746894,2960.5989236397586,4018.24960010962
Ambala,2008,3170.28,3716.217361445008,3187.3920232100772,4245.042699679939
Ambala,2009,3629.72,2853.6672856096893,2324.8419473747585,3382.49262384462
Ambala,2010,3357.49,3712.7590473342625,3183.9337090993317,4241.584385569194
Ambala,2011,3738.6,3445.6900114071086,2916.864673172178,3974.5153496420394
Ambala,2012,3978.29,3451.8087575556765,2922.9834193207457,3980.6340957906073
Ambala,2013,3797.47,3933.607800569546,3404.782462334615,4462.433138804477
Ambala,2014,3656.44,3828.586572318407,3299.761234083476,4357.411910553338
Ambala,2015,3802.15,3781.943348884486,3253.1180106495553,4310.768687119417
Ambala,2016,3809.0869,3695.9783695752585,3167.1530313403277,4224.80370781019
Ambala,2017,3877.1054,3737.603634883075,3208.778296648144,4266.428973118006
Ambala,2018,4005.5962,3759.6829879508978,3230.857649715967,4288.508326185829
Ambala,2019,4016.0644,3906.605334709914,3377.7799964749834,4435.430672944845
Ambala,2020,4005.6709,3990.3743944001403,3461.5490561652095,4519.199732635071
Ambala,2021,4100.2005,3963.3831286789664,3434.5577904440356,4492.208466913898
Ambala,2022,4008.3337,4108.038361925354,3579.2130236904236,4636.863700160286
Ambala,2023,4230.6572,3945.9997040800754,3417.1743658451446,4474.825042315007
Ambala,2024,4202.5508,4135.9019089469975,3607.0765707120668,4664.727247181929
Ambala,2025,4261.0104,4157.397515354691,3628.57217711976,4686.222853589622
Amritsar,2006,2997.15,3144.1455649157356,2718.2151437268017,3570.0759861046695
Amritsar,2007,3108.88,2987.1609782759806,2561.2305570870467,3413.0913994649145
Amritsar,2008,3002.84,3084.930090633393,2658.999669444459,3510.8605118223268
Amritsar,2009,2887.96,2657.5769897895425,2231.6465686006086,3083.5074109784764
Amritsar,2010,2801.68,3229.5083965353033,2803.5779753463694,3655.438817724237
Amritsar,2011,2722.69,2683.8204750874047,2257.890053898471,3109.7508962763386
Amritsar,2012,3140.11,2688.3700858568536,2262.4396646679197,3114.3005070457875
Amritsar,2013,3097.49,3234.61552835781,2808.685107168876,3660.545949546744
Amritsar,2014,2918.99,3170.7072749278263,2744.7768537388924,3596.6376961167603
Amritsar,2015,2832.87,2919.081359854243,2493.1509386653092,3345.011781043177
Amritsar,2016,2888.8002,2756.0714017840214,2330.1409805950875,3182.0018229729553
Amritsar,2017,2911.2715,2858.2654889543974,2432.3350677654635,3284.1959101433313
Amritsar,2018,2885.5021,2931.1557641285553,2505.2253429396214,3357.0861853174893
Amritsar,2019,2879.9605,2884.5691472750286,2458.6387260860947,3310.4995684639625
Amritsar,2020,2913.9586,2837.7326981067113,2411.8022769177774,3263.663119295645
Amritsar,2021,2784.3739,3042.0245839230615,2616.0941627341276,3467.9550051119954
Amritsar,2022,2833.0,2727.4929610872455,2301.5625398983116,3153.4233822761794
Amritsar,2023,2757.7585,2904.3596665322384,2478.4292453433045,3330.2900877211723
Amritsar,2024,2782.3113,2725.701321387025,2299.770900198091,3151.631742575959
Amritsar,2025,2774.3422,2783.65308576189,2357.722664572956,3209.583506950824
Ananthapur,2006,2993.98,2747.1048059170157,2259.649401996976,3234.5602098370555
Ananthapur,2007,2978.65,2892.3496605334535,2404.8942566134137,3379.8050644534933
Ananthapur,2008,2964.49,2876.7898446577137,2389.334440737674,3364.2452485777535
Ananthapur,2009,2873.38,2838.564076336249,2351.108672416209,3326.0194802562887
Ananthapur,2010,2866.22,3040.1633318172744,2552.7079278972346,3527.618735737314
Ananthapur,2011,2467.02,2813.610267926708,2326.154864006668,3301.0656718467476
Ananthapur,2012,2631.67,2621.2604323600203,2133.8050284399806,3108.71583628006
Ananthapur,2013,2176.73,2644.947749346227,2157.492345426187,3132.4031532662666
Ananthapur,2014,2825.4,2382.784921638824,1895.3295177187842,2870.240325558864
Ananthapur,2015,2904.52,2743.4252099396904,2255.9698060196506,3230.88061385973
Ananthapur,2016,2645.043,2805.969171613303,2318.513767693263,3293.4245755333427
Ananthapur,2017,2567.8332,2737.167099249914,2249.711695329874,3224.6225031699537
Ananthapur,2018,2589.5855,2682.4421231979804,2194.9867192779407,3169.89752711802
Ananthapur,2019,2441.4373,2629.6184585275687,2142.163054607529,3117.0738624476085
Ananthapur,2020,2478.2271,2569.6342925217505,2082.1788886017107,3057.0896964417902
Ananthapur,2021,2343.7108,2519.8767051496316,2032.4213012295918,3007.3321090696713
Ananthapur,2022,2253.6955,2442.3518565401064,1954.8964526200666,2929.807260460146
Ananthapur,2023,2145.1994,2356.308340317247,1868.852936397207,2843.7637442372866
Ananthapur,2024,2180.0381,2286.3421637701376,1798.8867598500979,2773.7975676901774
Ananthapur,2025,2232.3447,2263.5691709505945,1776.1137670305548,2751.0245748706343
Aurangabad,2006,1000.0,752.6249332854559,297.5887366207282,1207.6611299501835
Aurangabad,2010,2000.0,928.0309374505023,472.9947407857745,1383.0671341152301
Aurangabad,2016,2248.1034,1498.351634753607,1043.3154380888793,1953.3878314183346
Aurangabad,2017,2363.0063,1941.0739350339318,1486.037738369204,2396.1101316986596
Aurangabad,2018,2252.8888,2210.385627829869,1755.3494311651414,2665.421824494597
Aurangabad,2019,2475.1589,2222.9967621887645,1767.9605655240366,2678.0329588534923
Aurangabad,2020,2638.6171,2365.642965758252,1910.6067690935245,2820.67916242298
Aurangabad,2021,2824.1312,2518.5595150021027,2063.523318337375,2973.5957116668305
Aurangabad,2022,2998.4009,2691.9176796439506,2236.8814829792227,3146.9538763086784
Aurangabad,2023,3024.2074,2879.812463172102,2424.776266507374,3334.84865983683
Aurangabad,2024,3113.6892,2965.4683349992574,2510.4321383345296,3420.5045316639853
Aurangabad,2025,3231.0863,3050.7442062611553,2595.7080095964275,3505.780402925883
Azamgarh,2006,1342.58,1467.3783198939027,965.7655925175254,1968.99104727028
Azamgarh,2007,1888.79,1472.3815224028199,970.7687950264426,1973.9942497791972
Azamgarh,2008,1985.72,1853.9813593584536,1352.3686319820763,2355.594086734831
Azamgarh,2009,1666.27,1709.7351033205564,1208.122375944179,2211.3478306969337
Azamgarh,2010,1990.91,1713.3881598667817,1211.7754324904045,2215.000887243159
Azamgarh,2011,2275.12,1956.5974201845052,1454.9846928081279,2458.2101475608824
Azamgarh,2012,2147.61,2044.8155677185605,1543.2028403421832,2546.4282950949378
Azamgarh,2013,2172.03,2336.562732912557,1834.9500055361796,2838.175460288934
Azamgarh,2014,1908.52,2042.8261877174814,1541.213460341104,2544.4389150938587
Azamgarh,2015,1819.72,1919.1597744208375,1417.5470470444602,2420.7725017972148
Azamgarh,2016,2307.7746,1965.0780547310878,1463.4653273547106,2466.690782107465
Azamgarh,2017,2212.1686,2101.928772645753,1600.3160452693755,2603.54150002213
Azamgarh,2018,2236.8809,2153.4169509258486,1651.8042235494713,2655.029678302226
Azamgarh,2019,2201.5313,2167.822664843094,1666.2099374667168,2669.4353922194714
Azamgarh,2020,2446.5849,2257.832675994317,1756.2199486179397,2759.4454033706943
Azamgarh,2021,2316.7224,2296.159288368425,1794.546560992048,2797.7720157448025
Azamgarh,2022,2362.8892,2305.5151035117747,1803.9023761353974,2807.127830888152
Azamgarh,2023,2501.6618,2369.5491501499746,1867.9364227735973,2871.161877526352
Azamgarh,2024,2545.746,2440.385247124672,1938.7725197482946,2941.997974501049
Azamgarh,2025,2511.1688,2467.3031783717975,1965.6904509954202,2968.9159057481747
Bahraich,2006,1601.65,1896.8265827709372,1443.030646286621,2350.6225192552533
Bahraich,2007,1847.95,1739.1340510039659,1285.3381145196497,2192.9299874882818
Bahraich,2008,2071.95,1878.924521052881,1425.1285845685647,2332.720457537197
Bahraich,2009,2055.05,1607.4463551942035,1153.6504187098874,2061.2422916785195
Bahraich,2010,2017.47,2119.926225682555,1666.1302891982389,2573.722162166871
Bahraich,2011,2088.44,2039.8812323421594,1586.0852958578432,2493.6771688264753
Bahraich,2012,2339.18,1984.1421350331045,1530.3461985487884,2437.9380715174207
Bahraich,2013,2265.9,2258.264199891363,1804.468263407047,2712.060136375679
Bahraich,2014,2208.69,2237.9321171638685,1784.1361806795524,2691.7280536481844
Bahraich,2015,1906.72,2228.942013732556,1775.1460772482399,2682.737950216872
Bahraich,2016,2353.1865,1956.7639478646615,1502.9680113803454,2410.5598843489774
Bahraich,2017,2343.5707,2179.026020484577,1725.230084000261,2632.821956968893
Bahraich,2018,2407.6603,2246.0354775944434,1792.2395411101272,2699.8314140787593
Bahraich,2019,2539.285,2277.0574188107307,1823.2614823264146,2730.8533552950466
Bahraich,2020,2505.754,2443.4730412936833,1989.6771048093672,2897.268977777999
Bahraich,2021,2502.4153,2493.0750263754835,2039.2790898911674,2946.8709628597994
Bahraich,2022,2554.7936,2487.3983460204254,2033.6024095361092,2941.1942825047413
Bahraich,2023,2600.0107,2514.7732480813056,2060.9773115969897,2968.5691845656215
Bahraich,2024,2686.132,2530.3278845912923,2076.5319481069764,2984.1238210756082
Bahraich,2025,2721.5862,2607.5240700342274,2153.7281335499115,3061.3200065185433
Balaghat,2006,1203.86,1072.0039160537995,661.1488913471433,1482.8589407604557
Balaghat,2007,935.83,870.7801250183325,459.9251193774456,1281.6351306592194
Balaghat,2008,726.86,1143.4581104790145,732.6031180974003,1554.3131028606288
Balaghat,2009,1364.81,1009.1295042045499,598.2745210440869,1419.984487365013
Balaghat,2010,1423.96,1147.7490831559085,736.8941064082885,1558.6040599035284
Balaghat,2011,1362.79,1416.3430477404531,1005.4880754526408,1827.1980200282655
Balaghat,2012,1865.48,1211.1271603523865,800.2721911661446,1621.9821295386282
Balaghat,2013,1678.25,1571.7404076243301,1160.8854405950738,1982.5953746535865
Balaghat,2014,1834.0,1152.1745687508705,741.3196032216883,1563.0295342800528
Balaghat,2015,1674.17,1266.7985929002693,855.9436284143128,1677.6535573862259
Balaghat,2016,1900.0906,1531.4994497692544,1120.6444860088088,1942.3544135297
Balaghat,2017,2015.0853,1624.0447918140815,1213.189828558192,2034.899755069971
Balaghat,2018,2207.8158,1788.6696318421507,1377.8146689371545,2199.524594747147
Balaghat,2019,2380.3374,1940.1765909297142,1529.3216282687463,2351.031553590682
Balaghat,2020,2280.861,1856.0762735959377,1445.2213111046794,2266.931236087196
Balaghat,2021,2485.2417,2036.529293706138,1625.6743313329043,2447.384256079372
Balaghat,2022,2593.0704,2136.075871890389,1725.220909599235,2546.9308341815427
Balaghat,2023,2687.7217,2225.423746565938,1814.5687843318665,2636.2787088000096
Balaghat,2024,2774.208,2308.470167171278,1897.6152049769044,2719.3251293656513
Balaghat,2025,2987.1012,2503.208330789308,2092.353368622543,2914.0632929560734
Balasore,2006,1580.63,1851.219725482376,1419.864000321877,2282.575450642875
Balasore,2007,1690.87,1729.5407508847647,1298.185025724275,2160.8964760452545
Balasore,2008,1637.91,1709.9167075729174,1278.5609824124317,2141.272432733403
Balasore,2009,1730.42,1605.5240896532391,1174.1683644927552,2036.879814813723
Balasore,2010,1852.93,1345.2880774929772,913.9323523324942,1776.6438026534602
Balasore,2011,1943.34,1760.9424910569537,1329.5867658964712,2192.298216217436
Balasore,2012,1924.04,1816.4341392956685,1385.0784141351862,2247.789864456151
Balasore,2013,1340.97,1654.4565303858367,1223.1008052253544,2085.8122555463187
Balasore,2014,1918.27,1765.6662286210394,1334.3105034605571,2197.0219537815215
Balasore,2015,2042.92,1714.9343336639658,1283.5786085034836,2146.290058824448
Balasore,2016,1996.3194,1768.6806675676512,1337.3249424071691,2200.0363927281333
Balasore,2017,1944.2611,1757.7331653311803,1326.3774401706983,2189.0888904916624
Balasore,2018,1983.4865,1790.1028072419736,1358.7470820814915,2221.4585324024556
Balasore,2019,2055.7481,1845.118476734653,1413.762751574171,2276.474201895135
Balasore,2020,1994.1892,1822.8166186744456,1391.4608935139636,2254.1723438349277
Balasore,2021,1985.4721,1820.591869484167,1389.236144323685,2251.947594644649
Balasore,2022,2159.1383,1929.2571072357155,1497.9013820752334,2360.6128323961975
Balasore,2023,2153.1783,1947.5765631384998,1516.2208379780177,2378.932288298982
Balasore,2024,2161.7739,1967.136427692355,1535.780702531873,2398.492152852837
Balasore,2025,2210.3784,2007.9154576181713,1576.5597324576893,2439.2711827786534
Ballia,2006,1334.27,1179.8259056261527,609.3863439798719,1750.2654672724334
Ballia,2007,1855.38,1205.3741694077517,634.9346077614708,1775.8137310540324
Ballia,2008,1993.0,1813.2607623713752,1242.8212007250945,2383.700324017656
Ballia,2009,1981.99,1708.926411298903,1138.4868496526224,2279.365972945184
Ballia,2010,1913.52,1898.984685450238,1328.5451238039573,2469.4242470965187
Ballia,2011,2540.43,1995.5604360725624,1425.1208744262817,2565.999997718843
Ballia,2012,2177.94,2237.6286515660104,1667.1890899197297,2808.068213212291
Ballia,2013,2220.0,2118.8224407849925,1548.3828791387118,2689.2620024312732
Ballia,2014,2057.08,1961.6854199041932,1391.2458582579125,2532.124981550474
Ballia,2015,1694.02,2060.051728553255,1489.6121669069744,2630.491290199536
Ballia,2016,2151.1498,1918.480515977463,1348.040954331182,2488.920077623744
Ballia,2017,2178.5665,2016.0493743389848,1445.609812692704,2586.4889359852655
Ballia,2018,2402.0773,2163.1253794321265,1592.6858177858458,2733.564941078407
Ballia,2019,2208.4664,2166.770820380242,1596.3312587339615,2737.210382026523
Ballia,2020,2494.5263,2278.1115017481156,1707.671940101835,2848.5510633943964
Ballia,2021,2497.9741,2356.607054755726,1786.1674931094453,2927.0466164020067
Ballia,2022,2313.262,2313.048050192179,1742.6084885458981,2883.4876118384595
Ballia,2023,2580.1604,2394.253957449189,1823.8143958029082,2964.6935190954696
Ballia,2024,2602.2383,2464.9971175951696,1894.5575559488889,3035.4366792414503
Ballia,2025,2697.6336,2542.5003964679536,1972.0608348216729,3112.9399581142343
Banaskantha,2015,1125.0,1706.9969022107757,811.7786993483043,2602.2151050732473
Banaskantha,2016,1416.8201,1853.8109376643083,958.5927362658997,2749.029139062717
Banaskantha,2017,1487.3769,1748.6403768759392,853.4221761406513,2643.858577611227
Banaskantha,2018,1833.9718,1778.646585516558,883.4283850816189,2673.8647859514967
Banaskantha,2019,1581.7622,1743.705422411404,848.4872221125024,2638.9236227103056
Banaskantha,2020,2035.9894,1836.5013817798324,941.2831815425466,2731.7195820171182
Banaskantha,2021,1668.9806,1816.377511912033,921.159311702655,2711.595712121411
Banaskantha,2022,1470.2388,1730.078085370805,834.8598851740672,2625.296285567543
Banaskantha,2023,1730.1122,1736.1208662675401,840.9026660765277,2631.3390664585527
Banaskantha,2024,1402.4341,1659.8672430347494,764.6490428463301,2555.085443223169
Banaskantha,2025,1869.9836,1725.1798198009847,829.9616196137398,2620.3980199882294
Banda,2006,808.24,889.9330828343404,461.70304825168546,1318.1631174169954
Banda,2007,617.61,914.0274416066127,485.79740702395827,1342.257476189267
Banda,2008,1329.8,917.4154811786743,489.18544659602014,1345.6455157613286
Banda,2009,1008.26,858.9097825494687,430.67974796681455,1287.1398171321227
Banda,2010,1122.96,1071.1388199817384,642.9087853990843,1499.3688545643924
Banda,2011,1407.15,1093.665862298763,665.4358277161089,1521.895896881417
Banda,2012,1713.82,1008.7911517357265,580.5611171530725,1437.0211863183806
Banda,2013,1805.59,1576.2594997484925,1148.0294651658385,2004.4895343311466
Banda,2014,1616.8,1446.1881710699763,1017.9581364873222,1874.4182056526304
Banda,2015,1155.66,1549.0454498682166,1120.8154152855625,1977.2754844508706
Banda,2016,1736.8856,1380.1192252254255,951.8891906427714,1808.3492598080795
Banda,2017,1910.303,1517.655106628904,1089.4250720462499,1945.885141211558
Banda,2018,1858.9574,1630.0437178291909,1201.8136832465368,2058.2737524118447
Banda,2019,2018.8118,1720.8450445703234,1292.6150099876693,2149.075079152977
Banda,2020,2213.2781,1841.4447486655326,1413.2147140828786,2269.6747832481865
Banda,2021,2141.2033,1943.1267189252035,1514.8966843425494,2371.3567535078573
Banda,2022,2352.9708,2031.8899899010185,1603.6599553183644,2460.1200244836723
Banda,2023,2398.6978,2135.6336637243935,1707.4036291417394,2563.8636983070473
Banda,2024,2483.4103,2225.7279578483185,1797.4979232656644,2653.9579924309724
Banda,2025,2524.8409,2306.705582973445,1878.475548390791,2734.935617556099
Bangalore,2006,2091.64,2472.8129800067427,1738.3288771190491,3207.2970828944362
Bangalore,2007,2883.56,2625.152914123861,1890.6688112472784,3359.637017000444
Bangalore,2008,3064.78,2514.6402186892637,1780.1561158188188,3249.1243215597087
Bangalore,2009,3097.34,3036.5148874286015,2302.030784561547,3770.998990295656
Bangalore,2010,2660.86,2889.555963741933,2155.0718608767515,3624.040066607114
Bangalore,2011,2933.21,2651.4320223149602,1916.947919450814,3385.9161251791065
Bangalore,2012,2561.66,2519.9005214879126,1785.4164186243377,3254.384624351487
Bangalore,2013,2781.94,2724.4186785218067,1989.9345756585476,3458.9027813850657
Bangalore,2014,2682.75,2836.580288269891,2102.0961854068064,3571.0643911329753
Bangalore,2015,2452.26,2705.299600612077,1970.815497749089,3439.783703475065
Bangalore,2016,2669.4812,2695.1229026836572,1960.6387998207224,3429.607005546592
Bangalore,2017,2632.1397,2662.1578945703804,1927.673791707475,3396.6419974332857
Bangalore,2018,2616.8208,2645.693763586418,1911.2096607235285,3380.177866449307
Bangalore,2019,2679.3086,2691.8177930793145,1957.3336902164342,3426.3018959421947
Bangalore,2020,2755.6427,2753.2449688560073,2018.760865993132,3487.7290717188826
Bangalore,2021,2652.0724,2674.4366769734634,1939.9525741105908,3408.920779836336
Bangalore,2022,2524.9638,2570.460644084635,1835.976541221764,3304.9447469475062
Bangalore,2023,2692.8521,2696.6996054482984,1962.215502585428,3431.1837083111686
Bangalore,2024,2598.5971,2623.756855201578,1889.2727523387084,3358.240958064448
Bangalore,2025,2623.413,2640.671816679239,1906.1877138163695,3375.155919542108
Bankura,2006,2796.78,2798.4453791542846,2384.6337319112727,3212.2570263972966
Bankura,2007,2815.74,2834.1104678739275,2420.2988206309155,3247.9221151169395
Bankura,2008,2764.21,2731.9091638314394,2318.0975165884274,3145.7208110744514
Bankura,2009,2663.4,2714.0725877741065,2300.260940531094,3127.884235017119
Bankura,2010,2562.82,2619.9550429661203,2206.1433957231084,3033.7666902091323
Bankura,2011,2969.6,2726.4381253427227,2312.6264780997108,3140.2497725857347
Bankura,2012,2747.19,2772.8776136957963,2359.065966452784,3186.6892609388087
Bankura,2013,2768.36,2755.1681106183346,2341.356463375322,3168.979757861347
Bankura,2014,2763.8,2769.140947301576,2355.3293000585636,3182.9525945445885
Bankura,2015,2747.12,2838.2785736544683,2424.4669264114564,3252.0902208974803
Bankura,2016,2723.8487,2701.3536009650866,2287.541953722074,3115.165248208099
Bankura,2017,2746.9906,2723.581967534433,2309.770320291421,3137.393614777445
Bankura,2018,2730.9544,2720.541645936015,2306.729998693003,3134.353293179027
Bankura,2019,2737.6911,2724.70350823803,2310.891860995018,3138.515155481042
Bankura,2020,2753.7394,2736.5478697333906,2322.736222490378,3150.359516976403
Bankura,2021,2742.7621,2733.1094352860846,2319.2977880430726,3146.9210825290966
Bankura,2022,2745.8262,2734.396906744911,2320.5852595018987,3148.2085539879236
Bankura,2023,2746.1746,2734.9589957618373,2321.1473485188253,3148.7706430048493
Bankura,2024,2733.433,2726.769832832285,2312.958185589273,3140.581480075297
Bankura,2025,2729.7058,2721.7850815829006,2307.9734343398886,3135.5967288259126
Banswara,2006,564.21,910.1479365852454,262.62634909376675,1557.669524076724
Banswara,2007,1302.37,676.6309277355429,29.321078547460843,1323.940776923625
Banswara,2008,414.99,793.2988176770441,146.1902121110611,1440.407423243027
Banswara,2009,425.4,311.8794076858997,-335.0376875387994,958.7965029105987
Banswara,2010,673.37,756.7823126625118,110.04768398159376,1403.5169413434298
Banswara,2011,1297.65,931.3775492502398,284.81696917719273,1577.9381293232868
Banswara,2012,1071.85,760.003688396966,113.6093084088327,1406.3980683850994
Banswara,2013,982.68,885.6953901447237,239.4598809068292,1531.930899382618
Banswara,2014,657.08,708.8198427369281,62.7363492964289,1354.9033361774273
Banswara,2015,520.72,600.2250043882332,-45.71289390074014,1246.1629026772066
Banswara,2016,708.43,693.0731053484959,47.274779941686916,1338.871430755305
Banswara,2017,816.6448,710.5498071873012,64.88539847981815,1356.2142158947843
Banswara,2018,625.0604,674.7590715968016,29.223260408983606,1320.2948827846196
Banswara,2019,957.657,732.2181028899214,86.8058807938794,1377.6303249859634
Banswara,2020,782.4174,701.6477994154914,56.35444499104972,1346.9411538399331
Banswara,2021,788.1495,701.492146644416,56.31320396040121,1346.6710893284308
Banswara,2022,713.5498,686.7052416607689,41.63650073596932,1331.7739825855685
Banswara,2023,707.8286,683.4360556050045,38.4735346341937,1328.3985765758152
Banswara,2024,929.5512,721.8938798894051,77.03380904648463,1366.7539507323254
Banswara,2025,937.9553,724.3942199199116,79.6330265731699,1369.1554132666533
Barabanki,2006,2068.68,2512.2517211106792,2114.465681012449,2910.0377612089096
Barabanki,2007,1506.59,2158.986667457285,1761.2006273590548,2556.7727075555154
Barabanki,2008,2052.02,1883.096742566151,1485.310702467921,2280.8827826643815
Barabanki,2009,2302.89,1629.6359261155922,1231.849886017362,2027.4219662138223
Barabanki,2010,2366.73,2361.4911576868967,1963.7051175886666,2759.277197785127
Barabanki,2011,2762.04,2307.847500359634,1910.061460261404,2705.6335404578645
Barabanki,2012,3057.02,2518.858648824463,2121.072608726233,2916.6446889226936
Barabanki,2013,2857.92,2790.7332754158933,2392.947235317663,3188.5193155141237
Barabanki,2014,2760.06,2815.6342280165036,2417.848187918273,3213.420268114734
Barabanki,2015,2750.95,2832.4672295084183,2434.681189410188,3230.2532696066487
Barabanki,2016,3135.7368,2749.0917814388786,2351.305741340648,3146.877821537109
Barabanki,2017,3184.6404,2997.6780604116598,2599.8920203134294,3395.46410050989
Barabanki,2018,3467.832,3057.164043629347,2659.3780035311165,3454.9500837275773
Barabanki,2019,3583.3456,3301.3367227643344,2903.550682666104,3699.1227628625647
Barabanki,2020,3770.2328,3446.467469106319,3048.681429008089,3844.2535092045496
Barabanki,2021,3823.578,3655.397575594272,3257.6115354960416,4053.1836156925024
Barabanki,2022,3913.0801,3758.971960296355,3361.1859201981247,4156.758000394585
Barabanki,2023,4080.1179,3831.725468373046,3433.939428274816,4229.511508471276
Barabanki,2024,4067.2415,4013.6231634801584,3615.837123381928,4411.409203578389
Barabanki,2025,4336.4865,3995.695093098199,3597.9090529999685,4393.481133196429
Bareilly,2006,1786.74,1865.4263736024473,1426.633769950796,2304.2189772540987
Bareilly,2007,1920.3,1743.9858306688366,1305.1932270171853,2182.778434320488
Bareilly,2008,1755.95,2193.1505525446896,1754.3579488930384,2631.943156196341
Bareilly,2009,1779.07,1403.7821843751185,964.9895807234673,1842.5747880267697
Bareilly,2010,1650.37,2110.801605177017,1672.0090015253656,2549.5942088286683
Bareilly,2011,2509.67,1709.7966139164923,1271.004010264841,2148.589217568144
Bareilly,2012,2282.95,2087.7908976304852,1648.998293978834,2526.5835012821367
Bareilly,2013,2249.94,2321.5475397021305,1882.7549360504793,2760.340143353782
Bareilly,2014,2058.98,2051.1942484033207,1612.4016447516694,2489.986852054972
Bareilly,2015,2063.99,2114.4666560032974,1675.6740523516462,2553.259259654949
Bareilly,2016,2340.2405,2112.9553281766757,1674.1627245250245,2551.747931828327
Bareilly,2017,2352.7568,2256.816360068002,1818.0237564163506,2695.6089637196533
Bareilly,2018,2326.7819,2294.664606705792,1855.8720030541406,2733.4572103574433
Bareilly,2019,2360.2053,2298.375981937086,1859.583378285435,2737.1685855887376
Bareilly,2020,2499.1993,2347.700125288625,1908.9075216369736,2786.4927289402763
Bareilly,2021,2540.6088,2441.7953694926464,2003.0027658409952,2880.587973144298
Bareilly,2022,2735.4761,2531.05157727648,2092.2589736248287,2969.8441809281317
Bareilly,2023,2636.7659,2633.1207144661757,2194.3281108145243,3071.913318117827
Bareilly,2024,2740.6585,2631.46417033168,2192.6715666800287,3070.2567739833316
Bareilly,2025,2818.1841,2702.2121214649787,2263.4195178133273,3141.00472511663
Bastar,2006,1530.61,1253.2888982556897,861.8164287463908,1644.7613677649886
Bastar,2007,1481.83,1264.1800667457028,872.7075973788073,1655.6525361125982
Bastar,2008,1161.76,1239.7721878929433,848.2997186120251,1631.2446571738615
Bastar,2009,1089.04,1087.9194521609193,696.4469829319105,1479.391921389928
Bastar,2010,1905.45,1328.5863238212323,937.1138546235643,1720.0587930189004
Bastar,2011,1231.23,1426.1971133250086,1034.7246441462628,1817.6695825037543
Bastar,2012,2103.06,1380.553514200146,989.0810450328248,1772.0259833674672
Bastar,2013,1969.4,1516.136218817969,1124.6637496575454,1907.6086879783925
Bastar,2014,2129.33,1581.1154862626918,1189.6430171064326,1972.587955418951
Bastar,2015,1030.87,1651.455880596598,1259.9834114428531,2042.928349750343
Bastar,2016,1808.4106,1596.6890361033297,1205.216566951103,1988.1615052555564
Bastar,2017,1709.4945,1627.890100959038,1236.4176318077277,2019.362570110348
Bastar,2018,1811.2393,1654.6413823062237,1263.168913155467,2046.1138514569805
Bastar,2019,1831.7676,1688.1819976311665,1296.7095284807438,2079.6544667815892
Bastar,2020,2035.6272,1741.2553351411257,1349.7828659909046,2132.7278042913467
Bastar,2021,1924.2632,1789.3724518911774,1397.8999827410782,2180.8449210412764
Bastar,2022,2071.1155,1833.531582707861,1442.0591135578352,2225.0040518578867
Bastar,2023,2289.0582,1909.3088526587042,1517.836383508723,2300.7813218086853
Bastar,2024,2239.6659,1984.0314191572195,1592.5589500072651,2375.503888307174
Bastar,2025,2077.3051,2017.2581083094144,1625.7856391594762,2408.730577459353
Basti,2006,1426.55,1355.197294535622,826.2862579371694,1884.1083311340744
Basti,2007,1960.57,1498.5281174395714,969.6170808411188,2027.4391540380238
Basti,2008,2162.51,1955.7418153176113,1426.8307787191588,2484.652851916064
Basti,2009,2071.83,1720.1026597784876,1191.191623180035,2249.01369637694
Basti,2010,2186.66,1916.498137820843,1387.5871012223906,2445.4091744192956
Basti,2011,2465.79,2197.9018193894235,1668.990782790971,2726.812855987876
Basti,2012,2457.49,2207.4108534742236,1678.499816875771,2736.321890072676
Basti,2013,2574.05,2631.519185217252,2102.6081486187995,3160.4302218157045
Basti,2014,2131.63,2312.2815172843557,1783.3704806859032,2841.192553882808
Basti,2015,2046.95,2168.6487656215713,1639.7377290231188,2697.559802220024
Basti,2016,2556.6294,2182.2229117967336,1653.311875198281,2711.133948395186
Basti,2017,2467.9322,2279.3694385650742,1750.4584019666218,2808.2804751635267
Basti,2018,2712.1409,2445.0749997197818,1916.1639631213293,2973.9860363182343
Basti,2019,2927.0939,2633.9189168266767,2105.007880228224,3162.829953425129
Basti,2020,2749.8367,2651.515579755007,2122.6045431565544,3180.4266163534594
Basti,2021,2765.3607,2667.866293763269,2138.9552571648164,3196.7773303617214
Basti,2022,2838.8266,2710.933132951265,2182.0220963528127,3239.8441695497177
Basti,2023,2882.1077,2754.1299401877004,2225.218903589248,3283.040976786153
Basti,2024,2956.2494,2811.8244757816847,2282.913439183232,3340.735512380137
Basti,2025,2947.052,2838.237517993348,2309.3264813948954,3367.1485545918003
Beed,2006,750.0,369.3689079866017,-153.38916330944983,892.1269792826532
Beed,2007,466.67,457.95245504425293,-64.8056162517986,980.7105263403045
Beed,2008,400.0,525.200651926958,2.442580630906491,1047.9587232230097
Beed,2009,283.33,299.7578256358247,-223.00024566022682,822.5158969318762
Beed,2010,425.0,504.1638183810337,-18.59425291501782,1026.9218896770853
Beed,2011,466.67,348.91302385239123,-173.8450474436603,871.6710951484428
Beed,2012,450.0,363.412321171837,-159.34575012421453,886.1703924678885
Beed,2013,600.0,637.4342944376995,114.67622314164794,1160.192365733751
Beed,2014,250.0,526.3535655822707,3.59549428621915,1049.1116368783223
Beed,2016,337.5305,284.0043625408498,-238.75370875520173,806.7624338369013
Beed,2017,369.8406,291.41137118702864,-231.3467001090229,814.1694424830802
Beed,2018,374.3395,313.25794508798754,-209.500126208064,836.0160163840391
Beed,2019,297.5975,337.99003399092453,-184.768037305127,860.748105286976
Beed,2020,366.1043,299.7682858216367,-222.98978547441482,822.5263571176882
Beed,2021,310.9787,324.0073703091193,-198.7507009869322,846.7654416051708
Beed,2022,332.5061,303.7595502503573,-218.99852104569425,826.5176215464088
Beed,2023,165.7263,325.96066056307245,-196.79741073297907,848.718731859124
Beed,2024,307.8381,225.9598539150802,-296.7982173809713,748.7179252111317
Beed,2025,314.613,249.02967989333956,-273.72839140271196,771.7877511893911
Belgaum,2006,1480.02,1508.5131396391957,867.9462620543634,2149.080017224028
Belgaum,2007,1448.0,1708.897172714409,1068.330835497322,2349.463509931496
Belgaum,2008,1311.2,1429.9224860862548,789.3565597506741,2070.4884124218356
Belgaum,2009,1169.01,1415.9537645665387,775.3881506553856,2056.5193784776916
Belgaum,2010,1984.52,1588.9107738690943,948.3453975184756,2229.476150219713
Belgaum,2011,1939.69,1418.4315944587524,777.8663987441327,2058.996790173372
Belgaum,2012,1492.62,1309.4076760218368,668.8426176591736,1949.9727343845
Belgaum,2013,2110.79,1569.5060803921106,928.9411264691917,2210.0710343150295
Belgaum,2014,2947.78,1572.7237008195932,932.158826310672,2213.2885753285145
Belgaum,2015,666.34,1623.9335190733286,983.3687049493352,2264.498333197322
Belgaum,2016,1667.7351,1528.0761734998478,887.51140529145,2168.6409417082455
Belgaum,2017,1761.8129,1531.558120803697,890.9933875086899,2172.122854098704
Belgaum,2018,2018.2951,1561.8863872980048,921.3216805505167,2202.451094045493
Belgaum,2019,1971.2098,1592.648442252901,952.083755691676,2233.2131288141263
Belgaum,2020,2134.1978,1633.1837736848975,992.6191024729511,2273.748444896844
Belgaum,2021,2161.1669,1676.6087664567617,1036.0441069161377,2317.1734259973855
Belgaum,2022,2479.5083,1745.312532112933,1104.7478814469787,2385.8771827788873
Belgaum,2023,2228.0881,1792.404218175096,1151.8395742572857,2432.9688620929064
Belgaum,2024,2306.1173,1832.2835256109506,1191.7188868243118,2472.8481643975892
Belgaum,2025,2307.8552,1869.8316399278333,1229.2670050428478,2510.396274812819
Bellary,2006,3286.16,3644.358381171249,2842.3810504112507,4446.335711931248
Bellary,2007,3535.26,3395.8336990157995,2593.8563682558015,4197.811029775798
Bellary,2008,3600.64,3413.745549115286,2611.768218355288,4215.722879875284
Bellary,2009,3163.52,3223.7719186951053,2421.7945879351073,4025.7492494551034
Bellary,2010,3542.85,3533.6743776483236,2731.6970468883255,4335.651708408322
Bellary,2011,3534.73,3478.020995387214,2676.0436646272155,4279.9983261472125
Bellary,2012,3552.73,3402.2786016356176,2600.3012708756196,4204.255932395616
Bellary,2013,3786.7,3530.2392454205083,2728.2619146605102,4332.216576180506
Bellary,2014,3440.07,3582.5623957299385,2780.5850649699405,4384.539726489937
Bellary,2015,3645.14,3611.942466723817,2809.9651359638183,4413.919797483815
Bellary,2016,3662.9625,3628.604845809158,2826.62751504916,4430.582176569156
Bellary,2017,3727.446,3628.7318651511455,2826.754534391147,4430.709195911144
Bellary,2018,3691.1364,3714.576369938204,2912.599039178206,4516.553700698202
Bellary,2019,3804.6567,3660.6248810327897,2858.6475502727917,4462.602211792788
Bellary,2020,3779.6484,3761.3347056433,2959.3573748833014,4563.312036403298
Bellary,2021,3756.0391,3802.7333131847204,3000.755982424722,4604.710643944719
Bellary,2022,3793.7335,3779.9601560439082,2977.9828252839097,4581.937486803907
Bellary,2023,3891.4188,3752.0544387259156,2950.077107965917,4554.031769485914
Bellary,2024,3831.9851,3869.668017316223,3067.690686556225,4671.645348076221
Bellary,2025,3862.5466,3854.988185628412,3053.010854868414,4656.96551638841
Betul,2006,983.55,1051.628151464026,704.706729821083,1398.5495731069689
Betul,2007,693.17,827.2350767702915,480.3136551273923,1174.1564984131905
Betul,2008,693.72,795.7873122053215,448.86589056244344,1142.7087338481997
Betul,2009,1047.62,725.8262310258388,378.9048093829708,1072.7476526687067
Betul,2010,1391.3,812.7423329234007,465.82091128053764,1159.6637545662638
Betul,2011,1562.95,1223.495657876766,876.5742362339054,1570.4170795196267
Betul,2012,2714.22,1312.5178326693572,965.5964110264977,1659.4392543122167
Betul,2013,2254.79,1955.5244544238694,1608.6030327810106,2302.4458760667285
Betul,2014,2241.06,1695.9954990267188,1349.0740773838602,2042.9169206695774
Betul,2015,1714.29,1969.0194186059916,1622.097996963133,2315.9408402488502
Betul,2016,2378.4117,1850.9944884618362,1504.0730668189778,2197.915910104695
Betul,2017,2577.6191,2025.4189150815428,1678.4974934386844,2372.340336724401
Betul,2018,2918.2076,2245.987495633982,1899.0660739911234,2592.90891727684
Betul,2019,2895.3425,2404.001440903129,2057.080019260271,2750.9228625459873
Betul,2020,3282.1769,2618.621593730479,2271.7001720876206,2965.5430153733378
Betul,2021,3459.3787,2828.5867229493538,2481.665301306495,3175.5081445922124
Betul,2022,3503.505,2992.2452221893254,2645.3238005464673,3339.1666438321836
Betul,2023,3578.0347,3127.709601965002,2780.7881803221435,3474.6310236078607
Betul,2024,4060.4975,3355.8993493475214,3008.9779277046628,3702.82077099038
Betul,2025,4380.7618,3617.441159860839,3270.5197382179804,3964.3625815036976
Bhagalpur,2006,2521.85,1268.3007987507883,809.6313025346466,1726.97029496693
Bhagalpur,2007,1126.03,1605.3155234617916,1146.6461066409493,2063.984940282634
Bhagalpur,2008,504.37,1467.2486245402529,1008.5792645976954,1925.9179844828104
Bhagalpur,2009,1690.41,1042.2226993820827,583.5533801867875,1500.892018577378
Bhagalpur,2010,1707.05,1192.336865296957,733.6675752927677,1651.0061553011465
Bhagalpur,2011,3731.08,1412.9872295984605,954.3179605066185,1871.6564986903027
Bhagalpur,2012,2725.25,1731.8601008701069,1273.1908467597582,2190.5293549804555
Bhagalpur,2013,2727.85,1820.4989509804016,1361.829707602716,2279.168194358087
Bhagalpur,2014,3377.02,2022.9151354740263,1564.245899785165,2481.5843711628877
Bhagalpur,2015,3094.68,2203.555567505098,1744.886337324471,2662.224797685725
Bhagalpur,2016,3109.3274,2255.084501871812,1796.4152756372555,2713.7537281063683
Bhagalpur,2017,3908.8185,2392.2003132847294,1933.5310898771183,2850.8695366923407
Bhagalpur,2018,3631.0109,2590.199040473306,2131.5298190909043,3048.8682618557077
Bhagalpur,2019,4224.8689,2748.1758377112674,2289.5066177797153,3206.8450576428195
Bhagalpur,2020,4286.4442,2952.9027346967637,2494.233515804593,3411.5719535889343
Bhagalpur,2021,4611.7587,3145.6596334046803,2686.990415257117,3604.3288515522436
Bhagalpur,2022,4537.701,3343.6159152037308,2884.9466975896007,3802.285132817861
Bhagalpur,2023,4422.4135,3498.2281039401123,3039.5588867081315,3956.897321172093
Bhagalpur,2024,5370.8227,3651.746851377129,3193.0776344189176,4110.41606833534
Bhagalpur,2025,5314.3035,3889.22811414241,3430.5588973803256,4347.897330904494
Bhandara,2006,1307.33,1411.827670768705,939.0961079582473,1884.5592335791628
Bhandara,2007,1738.22,1376.7996344646267,904.1302347202516,1849.4690342090018
Bhandara,2008,729.32,1068.4360268328996,595.8231990570123,1541.048854608787
Bhandara,2009,1055.63,919.3178760885685,446.7565573525921,1391.8791948245448
Bhandara,2010,1604.99,1553.8676426434795,1081.3532441042641,2026.3820411826948
Bhandara,2011,1732.7,1099.277199818623,626.8055588570979,1571.7488407801484
Bhandara,2012,1982.65,1321.479790057932,849.0471278155233,1793.9124523003406
Bhandara,2013,1639.96,1736.8198417603637,1264.4227253745935,2209.216958146134
Bhandara,2014,1822.56,1132.6753396955612,660.3106486404012,1605.0400307507211
Bhandara,2015,1549.14,1223.8472635791231,751.5121596022423,1696.182367556004
Bhandara,2016,1810.3178,1335.0281500453173,862.7200502666351,1807.3362498239994
Bhandara,2017,2007.7288,1452.543837408168,980.2603902047076,1924.8272846116283
Bhandara,2018,1838.9898,1314.0582963498903,841.7973597029323,1786.3192329968483
Bhandara,2019,1954.843,1375.8702101511178,903.6298321747614,1848.1105881274743
Bhandara,2020,2272.0895,1582.77551968458,1110.5539210913903,2054.99711827777
Bhandara,2021,2223.1349,1534.9651322329994,1062.7606905235655,2007.1695739424333
Bhandara,2022,2191.9287,1499.6359861013118,1027.4472212911583,1971.8247509114653
Bhandara,2023,2180.0801,1478.1716896808691,1005.9972514009906,1950.3461279607477
Bhandara,2024,2454.2754,1659.8052126053901,1187.643868432326,2131.966556778454
Bhandara,2025,2329.8613,1562.9646560004003,1090.8152808887269,2035.1140311120737
Bharatpur,2006,1049.3,1610.8878638479218,871.9118367565751,2349.8638909392685
Bharatpur,2007,1801.72,1353.6844432746443,614.7084161832976,2092.660470365991
Bharatpur,2008,1336.84,1645.131869617047,906.1558425257002,2384.1078967083936
Bharatpur,2009,1704.92,1003.9416334901316,264.96560639878487,1742.9176605814782
Bharatpur,2010,2018.02,1743.1119159497803,1004.1358888584335,2482.087943041127
Bharatpur,2011,2380.14,1831.0169491393067,1092.04092204796,2569.9929762306533
Bharatpur,2012,1959.73,1933.586605172206,1194.6105780808593,2672.5626322635526
Bharatpur,2013,2004.24,2228.7970687145244,1489.8210416231777,2967.773095805871
Bharatpur,2014,2193.18,2074.68692978397,1335.7109026926232,2813.6629568753165
Bharatpur,2015,2291.19,2168.9556114541906,1429.979584362844,2907.931638545537
Bharatpur,2016,2505.3046,2065.218275506078,1326.2422484147314,2804.1943025974247
Bharatpur,2017,2573.3263,2261.253608289283,1522.2775811979363,3000.2296353806296
Bharatpur,2018,2701.1813,2390.2317834417236,1651.255756350377,3129.20781053307
Bharatpur,2019,2895.6794,2500.555059103756,1761.5790320124092,3239.5310861951025
Bharatpur,2020,3018.7454,2663.833027420807,1924.8570003294603,3402.8090545121536
Bharatpur,2021,3086.2437,2826.2311406643657,2087.255113573019,3565.2071677557124
Bharatpur,2022,3090.5737,2968.150218445031,2229.1741913536844,3707.1262455363776
Bharatpur,2023,3289.285,3002.493340377504,2263.5173132861573,3741.4693674688506
Bharatpur,2024,3386.8908,3129.6331823704286,2390.657155279082,3868.609209461775
Bharatpur,2025,3455.081,3253.0781086320544,2514.102081540708,3992.054135723401
Bharuch,2006,1087.87,1410.8085974670307,979.96691795033,1841.6502769837316
Bharuch,2007,1225.19,1113.8781951095498,683.0365155931252,1544.7198746259744
Bharuch,2008,1326.8,993.8869315019092,563.0452519856242,1424.7286110181942
Bharuch,2009,1040.0,839.0499143657071,408.2082348494925,1269.8915938819216
Bharuch,2010,1396.83,1279.8267342982135,848.9850547820346,1710.6684138143924
Bharuch,2011,1293.55,1136.4153525519218,705.573673035761,1567.2570320680827
Bharuch,2012,1423.08,1041.8109395829329,610.969260066781,1472.6526190990849
Bharuch,2013,1253.86,1431.1027239805862,1000.261044464439,1861.9444034967335
Bharuch,2014,1400.19,1125.2915143914151,694.4498348752702,1556.13319390756
Bharuch,2015,1102.03,1156.310486312162,725.4688067960183,1587.152165828306
Bharuch,2016,1338.2307,1153.1060221648127,722.2643426486694,1583.947701680956
Bharuch,2017,1378.6852,1192.5348351578737,761.6931556417308,1623.3765146740166
Bharuch,2018,1337.2216,1171.3902261911671,740.5485466750243,1602.23190570731
Bharuch,2019,1378.2359,1205.6623615457368,774.8206820295941,1636.5040410618794
Bharuch,2020,1348.196,1189.0666673812734,758.2249878651307,1619.908346897416
Bharuch,2021,1411.6747,1238.0953819641827,807.25370244804,1668.9370614803254
Bharuch,2022,1409.5828,1242.5761004727244,811.7344209565817,1673.417779988867
Bharuch,2023,1440.6597,1269.7956140732053,838.9539345570627,1700.637293589348
Bharuch,2024,1395.5796,1241.5346417641222,810.6929622479795,1672.3763212802648
Bharuch,2025,1454.4728,1285.679625267478,854.8379457513354,1716.5213047836207
Bhatinda,2006,4131.72,4084.683332694124,3468.2045711484125,4701.162094239836
Bhatinda,2007,4236.2,4203.970829961104,3587.492068415392,4820.4495915068155
Bhatinda,2008,4352.57,4203.389204104131,3586.910442558419,4819.8679656498425
Bhatinda,2009,4398.92,3901.853407507613,3285.3746459619015,4518.332169053325
Bhatinda,2010,4091.28,4590.7251627453115,3974.2464011996,5207.203924291023
Bhatinda,2011,4016.82,4211.118628699021,3594.6398671533098,4827.597390244733
Bhatinda,2012,4248.3,4060.2095922217995,3443.730830676088,4676.688353767511
Bhatinda,2013,4346.45,4340.575395146872,3724.0966336011606,4957.054156692584
Bhatinda,2014,4133.3,4434.081618764582,3817.6028572188707,5050.560380310294
Bhatinda,2015,4310.95,4206.928091094918,3590.4493295492066,4823.40685264063
Bhatinda,2016,4263.3024,4005.480805892288,3389.0020443465764,4621.959567438
Bhatinda,2017,4277.0264,4227.558554046354,3611.0797925006427,4844.037315592066
Bhatinda,2018,4238.4011,4318.489075193649,3702.0103136479374,4934.967836739361
Bhatinda,2019,4309.7649,4164.001350582046,3547.5225890363345,4780.480112127758
Bhatinda,2020,4227.8156,4393.1886739809215,3776.70991243521,5009.667435526633
Bhatinda,2021,4282.0008,4180.11144252606,3563.6326809803486,4796.590204071772
Bhatinda,2022,4276.5923,4281.009914131893,3664.5311525861816,4897.488675677605
Bhatinda,2023,4227.3561,4334.645605288166,3718.166843742454,4951.1243668338775
Bhatinda,2024,4273.0173,4184.730167561283,3568.251406015572,4801.208929106995
Bhatinda,2025,4209.4611,4339.973897059344,3723.4951355136327,4956.452658605056
Bhavnagar,2016,1763.2612,1984.3824382685552,1203.3801982589098,2765.3846782782007
Bhavnagar,2017,1828.2615,1897.425700480183,1116.4234604705666,2678.4279404897993
Bhavnagar,2018,2148.1608,1805.6136237520445,1024.6113837424405,2586.6158637616486
Bhavnagar,2019,1961.5965,1971.5599076056637,1190.557667596065,2752.562147615263
Bhavnagar,2020,2037.8241,1955.4395320920194,1174.4372920824228,2736.441772101616
Bhavnagar,2021,2102.0596,1974.1880751909885,1193.1858351813928,2755.1903152005843
Bhavnagar,2022,2072.9586,2029.8110766774194,1248.808836667824,2810.813316687015
Bhavnagar,2023,2048.5657,2055.013127196848,1274.0108871872528,2836.0153672064434
Bhavnagar,2024,1664.3664,2144.2973090235987,1363.2950690140037,2925.2995490331937
Bhavnagar,2025,1660.9114,1982.950939344447,1201.9486993348519,2763.9531793540423
Bhilwara,2006,1571.43,1516.7191148448273,908.6489911289111,2124.789238560744
Bhilwara,2007,2000.0,1450.5061481597722,842.436024445588,2058.5762718739566
Bhilwara,2008,1785.71,1780.538518617831,1172.4683949042308,2388.608642331431
Bhilwara,2009,1511.63,1411.0155964037986,802.9454726903954,2019.0857201172016
Bhilwara,2010,2025.64,1766.6997600166196,1158.629636303283,2374.7698837299563
Bhilwara,2011,1864.86,1988.5425358074299,1380.4724120941155,2596.6126595207443
Bhilwara,2012,1730.77,1838.5272585200146,1230.4571348067077,2446.5973822333217
Bhilwara,2013,2172.41,1936.627037970724,1328.5569142574195,2544.6971616840283
Bhilwara,2014,2196.08,1922.7247447698528,1314.6546210565493,2530.7948684831563
Bhilwara,2015,2000.0,2021.986224364632,1413.916100651329,2630.056348077935
Bhilwara,2016,2135.5008,2005.2129926158068,1397.1428689025038,2613.28311632911
Bhilwara,2017,2240.5752,2071.9889666284253,1463.9188429151222,2680.0590903417283
Bhilwara,2018,2250.513,2142.773369090436,1534.703245377133,2750.843492803739
Bhilwara,2019,2221.7734,2183.1404863008856,1575.0703625875826,2791.2106100141887
Bhilwara,2020,2364.2456,2216.2037113818888,1608.1335876685857,2824.2738350951918
Bhilwara,2021,2313.5161,2270.6841994907527,1662.6140757774497,2878.7543232040557
Bhilwara,2022,2460.1929,2306.0566423513847,1697.9865186380816,2914.1267660646877
Bhilwara,2023,2424.4444,2365.002539958994,1756.932416245691,2973.072663672297
Bhilwara,2024,2508.7335,2399.4248257049576,1791.3547019916546,3007.4949494182606
Bhilwara,2025,2515.9515,2444.9994316645225,1836.9293079512195,3053.0695553778255
Bhind,2006,2024.39,2169.0819222440496,1574.3114844724555,2763.8523600156436
Bhind,2007,1333.33,2291.9539686258613,1697.1835308542702,2886.724406397452
Bhind,2008,1146.6,1975.712662137205,1380.9422243656152,2570.4830999087944
Bhind,2009,2187.5,1267.4652366426812,672.6947988710922,1862.2356744142703
Bhind,2010,2732.14,2121.4927928592956,1526.7223550877068,2716.263230630884
Bhind,2011,3250.0,2235.99650780017,1641.2260700285815,2830.7669455717587
Bhind,2012,2699.13,2538.2368315153144,1943.4663937437258,3133.007269286903
Bhind,2013,4335.42,2192.5314322563436,1597.760994484755,2787.301870027932
Bhind,2014,3445.0,3082.356487918213,2487.5860501466245,3677.1269256898017
Bhind,2015,4555.0,3065.6257718500033,2470.8553340784147,3660.396209621592
Bhind,2016,4478.9646,3768.1789603869915,3173.408522615403,4362.94939815858
Bhind,2017,4989.7614,3989.625348220092,3394.8549104485032,4584.395785991681
Bhind,2018,5061.6934,4328.646538447042,3733.8761006754535,4923.41697621863
Bhind,2019,5760.2203,4548.728095302201,3953.9576575306123,5143.498533073789
Bhind,2020,6029.4769,4949.135497648415,4354.365059876827,5543.9059354200035
Bhind,2021,6333.8696,5304.034379645249,4709.26394187366,5898.804817416838
Bhind,2022,6704.3459,5638.862042071893,5044.0916043003035,6233.632479843482
Bhind,2023,7049.7061,5986.871148411034,5392.1007106394445,6581.641586182623
Bhind,2024,7321.5105,6337.4349769807395,5742.6645392091505,6932.205414752329
Bhind,2025,7722.705,6655.544058380356,6060.773620608767,7250.314496151945
Bidar,2006,638.66,685.5853876336696,-102.7943490467519,1473.965124314091
Bidar,2007,624.27,758.873060678603,-29.506676001818505,1547.2527973590245
Bidar,2008,743.64,459.7320184191067,-328.6477182613148,1248.1117550995282
Bidar,2009,765.87,650.5559605829903,-137.82377609743116,1438.9356972634118
Bidar,2010,784.99,916.117612856383,127.73787617596145,1704.4973495368044
Bidar,2011,687.21,620.8700021260629,-167.5097345543586,1409.2497388064844
Bidar,2012,987.85,499.1066295671026,-289.27310711331893,1287.486366247524
Bidar,2013,1551.82,915.4541536560673,127.07441697564582,1703.8338903364888
Bidar,2014,966.02,1185.4500621681009,397.0703254876794,1973.8297988485224
Bidar,2015,851.61,1000.2175930714257,211.83785639100415,1788.5973297518472
Bidar,2016,1164.5692,1034.9728532660083,246.5931165855868,1823.3525899464298
Bidar,2017,1251.2909,1102.5999185219407,314.2201818415192,1890.9796552023622
Bidar,2018,1299.6357,1170.5640442165932,382.1843075361717,1958.9437808970147
Bidar,2019,1330.6107,1223.707628629165,435.3278919487434,2012.0873653095864
Bidar,2020,1386.3093,1271.4216907068512,483.0419540264297,2059.8014273872727
Bidar,2021,1362.6975,1303.1632959418002,514.7835592613787,2091.5430326222217
Bidar,2022,1615.985,1376.2751896087184,587.8954529282969,2164.65492628914
Bidar,2023,1556.806,1464.8851573754837,676.5054206950622,2253.264894055905
Bidar,2024,1612.1931,1504.6682330376316,716.2884963572101,2293.047969718053
Bidar,2025,1711.435,1563.8462499986408,775.4665133182193,2352.2259866790623
Bijapur / Vijayapura,2006,2687.5,2680.8876829301207,1936.1955914312302,3425.579774429011
Bijapur / Vijayapura,2007,2888.89,2833.286250108167,2088.5941586092767,3577.9783416070577
Bijapur / Vijayapura,2008,3100.0,2704.4593629928713,1959.7672714939808,3449.151454491762
Bijapur / Vijayapura,2009,2875.0,2862.588111364069,2117.8960198651785,3607.2802028629594
Bijapur / Vijayapura,2010,2809.52,3227.050727320756,2482.3586358218654,3971.7428188196463
Bijapur / Vijayapura,2011,2611.11,2619.997567173656,1875.3054756747656,3364.6896586725466
Bijapur / Vijayapura,2012,2533.33,2412.8207268543983,1668.1286353555079,3157.512818353289
Bijapur / Vijayapura,2013,3100.0,2771.155398685827,2026.4633071869366,3515.8474901847176
Bijapur / Vijayapura,2014,2875.0,3009.49543750164,2264.8033460027495,3754.1875290005305
Bijapur / Vijayapura,2015,2875.0,2784.5580404051234,2039.865948906233,3529.250131904014
Bijapur / Vijayapura,2016,2751.003,2895.8166063873214,2151.124514888431,3640.508697886212
Bijapur / Vijayapura,2017,2826.5574,2749.212267565422,2004.5201760665313,3493.9043590643123
Bijapur / Vijayapura,2018,2873.8234,2799.270943402977,2054.5788519040866,3543.9630349018676
Bijapur / Vijayapura,2019,2839.3418,2850.5358069608665,2105.843715461976,3595.227898459757
Bijapur / Vijayapura,2020,2862.073,2823.7912770839803,2079.09918558509,3568.4833685828708
Bijapur / Vijayapura,2021,2860.9219,2841.659475298963,2096.9673838000726,3586.3515667978536
Bijapur / Vijayapura,2022,2906.9911,2840.6979006554475,2096.005809156557,3585.389992154338
Bijapur / Vijayapura,2023,2912.7193,2882.8861595338744,2138.194068034984,3627.578251032765
Bijapur / Vijayapura,2024,2890.1655,2894.220018513552,2149.5279270146616,3638.9121100124426
Bijapur / Vijayapura,2025,2830.6318,2877.438860467254,2132.7467689683635,3622.1309519661445
Bijnor,2006,2582.88,2738.626012075821,2244.5928019156263,3232.659222236016
Bijnor,2007,2575.56,2587.059426419839,2093.026216259644,3081.0926365800337
Bijnor,2008,2523.01,2687.7930333673257,2193.759823207131,3181.8262435275205
Bijnor,2009,2402.18,2407.2670512282616,1913.2338410680668,2901.3002613884564
Bijnor,2010,2242.65,2637.4202495885615,2143.3870394283667,3131.4534597487564
Bijnor,2011,2394.82,2287.6826638977122,1793.6494537375174,2781.715874057907
Bijnor,2012,2746.28,2199.847550353973,1705.8143401937782,2693.880760514168
Bijnor,2013,2329.05,2677.482744671866,2183.449534511671,3171.5159548320607
Bijnor,2014,2615.95,2312.487106017067,1818.4538958568724,2806.520316177262
Bijnor,2015,2590.07,2542.025448360935,2047.9922382007403,3036.05865852113
Bijnor,2016,2560.3506,2660.4986977027947,2166.4654875426,3154.5319078629896
Bijnor,2017,2504.9472,2576.091496986667,2082.0582868264723,3070.124707146862
Bijnor,2018,2568.0526,2546.9847628722064,2052.9515527120116,3041.017973032401
Bijnor,2019,2563.4051,2556.8281721433914,2062.7949619831966,3050.861382303586
Bijnor,2020,2561.6401,2558.1567473640202,2064.1235372038254,3052.189957524215
Bijnor,2021,2546.3878,2553.330894906126,2059.2976847459313,3047.364105066321
Bijnor,2022,2579.6486,2556.6950959683786,2062.661885808184,3050.7283061285734
Bijnor,2023,2519.0918,2550.5293621657474,2056.4961520055526,3044.5625723259423
Bijnor,2024,2540.3218,2534.2821023675065,2040.2488922073117,3028.3153125277013
Bijnor,2025,2543.0979,2536.6574658377535,2042.6242556775587,3030.6906759979483
Bikaner,2006,1000.0,1733.0978217012016,1005.8771938826909,2460.3184495197124
Bikaner,2008,1777.78,1235.8960386767103,509.78225915472444,1962.0098181986962
Bikaner,2009,1666.67,1525.6232870121403,800.502051324722,2250.7445226995587
Bikaner,2010,2000.0,2124.8843189636427,1400.6581591860163,2849.110478741269
Bikaner,2011,2000.0,1947.6027625690222,1224.1878950648695,2671.0176300731746
Bikaner,2012,1666.67,1714.5937760177603,991.9176540165229,2437.269898018998
Bikaner,2013,2000.0,1610.4612941666292,888.4606841284526,2332.4619042048057
Bikaner,2014,2000.0,1445.7595734051356,724.3790261637406,2167.1401206465307
Bikaner,2015,1500.0,1668.901413629692,948.0920369160035,2389.7107903433803
Bikaner,2016,1995.3014,1921.4565415391535,1201.1750052913749,2641.738077786932
Bikaner,2017,1983.8549,1877.5809944708271,1157.788717886407,2597.373271055247
Bikaner,2018,2048.0791,1940.3409727637772,1221.003454647556,2659.678490879998
Bikaner,2019,2131.5109,2029.92729280811,1311.0135559366859,2748.841029679534
Bikaner,2020,2342.927,2297.8021911592677,1579.2843181321434,3016.3200641863923
Bikaner,2021,2381.5558,2322.616855087046,1604.4695981635623,3040.76411201053
Bikaner,2022,2252.0025,2112.8299012767748,1395.0303524832045,2830.6294500703452
Bikaner,2023,2429.8616,2334.7047653187783,1617.232075987601,3052.1774546499555
Bikaner,2024,2240.9276,2043.0262857429152,1325.8614268539784,2760.191144631852
Bikaner,2025,2418.7008,2266.250386743148,1549.3759431446724,2983.1248303416232
Bilashpur,2006,2601.35,1364.400297482524,787.8031593983699,1940.997435566678
Bilashpur,2007,2250.0,1604.1223286080294,1027.525191762214,2180.719465453845
Bilashpur,2008,2089.74,1817.6855947427416,1241.0884586626314,2394.2827308228516
Bilashpur,2009,1973.68,1639.5892687374587,1062.9921331308092,2216.1864043441083
Bilashpur,2010,2072.85,1951.3900788606707,1374.7929435467772,2527.987214174564
Bilashpur,2011,2073.33,1955.7518083461205,1379.154673213248,2532.3489434789926
Bilashpur,2012,2106.67,1913.6054792702357,1337.0083442492946,2490.202614291177
Bilashpur,2013,2075.34,1987.8269785738598,1411.2298436221292,2564.4241135255907
Bilashpur,2014,2291.67,1894.8355061327015,1318.238371223766,2471.432641041637
Bilashpur,2015,2076.92,2009.419755257085,1432.8226203746112,2586.0168901395587
Bilashpur,2016,2078.7181,2017.2660652882457,1440.668930422134,2593.8632001543574
Bilashpur,2017,2094.059,2021.4168029326056,1444.8196680766114,2598.0139377886
Bilashpur,2018,1916.9643,2033.0329552702528,1456.4358204205143,2609.630090119991
Bilashpur,2019,1965.0772,1998.4066469478944,1421.8095121020242,2575.0037817937646
Bilashpur,2020,1882.3175,1984.894971848108,1408.2978370046296,2561.4921066915867
Bilashpur,2021,1952.3792,1952.5538587917058,1375.9567239497064,2529.150993633705
Bilashpur,2022,1796.2942,1948.0616310767837,1371.4644962356988,2524.6587659178685
Bilashpur,2023,1850.678,1905.6262622903769,1329.0291274498572,2482.2233971308965
Bilashpur,2024,1814.5479,1886.279389055117,1309.682254214947,2462.876523895287
Bilashpur,2025,1781.3754,1863.2519852334492,1286.6548503934955,2439.849120073403
Bilaspur,2006,1581.33,1406.8175742802705,983.6443562098034,1829.9907923507376
Bilaspur,2007,1619.32,1376.5835274690317,953.4103093985646,1799.7567455394988
Bilaspur,2008,1428.76,1327.74448010392,904.571262033453,1750.9176981743872
Bilaspur,2009,1427.57,1291.4805698601986,868.3073517897315,1714.6537879306657
Bilaspur,2010,1889.83,1651.118528777717,1227.94531070725,2074.291746848184
Bilaspur,2011,2079.01,1691.1325469143849,1267.9593288439178,2114.305764984852
Bilaspur,2012,2337.61,1866.0630126012666,1442.8897945307995,2289.2362306717337
Bilaspur,2013,2171.95,1959.0945755269122,1535.921357456445,2382.2677935973793
Bilaspur,2014,2310.43,1993.210323822882,1570.0371057524148,2416.383541893349
Bilaspur,2015,1831.92,2042.5344405863052,1619.361222515838,2465.7076586567723
Bilaspur,2016,2327.1792,2141.7370383692214,1718.5638202987543,2564.9102564396885
Bilaspur,2017,2426.3052,2229.9848986434627,1806.8116805729956,2653.1581167139298
Bilaspur,2018,2464.8918,2290.0725245902513,1866.8993065197842,2713.2457426607184
Bilaspur,2019,2561.0839,2372.3928324289764,1949.2196143585093,2795.5660504994435
Bilaspur,2020,2571.6362,2414.288198292188,1991.114980221721,2837.461416362655
Bilaspur,2021,2564.6331,2433.791824943528,2010.6186068730608,2856.965043013995
Bilaspur,2022,2844.3136,2596.963123031226,2173.789904960759,3020.1363411016932
Bilaspur,2023,2848.355,2659.4019929579335,2236.2287748874664,3082.5752110284006
Bilaspur,2024,3017.8232,2787.0210612253877,2363.8478431549206,3210.194279295855
Bilaspur,2025,3137.8515,2905.14855049325,2481.9753324227827,3328.321768563717
Birbhum,2006,3128.35,2872.640641655626,2400.1344886298784,3345.1467946813736
Birbhum,2007,3098.22,3060.613741005788,2588.1075879800405,3533.1198940315358
Birbhum,2008,3077.94,3105.9837963404157,2633.477643314668,3578.4899493661633
Birbhum,2009,2685.96,3114.6611040260673,2642.1549510003197,3587.167257051815
Birbhum,2010,3003.45,2793.2703795258594,2320.764226500112,3265.776532551607
Birbhum,2011,2912.53,2936.9550776064943,2464.4489245807467,3409.461230632242
Birbhum,2012,2913.89,2954.3948249159857,2481.888671890238,3426.9009779417333
Birbhum,2013,3312.71,2946.948233001848,2474.4420799761006,3419.454386027596
Birbhum,2014,3279.91,3166.713661450124,2694.2075084243766,3639.2198144758718
Birbhum,2015,3355.79,3228.03556211852,2755.5294090927723,3700.5417151442675
Birbhum,2016,3255.5214,3317.546441312656,2845.0402882869084,3790.0525943384037
Birbhum,2017,3363.7602,3272.6742339227703,2800.1680808970227,3745.180386948518
Birbhum,2018,3310.0103,3339.230532177371,2866.7243791516235,3811.7366852031187
Birbhum,2019,3292.0681,3322.2350539963572,2849.7289009706096,3794.741207022105
Birbhum,2020,3309.1813,3303.065475082438,2830.5593220566902,3775.5716281081855
Birbhum,2021,3367.6167,3306.7981182794383,2834.2919652536907,3779.304271305186
Birbhum,2022,3359.9514,3350.723128850564,2878.2169758248165,3823.2292818763117
Birbhum,2023,3418.7621,3356.5694915352815,2884.063338509534,3829.075644561029
Birbhum,2024,3485.8577,3398.1504691840764,2925.644316158329,3870.656622209824
Birbhum,2025,3608.4316,3454.6899144486765,2982.183761422929,3927.196067474424
Bolangir,2006,1724.58,1709.7113446820508,1359.6706946216023,2059.7519947424994
Bolangir,2007,1899.15,1622.6137756551116,1272.5731255946666,1972.6544257155565
Bolangir,2008,1640.07,1613.7768161542049,1263.7361660937615,1963.8174662146482
Bolangir,2009,1845.64,1442.2546506077592,1092.2140005473168,1792.2953006682017
Bolangir,2010,2105.38,1354.9397429971746,1004.8990929367324,1704.9803930576168
Bolangir,2011,1191.28,1777.1759236024327,1427.1352735419907,2127.216573662875
Bolangir,2012,3606.49,1651.7740384205845,1301.7333883601425,2001.8146884810265
Bolangir,2013,3142.45,2399.513645846628,2049.4729957861864,2749.55429590707
Bolangir,2014,3208.79,2651.9150867713524,2301.8744367109107,3001.955736831794
Bolangir,2015,1579.68,2482.4694123788495,2132.4287623184077,2832.5100624392912
Bolangir,2016,2893.0026,2262.6925113392863,1912.6518612788445,2612.733161399728
Bolangir,2017,2932.125,2406.2746581722927,2056.234008111851,2756.3153082327344
Bolangir,2018,2544.2474,2393.705137394172,2043.6644873337304,2743.745787454614
Bolangir,2019,3347.2071,2597.6187785757825,2247.5781285153407,2947.659428636224
Bolangir,2020,3843.7226,2910.9004222013277,2560.859772140886,3260.9410722617695
Bolangir,2021,3357.06,3003.8243049411262,2653.7836548806845,3353.864955001568
Bolangir,2022,3561.8199,3103.648326054572,2753.60767599413,3453.6889761150137
Bolangir,2023,3764.5174,3237.3564895981995,2887.3158395377577,3587.397139658641
Bolangir,2024,3724.95,3324.590038352634,2974.5493882921924,3674.630688413076
Bolangir,2025,4146.6112,3501.7870312965756,3151.746381236134,3851.8276813570174
Bombay,2016,2427.3237,2033.2893231500561,1521.0684091663124,2545.5102371338
Bombay,2017,2454.4314,2067.1683851059406,1555.5249642797464,2578.811805932135
Bombay,2018,2453.7893,2090.51458054551,1579.396874737311,2601.632286353709
Bombay,2019,2487.7269,2123.7909071324443,1613.1538038031301,2634.4280104617583
Bombay,2020,2490.6537,2145.9412684928975,1635.7452235515786,2656.1373134342166
Bombay,2021,2473.4795,2159.9038977274063,1650.1140552149661,2669.6937402398466
Bombay,2022,2573.3021,2211.6949264997365,1702.2804056341852,2721.109447365288
Bombay,2023,2446.3814,2188.1510401685546,1679.0843529662402,2697.217727370869
Bombay,2024,2606.4676,2257.5396470220785,1748.7962188092092,2766.283075234948
Bombay,2025,2713.2155,2311.649214608041,1803.2069863520812,2820.0914428640003
Budaun,2006,1839.3,1501.8514051490042,1129.0552106894934,1874.647599608515
Budaun,2007,1784.49,1653.8458159580691,1281.0496214985583,2026.64201041758
Budaun,2008,1762.95,2061.022828308592,1688.2266338490813,2433.819022768103
Budaun,2009,2010.05,1571.2162076647032,1198.4200132051924,1944.012402124214
Budaun,2010,1885.13,2092.708544947444,1719.912350487933,2465.5047394069547
Budaun,2011,2153.34,1981.1688396298118,1608.372645170301,2353.9650340893227
Budaun,2012,1889.91,1837.3748985623643,1464.5787041028534,2210.171093021875
Budaun,2013,2218.83,2014.33604525583,1641.5398507963191,2387.132239715341
Budaun,2014,2072.08,1819.8884796789434,1447.0922852194326,2192.6846741384543
Budaun,2015,1920.98,2026.5224549792933,1653.7262605197825,2399.318649438804
Budaun,2016,2133.134,2022.7438627295196,1649.9476682700088,2395.5400571890304
Budaun,2017,2197.9846,2101.592074177143,1728.795879717632,2474.3882686366537
Budaun,2018,2114.3185,2015.8180645291059,1643.021870069595,2388.6142589886167
Budaun,2019,2182.6631,2092.1537183155106,1719.3575238559997,2464.9499127750214
Budaun,2020,2235.2013,2147.593316888837,1774.797122429326,2520.3895113483477
Budaun,2021,2240.1248,2151.064731297609,1778.268536838098,2523.8609257571197
Budaun,2022,2292.346,2205.4136391672264,1832.6174447077155,2578.2098336267372
Budaun,2023,2394.0343,2311.033704343785,1938.237509884274,2683.8298988032957
Budaun,2024,2306.6482,2214.312643897986,1841.5164494384753,2587.108838357497
Budaun,2025,2373.9971,2286.3935708046083,1913.5973763450975,2659.189765264119
Buland Shahar,2006,2208.21,2227.0746747933663,1674.3338917195456,2779.815457867187
Buland Shahar,2007,2285.74,2198.0073930602275,1645.2666099864068,2750.748176134048
Buland Shahar,2008,2323.77,2363.3149407506753,1810.5741576768546,2916.055723824496
Buland Shahar,2009,2310.29,2295.575657392472,1742.8348743186511,2848.3164404662925
Buland Shahar,2010,2269.81,2358.2126837626756,1805.471900688855,2910.9534668364963
Buland Shahar,2011,2403.27,2297.7037738056197,1744.962990731799,2850.4445568794404
Buland Shahar,2012,2738.59,2296.17823652663,1743.4374534528092,2848.9190196004506
Buland Shahar,2013,2640.75,2601.634853885706,2048.8940708118853,3154.3756369595267
Buland Shahar,2014,2588.11,2520.4483726256512,1967.7075895518306,3073.189155699472
Buland Shahar,2015,2688.13,2590.6022147611197,2037.861431687299,3143.3429978349404
Buland Shahar,2016,2686.581,2639.213048011669,2086.472264937848,3191.9538310854896
Buland Shahar,2017,2795.7698,2704.1920944284166,2151.451311354596,3256.9328775022373
Buland Shahar,2018,2873.6571,2773.9070054307017,2221.166222356881,3326.6477885045224
Buland Shahar,2019,2928.4609,2831.4717952522333,2278.7310121784126,3384.212578326054
Buland Shahar,2020,2959.4456,2869.3020606583586,2316.561277584538,3422.0428437321793
Buland Shahar,2021,3073.569,2965.419386736344,2412.6786036625235,3518.160169810165
Buland Shahar,2022,3076.4278,2989.2064050531544,2436.4656219793337,3541.947188126975
Buland Shahar,2023,3189.872,3082.932970113103,2530.192187039282,3635.6737531869235
Buland Shahar,2024,3162.2522,3082.9584998119394,2530.2177167381187,3635.69928288576
Buland Shahar,2025,3284.9484,3178.6022705458277,2625.861487472007,3731.3430536196483
Buldhana,2016,1222.1411,1071.0913475572597,612.7593851956082,1529.4233099189114
Buldhana,2017,1098.456,1084.4560553062156,626.124092944564,1542.7880176678673
Buldhana,2018,1115.5361,1096.9308353340257,638.5988729723741,1555.2627976956774
Buldhana,2019,1131.8609,1111.346394370299,653.0144320086475,1569.6783567319508
Buldhana,2020,1180.1357,1142.5139294880846,684.181967126433,1600.8458918497363
Buldhana,2021,1250.384,1193.3430895093725,735.0111271477209,1651.6750518710242
Buldhana,2022,1185.0239,1187.214987062639,728.8830247009874,1645.5469494242907
Buldhana,2023,1248.6144,1214.3007775033866,755.968815141735,1672.6327398650383
Buldhana,2024,1209.8078,1209.592503650424,751.2605412887725,1667.9244660120758
Buldhana,2025,1194.3254,1198.9130790472673,740.5811166856157,1657.245041408919
Bundi,2006,1720.81,1544.8950885337933,844.5640870649959,2245.226090002591
Bundi,2007,2330.58,1458.8067759183864,758.4759373538291,2159.1376144829437
Bundi,2008,1849.86,1682.724894835285,982.3941753049451,2383.055614365625
Bundi,2009,867.5,1245.9160579520371,545.5854254001298,1946.2466905039446
Bundi,2010,1876.42,1687.4684925566146,987.1379235599782,2387.799061553251
Bundi,2011,1631.86,1670.2365310376676,969.9060084809812,2370.567053594354
Bundi,2012,1977.21,1523.113927193474,822.783438570552,2223.444415816396
Bundi,2013,2441.47,1880.1418132138974,1179.8113493864505,2580.4722770413446
Bundi,2014,2220.84,1858.6912381598759,1158.360792450539,2559.0216838692127
Bundi,2015,2228.3,1954.2873399488344,1253.956907478443,2654.6177724192257
Bundi,2016,2247.8663,1940.6741891763133,1240.3437663796515,2641.004611972975
Bundi,2017,2171.5872,2002.8260078088224,1302.4955920807786,2703.156423536866
Bundi,2018,2556.5096,2042.3432789287092,1342.0128683657222,2742.673689491696
Bundi,2019,2288.1205,2135.5692976336236,1435.2388908447565,2835.8997044224907
Bundi,2020,2369.4878,2174.3879979827125,1474.0575939516045,2874.71840201382
Bundi,2021,2455.4898,2219.3850152396467,1519.0546132236404,2919.715417255653
Bundi,2022,2692.4203,2269.478215060909,1569.1478145173426,2969.8086156044756
Bundi,2023,2697.0704,2347.962884495885,1647.6324850282344,3048.293283963536
Bundi,2024,2800.101,2415.1985842441145,1714.8681855626378,3115.528982925591
Bundi,2025,2899.2921,2487.6514406510587,1787.3210425440416,3187.981838758076
Burdwan,2006,3059.99,2891.714603632278,2584.3533488459375,3199.0758584186183
Burdwan,2007,2923.25,3036.6900592616666,2729.3288044753263,3344.051314048007
Burdwan,2008,2815.0,2974.0935778132543,2666.732323026914,3281.4548325995947
Burdwan,2009,3050.11,2932.4652736479493,2625.104018861609,3239.8265284342897
Burdwan,2010,2959.78,2942.681196871651,2635.3199420853107,3250.0424516579915
Burdwan,2011,2950.94,2967.0077566274945,2659.646501841154,3274.369011413835
Burdwan,2012,3239.63,3006.329321882973,2698.9680670966327,3313.6905766693135
Burdwan,2013,3337.72,3211.3655104254444,2904.004255639104,3518.726765211785
Burdwan,2014,3250.63,3233.771415451655,2926.4101606653144,3541.132670237995
Burdwan,2015,3369.98,3225.318641910027,2917.9573871236867,3532.6798966963675
Burdwan,2016,3337.984,3340.718309741138,3033.3570549547976,3648.0795645274784
Burdwan,2017,3449.7785,3340.983526099844,3033.6222713135035,3648.3447808861843
Burdwan,2018,3499.7496,3418.7387965545595,3111.377541768219,3726.1000513409
Burdwan,2019,3569.8758,3477.266765404074,3169.9055106177334,3784.628020190414
Burdwan,2020,3552.5833,3542.7326308929887,3235.3713761066483,3850.093885679329
Burdwan,2021,3625.4324,3551.2918236608484,3243.930568874508,3858.653078447189
Burdwan,2022,3584.8299,3603.460085928349,3296.0988311420087,3910.8213407146895
Burdwan,2023,3726.9622,3592.9728435757193,3285.611588789379,3900.3340983620596
Burdwan,2024,3760.3247,3688.1958761170968,3380.8346213307564,3995.557130903437
Burdwan,2025,3885.8938,3741.2410132790355,3433.879758492695,4048.602268065376
Cachar,2006,1797.9,1947.6431012632625,1579.156374523988,2316.1298280025367
Cachar,2007,1387.43,1745.743615648934,1377.2568889096597,2114.2303423882086
Cachar,2008,2273.38,1611.5143492236987,1243.0276224844242,1980.0010759629731
Cachar,2009,2219.16,1981.3284841419418,1612.8417574026673,2349.815210881216
Cachar,2010,2140.96,2089.8589777403336,1721.372251001059,2458.345704479608
Cachar,2011,2238.54,2062.6110352373207,1694.1243084980463,2431.097761976595
Cachar,2012,2151.91,2067.1536737415536,1698.6669470022791,2435.640400480828
Cachar,2013,2012.73,2187.4235319493014,1818.936805210027,2555.9102586885756
Cachar,2014,2234.93,1987.524783108513,1619.0380563692386,2356.0115098477872
Cachar,2015,1971.57,2133.1056503341515,1764.618923594877,2501.5923770734257
Cachar,2016,2356.565,2108.2984145128707,1739.8116877735963,2476.785141252145
Cachar,2017,2255.5606,2210.4275240134584,1841.940797274184,2578.9142507527326
Cachar,2018,2302.9084,2226.8197249461273,1858.3329982068528,2595.3064516854015
Cachar,2019,2331.7003,2256.125946210253,1887.6392194709786,2624.612672949527
Cachar,2020,2509.3112,2279.7474037554466,1911.2606770161722,2648.234130494721
Cachar,2021,2363.3572,2376.1461389965134,2007.659412257239,2744.6328657357876
Cachar,2022,2429.2707,2368.9461368770444,2000.45941013777,2737.4328636163186
Cachar,2023,2571.0174,2387.861055206664,2019.3743284673894,2756.347781945938
Cachar,2024,2541.1994,2461.6479362608966,2093.1612095216224,2830.134663000171
Cachar,2025,2616.1554,2490.6350821980695,2122.1483554587953,2859.1218089373438
Chamba,2006,1476.19,1621.1435885476662,1227.0204855391817,2015.2666915561508
Chamba,2007,1236.16,1595.032545561549,1200.9094425530757,1989.155648570022
Chamba,2008,1232.21,1500.1006690050822,1105.977565996614,1894.2237720135504
Chamba,2009,1143.4,1324.9991903051352,930.8760872966691,1719.1222933136014
Chamba,2010,1206.11,1329.6354640817344,935.5123610732693,1723.7585670901994
Chamba,2011,1203.07,1307.4169205430885,913.2938175346238,1701.540023551553
Chamba,2012,1217.56,1269.0030131619108,874.8799101534462,1663.1261161703753
Chamba,2013,1204.72,1207.5542429215927,813.4311399131283,1601.677345930057
Chamba,2014,1321.43,1180.1687582607005,786.0456552522361,1574.291861269165
Chamba,2015,1204.82,1202.8552858787175,808.7321828702532,1596.9783888871818
Chamba,2016,1175.5577,1233.5521788486883,839.429075840224,1627.6752818571526
Chamba,2017,1161.4724,1210.2938778987082,816.1707748902438,1604.4169809071725
Chamba,2018,1122.6286,1195.444155290039,801.3210522815746,1589.5672582985032
Chamba,2019,1135.5864,1161.3779774714044,767.25487446294,1555.5010804798687
Chamba,2020,1136.1163,1145.717435636573,751.5943326281088,1539.8405386450374
Chamba,2021,1157.5169,1130.9643212180172,736.8412182095528,1525.0874242264815
Chamba,2022,1153.4284,1133.7975936184198,739.6744906099555,1527.9206966268841
Chamba,2023,1069.7449,1151.5353032992882,757.4122002908239,1545.6584063077526
Chamba,2024,1122.59,1105.8486696904722,711.7255666820079,1499.9717726989365
Chamba,2025,1099.1651,1109.5845791349057,715.4614761264413,1503.70768214337
Chamoli,2006,1396.48,1296.9034872741724,1158.8143488903245,1434.9926256580204
Chamoli,2007,1546.53,1298.0513489188802,1159.9622105350327,1436.1404873027277
Chamoli,2008,1470.36,1464.1679559616944,1326.0788175778468,1602.2570943455419
Chamoli,2009,1287.7,1463.0093585579557,1324.9202201741082,1601.0984969418032
Chamoli,2010,1464.77,1404.547109255996,1266.4579708721485,1542.6362476398435
Chamoli,2011,1359.64,1403.4026940072217,1265.3135556233742,1541.4918323910692
Chamoli,2012,1357.65,1398.7580493491148,1260.6689109652673,1536.8471877329623
Chamoli,2013,1313.61,1333.52115913268,1195.4320207488324,1471.6102975165275
Chamoli,2014,1290.95,1335.4450924800035,1197.355954096156,1473.534230863851
Chamoli,2015,1379.11,1319.7380017873752,1181.6488634035277,1457.8271401712227
Chamoli,2016,1318.1005,1351.0557491433158,1212.9666107594683,1489.1448875271633
Chamoli,2017,1295.1901,1338.0011833136894,1199.9120449298418,1476.0903216975369
Chamoli,2018,1264.9021,1322.732176086896,1184.6430377030485,1460.8213144707436
Chamoli,2019,1248.7999,1295.5597976631748,1157.4706592793273,1433.6489360470223
Chamoli,2020,1222.2289,1277.1688994148733,1139.0797610310258,1415.2580377987208
Chamoli,2021,1199.794,1253.4911936754388,1115.4020552915913,1391.5803320592863
Chamoli,2022,1177.2098,1230.4609830187974,1092.3718446349499,1368.550121402645
Chamoli,2023,1174.4376,1200.9861642763567,1062.8970258925092,1339.0753026602042
Chamoli,2024,1148.0378,1192.1523864149194,1054.063248031072,1330.241524798767
Chamoli,2025,1120.6113,1175.3061854211196,1037.217047037272,1313.3953238049671
Champaran,2006,920.93,1206.9890285467761,637.0558109367244,1776.922246156828
Champaran,2007,595.17,1378.0998389372437,808.1666213271963,1948.0330565472912
Champaran,2008,1531.83,918.1747425230683,348.2415249130228,1488.107960133114
Champaran,2009,882.59,995.6974896256088,425.7642720155642,1565.6307072356535
Champaran,2010,897.73,799.5545756654722,229.621358055428,1369.4877932755162
Champaran,2011,2058.82,1074.8126758325643,504.87945822252027,1644.7458934426083
Champaran,2012,2095.24,1380.7857974862252,810.8525798761812,1950.7190150962692
Champaran,2013,1593.73,1570.615599437909,1000.682381827865,2140.548817047953
Champaran,2014,2054.11,1602.1029878252946,1032.1697702152505,2172.0362054353386
Champaran,2015,1361.43,1668.3729094042076,1098.4396917941635,2238.3061270142516
Champaran,2016,2056.115,1576.6664095576507,1006.7331919476068,2146.5996271676945
Champaran,2017,2181.2845,1720.9725904834866,1151.0393728734425,2290.9058080935306
Champaran,2018,2319.3933,1862.9689053682441,1293.0356877582003,2432.902122978288
Champaran,2019,2370.887,1976.7335451120384,1406.8003275019946,2546.6667627220822
Champaran,2020,2581.4019,2119.3255110002947,1549.3922933902509,2689.2587286103385
Champaran,2021,2554.1185,2210.466562151585,1640.5333445415413,2780.399779761629
Champaran,2022,2718.0762,2321.8493788283304,1751.9161612182866,2891.782596438374
Champaran,2023,2881.4654,2450.4750931436665,1880.5418755336227,3020.4083107537103
Champaran,2024,2939.0395,2557.707416765355,1987.7741991553112,3127.640634375399
Champaran,2025,2948.929,2633.6588915621464,2063.7256739521026,3203.5921091721902
Chandrapur,2006,1435.15,1355.9322077695085,918.6150275921802,1793.2493879468368
Chandrapur,2007,1528.44,1254.6390228298358,817.4652666199559,1691.8127790397157
Chandrapur,2008,849.12,970.5600206182378,533.5225693502366,1407.597471886239
Chandrapur,2009,705.87,906.3391380254511,469.4313898904298,1343.2468861604725
Chandrapur,2010,1453.65,1467.026594842465,1030.2424163282803,1903.8107733566499
Chandrapur,2011,1239.02,972.9007070106202,536.2343896322907,1409.5670243889497
Chandrapur,2012,1557.54,1193.457970393645,756.9041923085936,1630.0117484786963
Chandrapur,2013,1409.52,1647.7957051244684,1211.3494969854366,2084.2419132635005
Chandrapur,2014,1060.03,1035.1284632390245,598.7851777353646,1471.4717487426844
Chandrapur,2015,847.81,1126.6473953238933,690.4026799432593,1562.8921107045273
Chandrapur,2016,1079.2572,1200.6726550835422,764.5224276938375,1636.8228824732469
Chandrapur,2017,1119.0205,1247.5059509111065,811.4463778193787,1683.5655240028345
Chandrapur,2018,982.2453,1159.9963152992852,724.0237914920433,1595.9688391065272
Chandrapur,2019,1012.0912,1198.2912741040032,762.4024054137708,1634.1801427942355
Chandrapur,2020,1061.7964,1251.5850191562554,815.7766061333314,1687.3934321791794
Chandrapur,2021,872.8002,1123.3450808702044,687.6141041676408,1559.076057572768
Chandrapur,2022,888.913,1150.036137885903,714.3797449904628,1585.692530781343
Chandrapur,2023,1009.5841,1256.1353613541323,820.5508545171635,1691.719868191101
Chandrapur,2024,800.5885,1111.8734865817783,676.3583118221054,1547.388661341451
Chandrapur,2025,923.3814,1218.8703757349097,783.422112801472,1654.3186386683474
Chengalpattu MGR / Kanchipuram,2006,3701.63,2845.4041218435614,2262.066208951099,3428.742034736024
Chengalpattu MGR / Kanchipuram,2007,3711.06,3490.1623712826454,2906.8244583901824,4073.5002841751084
Chengalpattu MGR / Kanchipuram,2008,3726.36,3638.458503319089,3055.120590426626,4221.796416211551
Chengalpattu MGR / Kanchipuram,2009,3417.77,3623.74409189733,3040.406179004867,4207.082004789792
Chengalpattu MGR / Kanchipuram,2010,3513.86,3618.973969717414,3035.636056824951,4202.311882609877
Chengalpattu MGR / Kanchipuram,2011,4176.2,3414.28159035291,2830.9436774604474,3997.6195032453725
Chengalpattu MGR / Kanchipuram,2012,4133.62,3894.8143586875253,3311.4764457950623,4478.152271579988
Chengalpattu MGR / Kanchipuram,2013,4649.43,4114.294229781266,3530.9563168888035,4697.632142673729
Chengalpattu MGR / Kanchipuram,2014,4525.69,4539.813670712303,3956.4757578198405,5123.151583604766
Chengalpattu MGR / Kanchipuram,2015,3758.66,4562.603458388881,3979.265545496419,5145.941371281344
Chengalpattu MGR / Kanchipuram,2016,4413.7257,3980.1963454104325,3396.85843251797,4563.534258302895
Chengalpattu MGR / Kanchipuram,2017,4424.5043,4301.1633165039875,3717.825403611525,4884.50122939645
Chengalpattu MGR / Kanchipuram,2018,4423.4558,4387.404009870842,3804.0660969783794,4970.7419227633045
Chengalpattu MGR / Kanchipuram,2019,4855.8232,4445.612357456542,3862.274444564079,5028.950270349004
Chengalpattu MGR / Kanchipuram,2020,4576.4227,4723.784660983716,4140.4467480912535,5307.122573876179
Chengalpattu MGR / Kanchipuram,2021,4727.869,4619.341114513876,4036.0032016214136,5202.679027406339
Chengalpattu MGR / Kanchipuram,2022,4784.8071,4699.450385944541,4116.112473052079,5282.788298837004
Chengalpattu MGR / Kanchipuram,2023,5121.2665,4786.469763680379,4203.131850787917,5369.807676572842
Chengalpattu MGR / Kanchipuram,2024,5135.7681,5033.383213323461,4450.045300430998,5616.7211262159235
Chengalpattu MGR / Kanchipuram,2025,5061.3007,5097.457701050142,4514.119788157679,5680.795613942604
Chhatarpur,2006,422.91,529.6188090697458,215.04361995241447,844.1939981870771
Chhatarpur,2007,210.62,313.5731941866825,-1.001994930648607,628.1483833040136
Chhatarpur,2008,431.86,568.683190107919,254.10800099058804,883.25837922525
Chhatarpur,2009,453.61,227.26946850944546,-87.30572060788552,541.8446576267764
Chhatarpur,2010,617.98,532.1365998405162,217.5614107231852,846.7117889578471
Chhatarpur,2011,868.13,791.502819428498,476.92763031116704,1106.078008545829
Chhatarpur,2012,374.78,600.7682789495414,286.1930898322104,915.3434680668723
Chhatarpur,2013,884.54,800.1454427385102,485.5702536211792,1114.720631855841
Chhatarpur,2014,867.0,427.34636307984476,112.77117396251379,741.9215521971757
Chhatarpur,2015,333.75,581.5570512384961,266.98186212116514,896.1322403558271
Chhatarpur,2016,740.5942,644.8593183030754,330.2841291857444,959.4345074204064
Chhatarpur,2017,773.0056,688.6609775522913,374.08578843496036,1003.2361666696223
Chhatarpur,2018,716.2149,682.3663781947822,367.79118907745124,996.9415673121132
Chhatarpur,2019,809.2697,735.6263693329785,421.0511802156475,1050.2015584503094
Chhatarpur,2020,991.9559,849.2142473332897,534.6390582159587,1163.7894364506205
Chhatarpur,2021,1073.2438,934.8433700080643,620.2681808907333,1249.4185591253954
Chhatarpur,2022,805.464,838.6602539853625,524.0850648680315,1153.2354431026934
Chhatarpur,2023,1054.4354,948.7893862758365,634.2141971585055,1263.3645753931673
Chhatarpur,2024,1152.7959,1030.1217308024748,715.5465416851438,1344.6969199198056
Chhatarpur,2025,973.7613,974.2306694287605,659.6554803114295,1288.8058585460915
Chhindwara,2006,810.8,505.50348863734735,200.61853378177727,810.3884434929174
Chhindwara,2007,585.85,493.48388556456075,188.59893070899068,798.3688404201308
Chhindwara,2008,495.85,762.9213083222808,458.0363534667107,1067.8062631778507
Chhindwara,2009,755.32,530.91635544969,226.03140059411987,835.80131030526
Chhindwara,2010,1650.27,661.2483713826191,356.363416527049,966.1333262381892
Chhindwara,2011,2128.71,1299.8681774187548,994.9832225631848,1604.7531322743248
Chhindwara,2012,2752.51,1516.3340295483267,1211.4490746927568,1821.2189844038967
Chhindwara,2013,2031.14,2321.6948769931455,2016.8099221375755,2626.5798318487155
Chhindwara,2014,2400.0,1852.1192699239691,1547.2343150683992,2157.004224779539
Chhindwara,2015,1741.94,2088.918767984809,1784.0338131292392,2393.803722840379
Chhindwara,2016,2487.9708,1992.596153184686,1687.711198329116,2297.481108040256
Chhindwara,2017,2918.5242,2258.7673337862666,1953.8823789306966,2563.6522886418365
Chhindwara,2018,3048.2821,2532.6874723190363,2227.8025174634663,2837.572427174606
Chhindwara,2019,3142.0322,2738.8752642219665,2433.9903093663966,3043.7602190775365
Chhindwara,2020,3763.7867,3005.2753150496947,2700.3903601941247,3310.1602699052646
Chhindwara,2021,3709.2164,3283.1076743840495,2978.2227195284795,3587.9926292396194
Chhindwara,2022,3879.5965,3467.376184124494,3162.491229268924,3772.261138980064
Chhindwara,2023,4355.7609,3707.981998482662,3403.0970436270923,4012.866953338232
Chhindwara,2024,4235.3519,3926.0332561267955,3621.1483012712256,4230.918210982366
Chhindwara,2025,4442.4281,4068.8186952649708,3763.933740409401,4373.703650120541
Chickmagalur,2006,2457.09,2391.924889674917,1733.7593893889775,3050.090389960856
Chickmagalur,2007,2641.99,2510.403243430222,1852.2377431442828,3168.5687437161614
Chickmagalur,2008,2472.25,2617.8522722126086,1959.6867719266693,3276.017772498548
Chickmagalur,2009,2478.69,2313.172687476254,1655.0071871903147,2971.3381877621932
Chickmagalur,2010,2620.97,2713.7899362531266,2055.6244359671873,3371.955436539066
Chickmagalur,2011,2572.94,2486.1707270078664,1828.005226721927,3144.3362272938057
Chickmagalur,2012,2302.45,2374.9025817027564,1716.737081416817,3033.0680819886957
Chickmagalur,2013,2730.82,2472.7659697116965,1814.6004694257572,3130.9314699976358
Chickmagalur,2014,2610.31,2748.3622982403376,2090.1967979543983,3406.527798526277
Chickmagalur,2015,2673.12,2637.7352294330167,1979.5697291470774,3295.900729718956
Chickmagalur,2016,2687.5395,2612.6494898293176,1954.4839895433784,3270.814990115257
Chickmagalur,2017,2607.4351,2672.4667045524,2014.301204266461,3330.6322048383395
Chickmagalur,2018,2686.7273,2620.435674742974,1962.2701744570345,3278.601175028913
Chickmagalur,2019,2698.1823,2672.5247909010354,2014.3592906150961,3330.6902911869747
Chickmagalur,2020,2708.0682,2692.6426285981506,2034.4771283122113,3350.80812888409
Chickmagalur,2021,2731.3521,2704.539861956883,2046.374361670944,3362.7053622428225
Chickmagalur,2022,2702.2719,2725.9682492562024,2067.802748970263,3384.1337495421417
Chickmagalur,2023,2731.6276,2707.0146549026413,2048.849154616702,3365.1801551885806
Chickmagalur,2024,2738.3609,2726.3424129188397,2068.1769126329004,3384.507913204779
Chickmagalur,2025,2805.9896,2735.0925866093075,2076.9270863233683,3393.258086895247
Chitradurga,2006,3366.97,3254.9123054008423,2394.070130619577,4115.754480182108
Chitradurga,2007,3393.28,3461.690746407693,2600.8485716264277,4322.532921188958
Chitradurga,2008,3349.8,3449.4565434461874,2588.614368664922,4310.298718227453
Chitradurga,2009,3308.69,3214.8236202641096,2353.9814454828447,4075.6657950453746
Chitradurga,2010,3400.08,3548.2101827021324,2687.368007920867,4409.052357483398
Chitradurga,2011,3416.34,3292.6760042592878,2431.8338294780224,4153.518179040553
Chitradurga,2012,3283.07,3132.576263453153,2271.7340886718875,3993.4184382344183
Chitradurga,2013,3515.91,3409.868442370017,2549.0262675887516,4270.710617151282
Chitradurga,2014,3634.63,3611.8197710049953,2750.97759622373,4472.661945786261
Chitradurga,2015,3732.02,3648.1535211344917,2787.3113463532263,4508.995695915757
Chitradurga,2016,3627.3389,3561.4184011056695,2700.576226324404,4422.260575886935
Chitradurga,2017,3692.7281,3610.905565398104,2750.0633906168387,4471.747740179369
Chitradurga,2018,3707.1154,3652.811630558063,2791.969455776798,4513.653805339328
Chitradurga,2019,3707.0339,3673.457055616661,2812.6148808353955,4534.299230397926
Chitradurga,2020,3764.4441,3700.953340258907,2840.1111654776414,4561.795515040172
Chitradurga,2021,3839.2408,3752.14413013381,2891.3019553525446,4612.986304915075
Chitradurga,2022,3870.9534,3803.0000476562427,2942.1578728749773,4663.842222437508
Chitradurga,2023,3907.6313,3844.0938415302357,2983.251666748971,4704.936016311501
Chitradurga,2024,3938.1481,3880.4760265878945,3019.6338518066295,4741.318201369159
Chitradurga,2025,3965.042,3912.1660328655694,3051.3238580843044,4773.008207646834
Chittoor,2006,2761.74,2278.1764890537825,1883.117622112835,2673.2353559947296
Chittoor,2007,3002.1,2597.319257556641,2202.2603906156937,2992.378124497588
Chittoor,2008,2969.74,2750.041014425363,2354.9821474844157,3145.09988136631
Chittoor,2009,3098.34,2775.777172742335,2380.718305801388,3170.8360396832823
Chittoor,2010,3006.5,3064.216712480782,2669.157845539835,3459.275579421729
Chittoor,2011,3305.22,2807.645328908372,2412.586461967425,3202.704195849319
Chittoor,2012,3607.87,2985.4608806550214,2590.402013714074,3380.5197475959685
Chittoor,2013,3389.89,3162.4454999308227,2767.3866329898756,3557.50436687177
Chittoor,2014,3232.12,3037.6823796684384,2642.6235127274913,3432.7412466093856
Chittoor,2015,3795.24,3812.9686732404552,3417.909806299508,4208.027540181402
Chittoor,2016,3681.264,3510.9292608034402,3115.870393862493,3905.9881277443874
Chittoor,2017,3774.9314,3595.461181815791,3200.402314874844,3990.520048756738
Chittoor,2018,3906.881,3727.890273474324,3332.831406533377,4122.949140415271
Chittoor,2019,4008.6523,3824.9690507922905,3429.9101838513434,4220.027917733238
Chittoor,2020,4120.8829,3935.913718065664,3540.854851124717,4330.972585006611
Chittoor,2021,4165.6485,3968.6495324562943,3573.590665515347,4363.708399397241
Chittoor,2022,4244.6726,4045.6286824902545,3650.5698155493074,4440.687549431202
Chittoor,2023,4422.2821,4238.3135738044875,3843.2547068635404,4633.372440745435
Chittoor,2024,4457.8313,4259.932354588862,3864.8734876479148,4654.991221529809
Chittoor,2025,4521.4599,4319.275357969342,3924.2164910283946,4714.334224910289
Chittorgarh,2006,1573.77,1621.541645219319,998.6564732600351,2244.426817178603
Chittorgarh,2007,2034.88,1449.2609020798573,826.3757301205734,2072.1460740391412
Chittorgarh,2008,1810.61,1791.9314529462586,1169.0462809869746,2414.8166249055425
Chittorgarh,2009,1510.56,1304.6991476170442,681.8139756577604,1927.5843195763282
Chittorgarh,2010,2018.19,1783.8894031681634,1161.0042312088794,2406.7745751274474
Chittorgarh,2011,1882.79,2063.903796440599,1441.0186244813149,2686.788968399883
Chittorgarh,2012,1761.85,1845.0623676531227,1222.1771956938387,2467.9475396124067
Chittorgarh,2013,2133.93,1949.6438819633354,1326.7587100040514,2572.5290539226194
Chittorgarh,2014,2178.02,1870.9515108802793,1248.0663389209953,2493.8366828395633
Chittorgarh,2015,2015.79,1904.1792167893282,1281.2940448300442,2527.064388748612
Chittorgarh,2016,2235.232,1980.8848044768993,1357.9996325176153,2603.7699764361832
Chittorgarh,2017,2201.2609,2065.4615692889306,1442.5763973296466,2688.3467412482146
Chittorgarh,2018,2279.9717,2117.822886032081,1494.937714072797,2740.708057991365
Chittorgarh,2019,2266.8378,2169.2176539647803,1546.3324820054963,2792.1028259240643
Chittorgarh,2020,2367.2839,2209.391173406933,1586.506001447649,2832.276345366217
Chittorgarh,2021,2424.8583,2267.7611467383445,1644.8759747790605,2890.6463186976284
Chittorgarh,2022,2363.4001,2311.2732715844813,1688.3880996251974,2934.1584435437653
Chittorgarh,2023,2396.0211,2325.601384974055,1702.7162130147708,2948.4865569333388
Chittorgarh,2024,2492.1163,2354.7621932865413,1731.8770213272574,2977.6473652458253
Chittorgarh,2025,2530.3234,2402.7782445109265,1779.8930725516425,3025.6634164702104
Coimbatore,2006,3092.68,2525.979206831867,1624.7824820981882,3427.175931565546
Coimbatore,2007,1933.89,2921.2608123776113,2020.0640876439325,3822.45753711129
Coimbatore,2008,1865.15,2433.69738719667,1532.5006624629914,3334.894111930349
Coimbatore,2009,2146.21,1628.4114029435998,727.214678209921,2529.6081276772784
Coimbatore,2010,2392.48,2290.302366432844,1389.105641699165,3191.4990911665227
Coimbatore,2011,3672.92,2209.665706108845,1308.468981375166,3110.8624308425237
Coimbatore,2012,2894.67,2912.635413689813,2011.4386889561342,3813.832138423492
Coimbatore,2013,1931.27,3030.6586120096426,2129.461887275964,3931.8553367433215
Coimbatore,2014,4278.88,2432.9398803937133,1531.7431556600345,3334.136605127392
Coimbatore,2015,3593.32,3822.0078896540945,2920.8111649204156,4723.204614387773
Coimbatore,2016,3523.0763,3434.6137630521876,2533.4170383185087,4335.810487785866
Coimbatore,2017,3884.6541,3489.9156354342995,2588.7189107006207,4391.112360167978
Coimbatore,2018,4051.2411,3737.3332672226397,2836.136542488961,4638.529991956319
Coimbatore,2019,3796.5677,3920.330730002015,3019.1340052683363,4821.527454735694
Coimbatore,2020,4301.9476,3842.8167520248744,2941.6200272911956,4744.013476758553
Coimbatore,2021,4629.7028,4136.470149267316,3235.273424533637,5037.6668740009945
Coimbatore,2022,4342.9263,4434.305308507397,3533.1085837737182,5335.502033241076
Coimbatore,2023,4585.7473,4370.080384123489,3468.8836593898104,5271.277108857168
Coimbatore,2024,4667.6533,4499.394218256767,3598.1974935230883,5400.590942990446
Coimbatore,2025,4889.2025,4602.1918472499765,3700.9951225162977,5503.388571983655
Cooch Behar,2006,1861.72,1890.9455855211656,1689.1692026063565,2092.7219684359748
Cooch Behar,2007,1767.63,1879.732265315037,1677.955882400228,2081.508648229846
Cooch Behar,2008,1615.24,1802.8446321397444,1601.0682492249352,2004.6210150545535
Cooch Behar,2009,2047.45,1596.1738897798514,1394.3975068650423,1797.9502726946605
Cooch Behar,2010,2386.1,2000.2334122794532,1798.457029364644,2202.009795194262
Cooch Behar,2011,2198.08,2283.652171919124,2081.8757890043153,2485.428554833933
Cooch Behar,2012,2412.66,2210.0992692721566,2008.3228863573474,2411.8756521869655
Cooch Behar,2013,2665.29,2393.5326431188396,2191.7562602040307,2595.3090260336485
Cooch Behar,2014,2595.98,2585.0346964880046,2383.2583135731957,2786.8110794028134
Cooch Behar,2015,2673.44,2613.1890291412274,2411.4126462264185,2814.9654120560363
Cooch Behar,2016,2828.996,2640.1491564815533,2438.3727735667444,2841.925539396362
Cooch Behar,2017,2943.8705,2786.9010541202597,2585.124671205451,2988.6774370350686
Cooch Behar,2018,3128.8521,2900.1264476611123,2698.3500647463034,3101.902830575921
Cooch Behar,2019,3237.5172,3078.8694443526965,2877.0930614378876,3280.6458272675054
Cooch Behar,2020,3299.6358,3208.398717610587,3006.622334695778,3410.175100525396
Cooch Behar,2021,3451.9521,3274.1264559031406,3072.3500729883317,3475.9028388179495
Cooch Behar,2022,3558.9484,3413.20443439916,3211.4280514843513,3614.980817313969
Cooch Behar,2023,3736.978,3518.48739476619,3316.711011851381,3720.263777680999
Cooch Behar,2024,3791.2303,3695.8587142514007,3494.082331336592,3897.6350971662096
Cooch Behar,2025,3869.0017,3773.9133319851067,3572.1369490702978,3975.6897148999155
Cuttack,2006,1364.02,1677.104468479086,1185.8579230238229,2168.3510139343493
Cuttack,2007,1590.53,1538.0034924240585,1046.7569469688142,2029.250037879303
Cuttack,2008,1544.19,1534.2719238959949,1043.0253784407594,2025.5184693512304
Cuttack,2009,1889.68,1483.3814354251986,992.1348899699672,1974.62798088043
Cuttack,2010,1514.3,1431.5415601981358,940.2950147429062,1922.7881056533654
Cuttack,2011,1691.63,1599.0360832509264,1107.789537795698,2090.282628706155
Cuttack,2012,2296.67,1627.0210927096778,1135.7745472544495,2118.2676381649057
Cuttack,2013,1362.88,1734.6244473168406,1243.3779018616126,2225.8709927720683
Cuttack,2014,1971.56,1738.0723446874804,1246.8257992322524,2229.3188901427084
Cuttack,2015,1870.0,1721.349409008948,1230.1028635537202,2212.595954464176
Cuttack,2016,1957.7896,1737.6216256184414,1246.3750801632136,2228.868171073669
Cuttack,2017,1862.2083,1735.755500106437,1244.5089546512093,2227.002045561665
Cuttack,2018,2077.0697,1812.4004024479223,1321.1538569926945,2303.6469479031502
Cuttack,2019,2127.9995,1875.6479218806537,1384.401376425426,2366.8944673358815
Cuttack,2020,2155.0787,1926.693454589451,1435.4469091342232,2417.9400000446785
Cuttack,2021,2203.6306,1977.6477614823912,1486.4012160271634,2468.894306937619
Cuttack,2022,2235.4711,2022.0031808070075,1530.7566353517798,2513.2497262622355
Cuttack,2023,2319.7162,2080.665232563653,1589.418687108425,2571.911778018881
Cuttack,2024,2379.2241,2138.8004368423067,1647.553891387079,2630.0469822975347
Cuttack,2025,2566.1395,2241.7633127742047,1750.516767318977,2733.009858229432
Dakshina Kannada,2006,2453.31,2473.2510470736142,2000.9380400303633,2945.564054116865
Dakshina Kannada,2007,2333.96,2541.789008154354,2069.476001111103,3014.1020151976054
Dakshina Kannada,2008,2347.62,2346.837487069638,1874.524480026387,2819.1504941128887
Dakshina Kannada,2009,2333.78,2321.090290261747,1848.7772832184962,2793.403297304998
Dakshina Kannada,2010,2353.61,2343.5936621875426,1871.2806551442916,2815.9066692307933
Dakshina Kannada,2011,2425.97,2387.290466347182,1914.9774593039308,2859.6034733904326
Dakshina Kannada,2012,2540.97,2257.4964091456814,1785.1834021024304,2729.809416188932
Dakshina Kannada,2013,2695.5,2529.070268397185,2056.757261353934,3001.3832754404357
Dakshina Kannada,2014,2653.09,2598.21820654256,2125.9051994993088,3070.531213585811
Dakshina Kannada,2015,2577.42,2582.996365034095,2110.6833579908443,3055.309372077346
Dakshina Kannada,2016,2659.1107,2629.8541513184373,2157.5411442751865,3102.167158361688
Dakshina Kannada,2017,2692.372,2640.6990803845133,2168.386073341262,3113.0120874277645
Dakshina Kannada,2018,2720.3139,2662.7004999066935,2190.3874928634423,3135.0135069499447
Dakshina Kannada,2019,2758.6586,2691.623370196801,2219.3103631535496,3163.936377240052
Dakshina Kannada,2020,2796.4275,2725.782438947091,2253.46943190384,3198.0954459903423
Dakshina Kannada,2021,2868.7514,2773.6404559595217,2301.3274489162704,3245.953463002773
Dakshina Kannada,2022,2914.4347,2826.634907967004,2354.3219009237528,3298.947915010255
Dakshina Kannada,2023,2918.7589,2861.518476073462,2389.205469030211,3333.8314831167127
Dakshina Kannada,2024,2944.4306,2885.9687446396692,2413.6557375964185,3358.28175168292
Dakshina Kannada,2025,2995.3351,2919.59435707791,2447.281350034659,3391.9073641211608
Damoh,2006,540.37,552.0366841572675,323.918991877051,780.154376437484
Damoh,2007,380.89,457.43724804166396,229.32882844471337,685.5456676386145
Damoh,2008,508.7,561.2974687792628,333.19709076138906,789.3978467971365
Damoh,2009,674.46,558.0514631596141,329.9580600900015,786.1448662292266
Damoh,2010,1033.86,546.8215923327841,318.73423982816814,774.9089448374001
Damoh,2011,1066.31,682.5239244058971,454.4418211702919,910.6060276415024
Damoh,2012,993.43,646.343604427121,418.2660557190942,874.4211531351478
Damoh,2013,1120.08,840.8457542414382,612.7721575971726,1068.9193508857038
Damoh,2014,1070.76,665.5137532392581,437.4435861350041,893.5839203435121
Damoh,2015,1132.47,700.1225662536136,472.05537543759874,928.1897570696285
Damoh,2016,1265.0742,771.5515313553038,543.4869236183129,999.6161390922948
Damoh,2017,1407.8998,844.6079252144141,616.5455594013436,1072.6702910274846
Damoh,2018,1430.3105,862.7328691986395,634.6724492913946,1090.7932891058845
Damoh,2019,1593.659,951.005682996033,722.9469521219987,1179.0644138700673
Damoh,2020,1679.6447,1006.0493972512951,777.9921324919562,1234.106662010634
Damoh,2021,1741.8327,1051.4029446434183,823.3469525350853,1279.4589367517515
Damoh,2022,1842.0408,1116.7463480198605,888.6914606533363,1344.8012353863846
Damoh,2023,1940.9482,1183.8191718201078,955.7652434588924,1411.8731001813233
Damoh,2024,2047.761,1256.9781676860885,1028.925071833674,1485.0312635385028
Damoh,2025,2086.9232,1298.8978783587413,1070.8455052149789,1526.9502515025038
Dangs,2006,1207.1,1829.5345292058873,1264.3511568119973,2394.717901599777
Dangs,2007,1357.14,1463.8576659186883,898.6742935279206,2029.041038309456
Dangs,2008,1268.16,1330.1791821200068,764.9958097309145,1895.362554509099
Dangs,2009,1101.27,877.403741746225,312.22036935803203,1442.587114134418
Dangs,2010,1300.0,1487.597537359673,922.4141649719626,2052.7809097473832
Dangs,2011,1705.56,1216.340796846719,651.1574244592675,1781.5241692341706
Dangs,2012,1579.71,1158.088145750543,592.9047733632303,1723.2715181378555
Dangs,2013,2568.71,1555.8169240288398,990.6335516416019,2121.0002964160776
Dangs,2014,1493.78,1630.2443141221938,1065.060941734996,2195.4276865093916
Dangs,2015,1973.47,1554.2668251276027,989.0834527404263,2119.450197514779
Dangs,2016,2155.5997,1666.0377500691238,1100.8543776819588,2231.221122456289
Dangs,2017,2218.618,1767.497269813366,1202.3138974262074,2332.6806422005247
Dangs,2018,2238.3053,1857.049203105701,1291.8658307185456,2422.2325754928565
Dangs,2019,2411.1859,1933.8452267115335,1368.6618543243799,2499.028599098687
Dangs,2020,2556.4047,2035.2769665995074,1470.0935942123547,2600.46033898666
Dangs,2021,2582.391,2143.7640235366534,1578.5806511495014,2708.9473959238057
Dangs,2022,2826.5428,2238.701046724911,1673.5176743377592,2803.884419112063
Dangs,2023,2714.2026,2359.6277820057467,1794.4444096185948,2924.8111543928985
Dangs,2024,2790.3094,2425.5194748633535,1860.3361024762019,2990.7028472505053
Dangs,2025,2745.3924,2489.4428943887115,1924.25952200156,3054.626266775863
Darbhanga,2006,817.39,796.4163112252055,216.89256901979502,1375.940053430616
Darbhanga,2007,401.39,1121.857962712772,542.3343353532878,1701.3815900722561
Darbhanga,2008,1276.73,781.7305191687287,202.2069752892021,1361.2540630482554
Darbhanga,2009,1223.87,629.091655219685,49.5681720206544,1208.6151384187156
Darbhanga,2010,645.17,629.2360564982846,49.71261740713817,1208.759495589431
Darbhanga,2011,1791.44,871.9786175437766,292.45521051410356,1451.5020245734497
Darbhanga,2012,1391.61,943.673736797502,364.15035307292146,1523.1971205220825
Darbhanga,2013,1141.92,1163.653846834176,584.130480049785,1743.1772136185668
Darbhanga,2014,1716.43,1097.1100608455076,517.5867063747369,1676.6334153162784
Darbhanga,2015,1278.79,1059.3338413599556,479.81049583980825,1638.857186880103
Darbhanga,2016,1643.0685,1098.3753177929489,518.8519787789031,1677.8986568069945
Darbhanga,2017,1729.49,1164.4819919060565,584.9586576212189,1744.005326190894
Darbhanga,2018,1906.3343,1258.2546741955916,678.7313433483595,1837.7780050428237
Darbhanga,2019,1850.7808,1300.8701442997713,721.3468159512939,1880.3934726482485
Darbhanga,2020,1976.683,1378.51298838028,798.989661848118,1958.0363149124419
Darbhanga,2021,2093.5599,1460.817439769111,881.2941145572071,2040.3407649810147
Darbhanga,2022,2199.8508,1545.318372596126,965.7950483439023,2124.84169684835
Darbhanga,2023,2368.6058,1650.086574926422,1070.5632513717783,2229.6098984810656
Darbhanga,2024,2381.1321,1721.658953220665,1142.135630173084,2301.182276268246
Darbhanga,2025,2546.3037,1826.17413890174,1246.6508162227374,2405.6974615807426
Darjeeling,2006,1866.05,1541.439475780646,1189.3838975429612,1893.4950540183308
Darjeeling,2007,1847.83,1686.5667833755972,1334.5112051379124,2038.622361613282
Darjeeling,2008,2113.85,1765.9867652643284,1413.9311870266436,2118.0423435020134
Darjeeling,2009,2334.37,2060.062388832365,1708.00681059468,2412.11796707005
Darjeeling,2010,2411.66,2187.357206128869,1835.3016278911844,2539.412784366554
Darjeeling,2011,2348.71,2229.2592218589098,1877.203643621225,2581.314800096595
Darjeeling,2012,2083.9,2269.6796658208673,1917.6240875831825,2621.7352440585523
Darjeeling,2013,2248.13,2290.3577255960686,1938.3021473583838,2642.4133038337536
Darjeeling,2014,2105.04,2114.3520366242965,1762.2964583866117,2466.4076148619815
Darjeeling,2015,2361.15,2213.834056983651,1861.7784787459661,2565.889635221336
Darjeeling,2016,2432.4202,2233.327620220784,1881.2720419830991,2585.383198458469
Darjeeling,2017,2416.0271,2357.660263463682,2005.6046852259972,2709.715841701367
Darjeeling,2018,2423.626,2396.1212397759746,2044.0656615382898,2748.1768180136596
Darjeeling,2019,2487.141,2399.0693867664286,2047.0138085287438,2751.1249650041136
Darjeeling,2020,2533.8268,2441.140752812024,2089.085174574339,2793.196331049709
Darjeeling,2021,2594.2175,2481.2259544133517,2129.1703761756667,2833.2815326510367
Darjeeling,2022,2579.5388,2557.309312250663,2205.253734012978,2909.364890488348
Darjeeling,2023,2560.9458,2584.3584951411713,2232.302916903486,2936.4140733788563
Darjeeling,2024,2662.5932,2546.5286858488353,2194.47310761115,2898.5842640865203
Darjeeling,2025,2628.3742,2630.745378492862,2278.689800255177,2982.800956730547
Darrang,2006,1017.54,1237.7444942521079,1070.9599829477427,1404.529005556473
Darrang,2007,1365.41,1159.2659950828102,992.481483778445,1326.0505063871753
Darrang,2008,1440.22,1258.9620487925608,1092.1775374881956,1425.746560096926
Darrang,2009,1440.27,1357.0680159712047,1190.2835046668395,1523.8525272755699
Darrang,2010,1923.39,1375.3314921951114,1208.5469808907462,1542.1160034994766
Darrang,2011,1795.42,1642.2717377451886,1475.4872264408234,1809.0562490495538
Darrang,2012,2077.35,1748.1365403223826,1581.3520290180174,1914.9210516267478
Darrang,2013,1939.3,1898.9840335304516,1732.1995222260864,2065.768544834817
Darrang,2014,2135.44,1901.2930665980934,1734.5085552937283,2068.077577902459
Darrang,2015,2167.41,2031.5137633154864,1864.7292520111212,2198.298274619852
Darrang,2016,2397.723,2055.415221364114,1888.630710059749,2222.1997326684796
Darrang,2017,2542.1901,2216.108138796617,2049.3236274922515,2382.8926501009823
Darrang,2018,2644.0613,2366.774724451998,2199.9902131476324,2533.5592357563633
Darrang,2019,2723.45,2493.1036732755897,2326.3191619712243,2659.888184579955
Darrang,2020,2924.8448,2603.946623702396,2437.162112398031,2770.7311350067616
Darrang,2021,3031.5879,2752.420472984104,2585.6359616797386,2919.2049842884694
Darrang,2022,3117.0923,2879.9762107285005,2713.191699424135,3046.760722032866
Darrang,2023,3275.382,2991.6422839259635,2824.857772621598,3158.426795230329
Darrang,2024,3303.6281,3118.207491232815,2951.4229799284494,3284.9920025371803
Darrang,2025,3499.1908,3207.460850175847,3040.6763388714817,3374.2453614802125
Datia,2006,842.47,897.1747391756799,383.32240114724425,1411.0270772041154
Datia,2007,613.33,881.6175694532494,367.7652314248138,1395.469907481685
Datia,2008,825.0,793.2724726588549,279.4201346304193,1307.1248106872904
Datia,2009,1162.79,600.9502222897618,87.09788426132616,1114.8025603181973
Datia,2010,1245.61,987.848040945084,473.9957029166484,1501.7003789735195
Datia,2011,1240.0,1247.8079208660038,733.9555828375682,1761.6602588944393
Datia,2012,2045.79,1239.8861874816885,726.0338494532529,1753.738525510124
Datia,2013,1144.98,1689.504104906081,1175.6517668776455,2203.3564429345165
Datia,2014,977.67,1331.762004976752,817.9096669483164,1845.6143430051875
Datia,2015,1714.29,1166.6833741386054,652.8310361101697,1680.5357121670409
Datia,2016,1803.2892,1369.87236945753,856.0200314290945,1883.7247074859656
Datia,2017,1655.1182,1589.2035438725998,1075.3512058441643,2103.0558819010353
Datia,2018,1788.2699,1617.7980310556632,1103.9456930272277,2131.6503690840987
Datia,2019,1863.6783,1700.136123347621,1186.2837853191854,2213.9884613760564
Datia,2020,2056.9792,1776.1883251767658,1262.3359871483303,2290.0406632052013
Datia,2021,2260.2716,1910.7441299902584,1396.891791961823,2424.596468018694
Datia,2022,1921.5191,2092.5690196317228,1578.7166816032873,2606.4213576601583
Datia,2023,2419.027,1993.854497829132,1480.0021598006965,2507.7068358575675
Datia,2024,2440.4301,2205.034326750476,1691.1819887220404,2718.8866647789114
Datia,2025,2494.837,2320.379996806768,1806.5276587783324,2834.2323348352033
Dehradun,2006,2078.98,2024.9296575804551,1601.0349569023483,2448.824358258562
Dehradun,2007,2142.29,2000.211904608738,1576.3172039306312,2424.1066052868446
Dehradun,2008,2066.27,2077.7716920038347,1653.8769913257279,2501.6663926819415
Dehradun,2009,1910.61,2011.465647273611,1587.5709465955042,2435.360347951718
Dehradun,2010,1950.85,2020.934462635239,1597.0397619571322,2444.829163313346
Dehradun,2011,2115.49,1957.394880375063,1533.5001796969561,2381.2895810531695
Dehradun,2012,2054.3,2002.7137369898442,1578.8190363117374,2426.608437667951
Dehradun,2013,2130.56,2048.591508091474,1624.6968074133674,2472.486208769581
Dehradun,2014,1924.84,2111.6192776295834,1687.7245769514766,2535.51397830769
Dehradun,2015,2159.02,2032.6220653996052,1608.7273647214984,2456.516766077712
Dehradun,2016,2076.1508,2064.497687482863,1640.6029868047563,2488.39238816097
Dehradun,2017,2016.8821,2094.5577794906612,1670.6630788125544,2518.452480168768
Dehradun,2018,2046.639,2050.4646320101897,1626.569931332083,2474.3593326882965
Dehradun,2019,2060.0208,2044.0542497194456,1620.1595490413388,2467.9489503975524
Dehradun,2020,2058.0495,2052.260610129931,1628.3659094518243,2476.155310808038
Dehradun,2021,2040.3403,2062.7035121032554,1638.8088114251486,2486.5982127813622
Dehradun,2022,2017.3919,2063.531363681193,1639.6366630030861,2487.4260643592997
Dehradun,2023,2044.3876,2033.7917001954697,1609.896999517363,2457.6864008735765
Dehradun,2024,2068.6567,2028.9140617232306,1605.0193610451238,2452.8087624013374
Dehradun,2025,2055.2851,2051.7772022549543,1627.8825015768475,2475.671902933061
Deoria,2006,1975.27,2120.9377131185715,1672.2455847701451,2569.629841466998
Deoria,2007,2241.99,2024.1643377197815,1575.4722093713551,2472.8564660682077
Deoria,2008,2364.24,2283.9761595629057,1835.2840312144792,2732.6682879113323
Deoria,2009,1789.54,2147.9906968714613,1699.2985685230349,2596.6828252198875
Deoria,2010,2152.5,2023.5166313161808,1574.8245029677544,2472.208759664607
Deoria,2011,2290.23,2142.869449544307,1694.1773211958805,2591.561577892733
Deoria,2012,2353.06,2194.600290171096,1745.9081618226694,2643.2924185195225
Deoria,2013,2533.94,2278.6313415824516,1829.9392132340251,2727.3234699308778
Deoria,2014,2071.62,2334.00197567498,1885.3098473265534,2782.694104023406
Deoria,2015,1158.91,2203.896178711819,1755.2040503633928,2652.588307060246
Deoria,2016,1896.4636,1600.5210221552416,1151.8288938068151,2049.2131505036677
Deoria,2017,1853.0431,1760.3578563428614,1311.665727994435,2209.049984691288
Deoria,2018,1834.7598,1805.411490266691,1356.7193619182647,2254.1036186151177
Deoria,2019,1614.4194,1799.558301551157,1350.8661732027306,2248.2504298995837
Deoria,2020,1675.0249,1690.8879701809083,1242.1958418324818,2139.5800985293345
Deoria,2021,1853.6447,1687.851881047009,1239.1597526985827,2136.5440093954358
Deoria,2022,1743.5159,1768.2345818489503,1319.5424535005238,2216.9267101973765
Deoria,2023,1616.5227,1738.0775513377553,1289.3854229893288,2186.769679686182
Deoria,2024,1672.7665,1665.5788935403993,1216.886765191973,2114.271021888826
Deoria,2025,1608.5122,1658.2590617828964,1209.56693343447,2106.9511901313226
Dewas,2006,537.04,660.8779208079416,437.7711284323203,883.9847131835628
Dewas,2007,433.33,496.38944847256386,273.2826560983325,719.4962408467952
Dewas,2008,500.0,462.0644579421854,238.95766556870177,685.1712503156691
Dewas,2009,1000.0,597.6446217872618,374.53782941418046,820.7514141603432
Dewas,2010,1000.0,581.7634196412835,358.65662726841845,804.8702120141485
Dewas,2011,1000.0,825.5055195382763,602.3987271655277,1048.6123119110248
Dewas,2012,857.14,886.118562940141,663.0117705674551,1109.225355312827
Dewas,2013,727.27,986.2599775463048,763.1531851736524,1209.366769918957
Dewas,2014,670.0,713.5142705160091,490.40747814337493,936.6210628886433
Dewas,2016,1005.4571,833.4769269460857,610.3701345734612,1056.58371931871
Dewas,2017,1129.847,935.3122233710405,712.2054309984214,1158.4190157436597
Dewas,2018,1185.3222,1007.0630272922637,783.9562349196473,1230.16981966488
Dewas,2019,1103.2096,1002.408322427791,779.301530055176,1225.5151148004059
Dewas,2020,1044.2005,989.2083754887179,766.1015831161039,1212.315167861332
Dewas,2021,1163.3376,1057.1150941810806,834.008301808467,1280.2218865536943
Dewas,2022,1227.575,1109.9262602968086,886.8194679241952,1333.033052669422
Dewas,2023,1157.4569,1095.3927423009218,872.2859499283086,1318.499534673535
Dewas,2024,1240.0569,1146.0466053484308,922.9398129758176,1369.153397721044
Dewas,2025,1377.0255,1233.69641959844,1010.5896272258268,1456.803211971053
Dhanbad,2006,2630.38,1465.0886145048016,914.780714856238,2015.3965141533654
Dhanbad,2007,2269.28,1970.1788125338244,1419.8709128852606,2520.486712182388
Dhanbad,2008,2032.34,2092.513630927981,1542.2057312794173,2642.821530576545
Dhanbad,2009,977.1,1778.6839977054415,1228.3760980568777,2328.9918973540052
Dhanbad,2010,1222.4,1519.0101336768928,968.7022340283291,2069.3180333254563
Dhanbad,2011,2833.67,1548.8990030849836,998.59110343642,2099.2069027335474
Dhanbad,2012,1812.76,1988.9841232832084,1438.6762236346449,2539.292022931772
Dhanbad,2013,2702.9,2085.0989859743836,1534.7910863258198,2635.4068856229474
Dhanbad,2014,2539.25,2282.0338608549728,1731.725961206409,2832.3417605035365
Dhanbad,2015,1048.07,2354.450275926045,1804.1423762774812,2904.7581755746087
Dhanbad,2016,2138.8561,1729.0150162736852,1178.7071166251217,2279.3229159222487
Dhanbad,2017,1583.8753,1903.9388474990105,1353.6309478504468,2454.2467471475743
Dhanbad,2018,2290.3127,1745.3686889786138,1195.0607893300503,2295.6765886271774
Dhanbad,2019,1738.88,1977.0963835012772,1426.7884838527134,2527.404283149841
Dhanbad,2020,1719.1084,1868.0540637854747,1317.746164136911,2418.3619634340384
Dhanbad,2021,1367.9876,1803.4525230632103,1253.1446234146465,2353.760422711774
Dhanbad,2022,1584.0386,1606.4692021787705,1056.1613025302067,2156.7771018273343
Dhanbad,2023,1995.1521,1579.3344199849253,1029.0265203363615,2129.642319633489
Dhanbad,2024,1616.0477,1753.1193555098926,1202.8114558613288,2303.4272551584563
Dhanbad,2025,1453.6633,1689.6169088181978,1139.309009169634,2239.9248084667615
Dhar,2006,564.52,657.5623609890704,478.2102997078879,836.9144222702529
Dhar,2007,388.24,536.7794968672579,357.4274355860764,716.1315581484394
Dhar,2008,378.57,523.5738438454191,344.22178256423814,702.9259051266001
Dhar,2009,583.33,221.83852105474853,42.48645977356776,401.1905823359293
Dhar,2010,750.0,527.0903217713949,347.7382604902142,706.4423830525756
Dhar,2011,846.15,790.9503051477486,611.598243866568,970.3023664289292
Dhar,2012,868.42,781.4410841623435,602.0890228811629,960.793145443524
Dhar,2013,757.58,905.6634264436034,726.3113651624228,1085.015487724784
Dhar,2014,670.0,626.8087849716339,447.4567236904534,806.1608462528145
Dhar,2016,916.6699,733.5642209787238,554.2121596975433,912.9162822599044
Dhar,2017,912.5728,785.4989000339406,606.14683875276,964.8509613151211
Dhar,2018,961.0186,839.2792916224994,659.9272303413188,1018.63135290368
Dhar,2019,1046.3385,905.6947704704762,726.3427091892956,1085.0468317516568
Dhar,2020,1082.5551,959.2082664725544,779.8562051913739,1138.560327753735
Dhar,2021,1075.2717,989.954178659515,810.6021173783345,1169.3062399406956
Dhar,2022,1170.9033,1048.2347176405497,868.8826563593691,1227.5867789217302
Dhar,2023,1222.2108,1101.6429907374627,922.2909294562821,1280.9950520186433
Dhar,2024,1195.2337,1123.7564571870262,944.4043959058456,1303.1085184682067
Dhar,2025,1269.9573,1169.237464046112,989.8854027649315,1348.5895253272927
Dharwad,2006,1773.42,1167.7453810909321,288.1643821500197,2047.3263800318446
Dharwad,2007,2219.31,1527.4867522798559,648.1920570899917,2406.7814474697198
Dharwad,2008,1186.21,1110.22621510987,231.20366477739287,1989.2487654423471
Dharwad,2009,1208.94,1184.1488755120981,305.38533615746655,2062.9124148667297
Dharwad,2010,1643.25,1447.370629808504,568.8538959549547,2325.8873636620533
Dharwad,2011,1784.25,1151.0741526446268,272.7928617276192,2029.3554435616343
Dharwad,2012,936.32,901.4150097445267,23.358566240379673,1779.4714532486737
Dharwad,2013,2110.0,1261.0916835231055,383.2501914265804,2138.9331756196307
Dharwad,2014,2283.74,1142.9383561592192,265.30255873128976,2020.5741535871487
Dharwad,2015,957.22,1000.6448764789172,123.2061023451597,1878.0836506126748
Dharwad,2016,1601.8325,1089.0558653796516,211.80598019258707,1966.3057505667161
Dharwad,2017,1359.0754,1020.6408767154296,143.57223970554094,1897.7095137253182
Dharwad,2018,1708.9564,1077.3654697657885,200.47089459965525,1954.2600449319216
Dharwad,2019,1196.4209,952.2443682219941,75.51708766513707,1828.9716487788512
Dharwad,2020,1320.6905,957.8487464053587,81.28238035444838,1834.415112456269
Dharwad,2021,1510.4139,979.8653587600027,103.45388526612373,1856.2768322538816
Dharwad,2022,1682.9348,1001.0820780212357,124.8198069745373,1877.3443490679342
Dharwad,2023,1564.8782,961.7225494309578,85.60409861865298,1837.8410002432624
Dharwad,2024,1575.9853,948.7999549159663,72.82022820136672,1824.7796816305658
Dharwad,2025,1381.9476,891.5357749901098,15.689942391133059,1767.3816075890863
Dhenkanal,2006,1408.17,1748.4625192954827,1299.9495322356638,2196.9755063553016
Dhenkanal,2007,1410.57,1587.4559454773225,1138.9429612156964,2035.9689297389486
Dhenkanal,2008,1514.1,1464.0026205547754,1015.4896381273438,1912.515602982207
Dhenkanal,2009,1288.67,1258.498120123128,809.9851388979977,1707.0111013482583
Dhenkanal,2010,1009.99,902.9620034996292,454.4490230625984,1351.47498393666
Dhenkanal,2011,1591.78,1225.5105731716922,776.9975932512549,1674.0235530921295
Dhenkanal,2012,2395.65,1355.3407670215774,906.8277874397634,1803.8537466033915
Dhenkanal,2013,2327.28,1544.754558173945,1096.241578814096,1993.267537533794
Dhenkanal,2014,2916.2,1816.0978768979273,1367.5848976835748,2264.61085611228
Dhenkanal,2015,1208.02,1654.5910564275696,1206.078077308589,2103.10403554655
Dhenkanal,2016,2141.6276,1512.1485902561744,1063.6356111997093,1960.6615693126396
Dhenkanal,2017,2095.6189,1508.7007035191073,1060.1877245036208,1957.2136825345938
Dhenkanal,2018,2611.4225,1757.5724236249375,1309.059444636312,2206.085402613563
Dhenkanal,2019,2531.1656,1780.976461945882,1332.4634829748638,2229.4894409169
Dhenkanal,2020,2251.4234,1692.171737607599,1243.6587586481223,2140.6847165670756
Dhenkanal,2021,2703.8591,1906.3887871645152,1457.8758082126037,2354.9017661164266
Dhenkanal,2022,2912.326,2052.8990043112135,1604.386025364261,2501.411983258166
Dhenkanal,2023,3080.1246,2192.322409849703,1743.8094309060011,2640.835388793405
Dhenkanal,2024,2958.8381,2203.177410977271,1754.6644320356997,2651.690389918842
Dhenkanal,2025,3371.441,2436.3295866224307,1987.8166076822563,2884.842565562605
Dhule,2006,756.97,1326.4862708419391,944.8303729548918,1708.1421687289865
Dhule,2007,1367.72,841.6486215460358,459.9927236663301,1223.3045194257415
Dhule,2008,965.12,851.5172377737094,469.8613398980817,1233.1731356493372
Dhule,2009,645.76,814.9896224560947,433.3337245827321,1196.6455203294572
Dhule,2010,1104.93,912.414210528089,530.7583126559846,1294.0701084001935
Dhule,2011,1355.31,802.043541881035,420.38764400962947,1183.6994397524406
Dhule,2012,1314.71,760.9605136182081,379.3046157471907,1142.6164114892254
Dhule,2013,993.38,1207.3301222593993,825.6742243885976,1588.986020130201
Dhule,2014,491.8,1012.1465881440837,630.4906902734017,1393.8024860147657
Dhule,2015,943.4,681.8426823637111,300.1867844930957,1063.4985802343265
Dhule,2016,929.2708,714.1675801136112,332.5116822430327,1095.8234779841896
Dhule,2017,984.9345,737.7731297804802,356.1172319099222,1119.4290276510383
Dhule,2018,892.57,712.3854307922279,330.7295329216813,1094.0413286627745
Dhule,2019,841.9538,686.0624505729352,304.40655270239495,1067.7183484434754
Dhule,2020,809.7569,660.6598709000898,279.0039730295531,1042.3157687706266
Dhule,2021,903.9429,682.3250030257984,300.66910515526365,1063.9809008963332
Dhule,2022,860.0905,669.1653172995473,287.5094194290136,1050.821215170081
Dhule,2023,816.6664,648.3568005004342,266.7009026299012,1030.0126983709674
Dhule,2024,820.9049,640.1865888290004,258.5306909584676,1021.8424866995331
Dhule,2025,818.9134,632.7721635273185,251.11626565678597,1014.428061397851
Dibrugarh,2006,1410.97,1619.4611329543677,1418.8218850307694,1820.100380877966
Dibrugarh,2007,1484.31,1516.7541777440495,1316.1149298204512,1717.3934256676478
Dibrugarh,2008,1706.76,1518.0157017346169,1317.3764538110186,1718.6549496582152
Dibrugarh,2009,1766.89,1473.6807848407313,1273.041536917133,1674.3200327643297
Dibrugarh,2010,2071.63,1728.0916634865403,1527.452415562942,1928.7309114101386
Dibrugarh,2011,1571.84,1892.8022653911844,1692.163017467586,2093.4415133147827
Dibrugarh,2012,1880.57,1694.1287246880954,1493.489476764497,1894.7679726116937
Dibrugarh,2013,1808.46,1819.3644730550425,1618.7252251314442,2020.0037209786408
Dibrugarh,2014,1697.27,1836.2803108296698,1635.6410629060715,2036.9195587532681
Dibrugarh,2015,1887.22,1750.7226031988685,1550.0833552752702,1951.3618511224668
Dibrugarh,2016,1836.3165,1828.3273813331368,1627.6881334095385,2028.9666292567351
Dibrugarh,2017,1961.3052,1811.617803446105,1610.9785555225067,2012.2570513697033
Dibrugarh,2018,2014.5804,1883.7784257747821,1683.1391778511838,2084.4176736983804
Dibrugarh,2019,2022.5278,1957.05620517103,1756.4169572474316,2157.695453094628
Dibrugarh,2020,2110.6836,1978.2124549210182,1777.57320699742,2178.8517028446163
Dibrugarh,2021,2074.2906,2062.818585698864,1862.1793377752656,2263.457833622462
Dibrugarh,2022,2183.8551,2051.504801117272,1850.8655531936738,2252.1440490408704
Dibrugarh,2023,2242.1474,2113.6751184489317,1913.0358705253334,2314.31436637253
Dibrugarh,2024,2218.9451,2193.1245729998536,1992.4853250762553,2393.763820923452
Dibrugarh,2025,2368.689,2179.6176021174924,1978.9783541938941,2380.2568500410907
Dungarpur,2006,669.0,893.5642073910233,309.4010246139105,1477.727390168136
Dungarpur,2007,1308.87,595.3538427429569,11.191150010375168,1179.5165354755386
Dungarpur,2008,221.7,829.2056660566002,245.0433458248791,1413.3679862883214
Dungarpur,2009,362.46,186.16295559257696,-397.99908148676195,770.3249926719159
Dungarpur,2010,659.87,760.3477074347938,176.18588559104012,1344.5095292785477
Dungarpur,2011,777.58,963.834428681128,379.67277044691593,1547.9960869153401
Dungarpur,2012,945.01,731.1857945071126,147.02426063948587,1315.3473283747394
Dungarpur,2013,1096.11,993.7778038872295,409.61636455603195,1577.9392432184272
Dungarpur,2014,696.88,763.7923538735286,179.63098640361682,1347.9537213434403
Dungarpur,2015,673.59,670.4821957491213,86.3208829041539,1254.6435085940886
Dungarpur,2016,941.15,812.5422854453436,228.38101412323124,1396.7035567674561
Dungarpur,2017,825.2114,789.7648373299558,205.60359757122615,1373.9260770886854
Dungarpur,2018,671.092,740.9792263524218,156.8180105864394,1325.1404421184043
Dungarpur,2019,891.8204,816.6966927743656,232.53549524635287,1400.8578903023783
Dungarpur,2020,803.3435,797.1605552118854,212.99937154737836,1381.3217388763924
Dungarpur,2021,959.1387,858.7017784388254,274.5406053125972,1442.8629515650537
Dungarpur,2022,805.2137,818.3251764645643,234.16401134895978,1402.4863415801688
Dungarpur,2023,772.592,808.0374280392548,223.87626901288922,1392.1985870656204
Dungarpur,2024,1023.6084,899.3110578487856,315.1499034511272,1483.472212246444
Dungarpur,2025,996.7569,908.7635259041044,324.6023750249368,1492.924676783272
Durg,2006,1505.81,1238.4916152173978,879.8202487087399,1597.1629817260557
Durg,2007,1369.98,1327.598225818981,968.9268593103232,1686.269592327639
Durg,2008,876.42,1222.904861294643,864.2334947859852,1581.576227803301
Durg,2009,788.37,1061.2406210020627,702.5692544934047,1419.9119875107206
Durg,2010,1695.77,1083.4414615546843,724.7700950460264,1442.1128280633422
Durg,2011,1756.23,1390.5659497332908,1031.894583224633,1749.2373162419487
Durg,2012,1900.97,1621.871579666558,1263.2002131579002,1980.542946175216
Durg,2013,1581.86,1677.892165562383,1319.2207990537252,2036.563532071041
Durg,2014,1729.89,1568.284275716704,1209.6129092080462,1926.955642225362
Durg,2015,1076.95,1551.15413344751,1192.4827669388521,1909.825499956168
Durg,2016,1667.4874,1471.6100809956238,1112.9387144869659,1830.2814475042817
Durg,2017,1633.4649,1535.975007764809,1177.3036412561512,1894.646374273467
Durg,2018,1751.3227,1609.2895416324732,1250.6181751238153,1967.960908141131
Durg,2019,1878.7351,1705.443412829421,1346.7720463207631,2064.114779338079
Durg,2020,1724.7626,1718.7089873846264,1360.0376208759685,2077.3803538932843
Durg,2021,1758.6134,1723.024623002341,1364.3532564936831,2081.695989510999
Durg,2022,1986.2875,1806.8654094561207,1448.1940429474628,2165.536775964779
Durg,2023,1933.3673,1857.5170015598349,1498.845635051177,2216.1883680684928
Durg,2024,1835.0058,1847.0902689911766,1488.4189024825187,2205.7616354998345
Durg,2025,1977.029,1880.57972443313,1521.908357924472,2239.251090941788
East Godavari,2006,3511.17,3389.7988646251256,2777.4084820679786,4002.1892471822725
East Godavari,2007,3696.84,3482.728351083777,2870.33796852663,4095.118733640924
East Godavari,2008,3690.07,3559.2209633533225,2946.8305807961756,4171.61134591047
East Godavari,2009,3500.23,3908.750138950203,3296.359756393056,4521.14052150735
East Godavari,2010,3306.99,2994.8243308194897,2382.4339482623427,3607.2147133766366
East Godavari,2011,3491.14,3775.069317238367,3162.67893468122,4387.459699795514
East Godavari,2012,2747.49,3239.383092018279,2626.992709461132,3851.773474575426
East Godavari,2013,2994.24,3088.3917570786016,2476.0013745214546,3700.7821396357485
East Godavari,2014,3966.38,3235.202153390504,2622.811770833357,3847.592535947651
East Godavari,2015,3786.79,3561.805641498662,2949.4152589415153,4174.196024055809
East Godavari,2016,3468.6307,3692.684151871017,3080.29376931387,4305.074534428164
East Godavari,2017,3435.824,3592.0671206542393,2979.6767380970923,4204.457503211386
East Godavari,2018,3470.4837,3495.1859291315827,2882.795546574436,4107.57631168873
East Godavari,2019,3369.1868,3540.9551074025376,2928.5647248453906,4153.3454899596845
East Godavari,2020,3584.3056,3343.782539741672,2731.392157184525,3956.172922298819
East Godavari,2021,3433.392,3563.2848364241845,2950.8944538670376,4175.675218981331
East Godavari,2022,3406.0876,3512.588996904743,2900.198614347596,4124.97937946189
East Godavari,2023,3450.6,3438.5666539363747,2826.1762713792277,4050.9570364935216
East Godavari,2024,3243.779,3558.482257920779,2946.091875363632,4170.872640477926
East Godavari,2025,3493.841,3263.5307717849455,2651.1403892277986,3875.9211543420924
Eranakulam,2006,2024.92,1942.1507599313104,1746.952982714832,2137.3485371477886
Eranakulam,2007,2003.6,1906.9888523756517,1711.7910751591733,2102.18662959213
Eranakulam,2008,2016.43,1971.7804501802239,1776.5826729637454,2166.978227396702
Eranakulam,2009,1976.55,1995.6576607190968,1800.4598835026184,2190.855437935575
Eranakulam,2010,2000.0,2031.7532310955032,1836.5554538790248,2226.9510083119817
Eranakulam,2011,2154.6,1956.6287394994542,1761.4309622829758,2151.8265167159325
Eranakulam,2012,2194.92,2026.7907767837137,1831.5929995672352,2221.988554000192
Eranakulam,2013,2252.51,2077.990501159623,1882.7927239431444,2273.188278376101
Eranakulam,2014,2161.09,2181.700354829582,1986.5025776131035,2376.8981320460603
Eranakulam,2015,2136.1,2212.7346594657565,2017.536882249278,2407.9324366822348
Eranakulam,2016,2248.0955,2152.956766233842,1957.7589890173633,2348.15454345032
Eranakulam,2017,2236.2076,2194.1850730442866,1998.987295827808,2389.382850260765
Eranakulam,2018,2276.262,2210.2442189857074,2015.046441769229,2405.4419962021857
Eranakulam,2019,2303.0812,2237.040389212889,2041.8426119964104,2432.238166429367
Eranakulam,2020,2366.561,2261.5639502274526,2066.3661730109743,2456.761727443931
Eranakulam,2021,2376.8716,2305.4819422369974,2110.284165020519,2500.6797194534756
Eranakulam,2022,2375.3816,2336.252190459889,2141.0544132434106,2531.449967676367
Eranakulam,2023,2436.8547,2349.790535993381,2154.592758776903,2544.9883132098594
Eranakulam,2024,2427.7882,2387.507727357161,2192.3099501406828,2582.7055045736392
Eranakulam,2025,2489.5584,2401.4982567713823,2206.300479554904,2596.6960339878606
Etah,2006,2165.6,1874.7384253903556,1442.035212438127,2307.441638342584
Etah,2007,2268.85,2044.7672631941423,1612.0640502419137,2477.470476146371
Etah,2008,2217.92,2455.2146510223265,2022.511438070098,2887.917863974555
Etah,2009,2150.52,2076.5194455004676,1643.816232548239,2509.222658452696
Etah,2010,2124.97,2305.4028565365597,1872.6996435843312,2738.1060694887883
Etah,2011,2553.4,2220.4835021489507,1787.7802891967222,2653.1867151011793
Etah,2012,2690.35,2259.2212256125085,1826.51801266028,2691.924438564737
Etah,2013,2284.69,2619.0981822297263,2186.3949692774977,3051.801395181955
Etah,2014,2300.62,2179.9498207842016,1747.246607831973,2612.65303373643
Etah,2015,1685.45,2312.640755944666,1879.9375429924376,2745.3439688968947
Etah,2016,2206.6838,1954.8009891409001,1522.0977761886716,2387.5042020931287
Etah,2017,2143.3355,2072.170711479179,1639.4674985269503,2504.8739244314074
Etah,2018,2080.806,2079.628635551462,1646.9254225992336,2512.3318485036907
Etah,2019,2216.2374,2129.227523368264,1696.5243104160354,2561.9307363204925
Etah,2020,2133.3228,2137.6223268573285,1704.9191139051,2570.325539809557
Etah,2021,2248.9326,2175.3848647408195,1742.681651788591,2608.088077693048
Etah,2022,2235.9693,2205.5486528788533,1772.8454399266247,2638.251865831082
Etah,2023,2029.9669,2126.637017487,1693.9338045347713,2559.3402304392284
Etah,2024,2125.9243,2099.632326214639,1666.9291132624103,2532.3355391668674
Etah,2025,2086.3895,2089.580315351748,1656.8771023995196,2522.2835283039767
Etawah,2006,2723.32,2442.2097418712665,2005.6687573058298,2878.750726436703
Etawah,2007,2646.65,2659.718953294102,2223.1779687286653,3096.2599378595387
Etawah,2008,2929.45,2783.4281756182418,2346.887191052805,3219.9691601836785
Etawah,2009,2704.37,2605.5375775865896,2168.996593021153,3042.0785621520263
Etawah,2010,2614.02,2840.4965084118676,2403.955523846431,3277.0374929773043
Etawah,2011,2800.41,2737.374368371051,2300.833383805614,3173.9153529364876
Etawah,2012,3045.08,2623.084185259452,2186.5432006940155,3059.625169824889
Etawah,2013,3090.75,3115.4210817083067,2678.88009714287,3551.9620662737434
Etawah,2014,2878.21,2937.8524467302113,2501.3114621647746,3374.393431295648
Etawah,2015,2642.5,2938.035957967093,2501.4949734016564,3374.5769425325298
Etawah,2016,2899.5802,2694.1904622179727,2257.649477652536,3130.7314467834094
Etawah,2017,2913.0788,2809.8835509589844,2373.3425663935477,3246.424535524421
Etawah,2018,2949.8019,2867.130588067762,2430.589603502325,3303.6715726331986
Etawah,2019,2962.0052,2910.412849088628,2473.871864523191,3346.9538336540645
Etawah,2020,3012.5177,2938.326818556551,2501.7858339911145,3374.867803121988
Etawah,2021,3018.5563,2976.1386662870673,2539.5976817216306,3412.679650852504
Etawah,2022,3021.6451,2994.9967303893054,2558.4557458238687,3431.537714954742
Etawah,2023,3014.3619,3003.772241371761,2567.2312568063244,3440.313225937198
Etawah,2024,3073.1565,3008.1670765088065,2571.62609194337,3444.7080610742432
Etawah,2025,3086.688,3041.129282510282,2604.588297944845,3477.6702670757186
Faizabad,2006,1772.42,2223.5477260829684,1809.9313189121312,2637.1641332538056
Faizabad,2007,2360.91,1980.9513332148172,1567.33492604398,2394.5677403856544
Faizabad,2008,2556.02,2460.1722116841165,2046.5558045132793,2873.7886188549537
Faizabad,2009,2458.71,2092.1702184508886,1678.5538112800514,2505.7866256217258
Faizabad,2010,2430.25,2503.041539335307,2089.4251321644697,2916.657946506144
Faizabad,2011,2552.81,2574.981674313168,2161.3652671423306,2988.598081484005
Faizabad,2012,2658.1,2479.521156153155,2065.904748982318,2893.1375633239923
Faizabad,2013,2677.11,2745.963105504952,2332.346698334115,3159.5795126757894
Faizabad,2014,2338.27,2533.0838021584905,2119.4673949876533,2946.7002093293277
Faizabad,2015,2100.54,2401.3096033480188,1987.6931961771816,2814.926010518856
Faizabad,2016,2522.817,2125.8414948510435,1712.2250876802063,2539.4579020218807
Faizabad,2017,2660.0865,2377.4842009351705,1963.8677937643333,2791.1006081060077
Faizabad,2018,2606.8654,2548.4237868633627,2134.8073796925255,2962.0401940342
Faizabad,2019,2690.0623,2574.320071966871,2160.703664796034,2987.9364791377084
Faizabad,2020,2640.8509,2634.743936414252,2221.1275292434148,3048.360343585089
Faizabad,2021,2625.9616,2623.421747575072,2209.805340404235,3037.038154745909
Faizabad,2022,2807.1982,2614.787861516259,2201.171454345422,3028.404268687096
Faizabad,2023,2596.3036,2721.878567735843,2308.2621605650056,3135.49497490668
Faizabad,2024,2674.6318,2625.676894262664,2212.060487091827,3039.2933014335013
Faizabad,2025,2738.8124,2644.7918316422347,2231.1754244713975,3058.408238813072
Farrukhabad,2006,2346.65,2169.775836087093,1676.608330334092,2662.943341840094
Farrukhabad,2007,2481.08,2276.1455893616303,1782.9780836086293,2769.3130951146313
Farrukhabad,2008,2620.07,2478.2516431975155,1985.0841374445145,2971.4191489505165
Farrukhabad,2009,2439.75,2402.483536098571,1909.3160303455702,2895.6510418515722
Farrukhabad,2010,2215.99,2571.625601960358,2078.458096207357,3064.793107713359
Farrukhabad,2011,2627.45,2367.8702429338705,1874.7027371808695,2861.0377486868715
Farrukhabad,2012,2909.4,2321.638644092093,1828.4711383390918,2814.806149845094
Farrukhabad,2013,2832.23,2864.095823175532,2370.928317422531,3357.263328928533
Farrukhabad,2014,2523.44,2658.0492956955877,2164.8817899425867,3151.2168014485887
Farrukhabad,2015,2322.98,2631.375086900711,2138.20758114771,3124.542592653712
Farrukhabad,2016,2681.246,2510.356720766101,2017.1892150130998,3003.524226519102
Farrukhabad,2017,2801.8253,2625.5272236872565,2132.3597179342555,3118.6947294402576
Farrukhabad,2018,2782.2998,2702.8314222036142,2209.663916450613,3195.9989279566153
Farrukhabad,2019,2610.7683,2687.678396262657,2194.510890509656,3180.845902015658
Farrukhabad,2020,2666.9907,2660.2618914723353,2167.0943857193342,3153.4293972253363
Farrukhabad,2021,2669.0614,2658.9999960797068,2165.8324903267057,3152.167501832708
Farrukhabad,2022,2762.8943,2685.978520473467,2192.811014720466,3179.146026226468
Farrukhabad,2023,2840.7442,2741.76529299435,2248.597787241349,3234.932798747351
Farrukhabad,2024,2746.4973,2758.755704263934,2265.588198510933,3251.923210016935
Farrukhabad,2025,2758.6913,2750.925548884403,2257.758043131402,3244.093054637404
Fatehpur,2006,1596.27,1712.3938897971561,1202.2112582148832,2222.5765213794293
Fatehpur,2007,1885.49,1692.4497847054527,1182.2671531231797,2202.6324162877254
Fatehpur,2008,2307.9,1834.2353751312653,1324.0527435489923,2344.4180067135385
Fatehpur,2009,2182.95,1845.1996295624313,1335.0169979801583,2355.382261144704
Fatehpur,2010,2107.32,2135.044194536784,1624.8615629545109,2645.2268261190566
Fatehpur,2011,2338.18,2105.6138803457516,1595.4312487634786,2615.7965119280243
Fatehpur,2012,2456.19,2057.411755539046,1547.2291239567733,2567.5943871213194
Fatehpur,2013,2605.02,2442.5536105558713,1932.3709789735983,2952.736242138144
Fatehpur,2014,1946.1,2375.5801420350845,1865.3975104528115,2885.762773617357
Fatehpur,2015,2046.98,2231.8465765757865,1721.6639449935135,2742.029208158059
Fatehpur,2016,2336.817,2137.107691204601,1626.925059622328,2647.2903227868737
Fatehpur,2017,2292.2204,2212.661957159243,1702.4793255769698,2722.8445887415155
Fatehpur,2018,2413.3297,2248.183536783789,1738.000905201516,2758.366168366062
Fatehpur,2019,2567.2773,2319.2238537658527,1809.0412221835797,2829.406485348126
Fatehpur,2020,2633.9823,2419.1484531529586,1908.9658215706856,2929.3310847352313
Fatehpur,2021,2546.2854,2498.7077369047506,1988.5251053224777,3008.890368487024
Fatehpur,2022,2621.1788,2519.3674650226203,2009.1848334403473,3029.550096604893
Fatehpur,2023,2764.1759,2564.740169046583,2054.5575374643104,3074.922800628856
Fatehpur,2024,2743.683,2641.2969659271225,2131.1143343448493,3151.4795975093957
Fatehpur,2025,2786.2277,2682.229166878487,2172.0465352962137,3192.41179846076
Ferozpur,2006,4074.87,4118.890048865686,3675.7641574791155,4562.015940252257
Ferozpur,2007,4212.07,4142.262167016376,3699.136275629806,4585.388058402947
Ferozpur,2008,4244.45,4127.493123678301,3684.3672322917305,4570.619015064872
Ferozpur,2009,4026.91,3980.2300483763684,3537.104156989798,4423.355939762939
Ferozpur,2010,3924.38,4247.679772428185,3804.553881041614,4690.8056638147555
Ferozpur,2011,3763.58,3858.0733581933846,3414.947466806814,4301.199249579955
Ferozpur,2012,4145.53,3857.630445855055,3414.504554468484,4300.756337241625
Ferozpur,2013,4103.83,4197.98936591224,3754.8634745256695,4641.11525729881
Ferozpur,2014,3905.46,4268.500705720911,3825.3748143343405,4711.626597107482
Ferozpur,2015,3985.63,3907.2640354371006,3464.13814405053,4350.389926823671
Ferozpur,2016,3911.9907,3814.585372483316,3371.459481096745,4257.711263869886
Ferozpur,2017,3879.2703,3931.532181745175,3488.4062903586046,4374.658073131745
Ferozpur,2018,3882.4062,3855.4242979121564,3412.2984065255855,4298.550189298727
Ferozpur,2019,3918.255,3811.1516609400805,3368.02576955351,4254.277552326651
Ferozpur,2020,3895.5303,3923.8243302057153,3480.6984388191445,4366.950221592286
Ferozpur,2021,3795.7293,4010.9534417554096,3567.827550368839,4454.07933314198
Ferozpur,2022,3836.9145,3726.095282496357,3282.969391109786,4169.221173882927
Ferozpur,2023,3783.0854,3884.6479460558294,3441.522054669259,4327.7738374424
Ferozpur,2024,3726.0305,3843.0228061421803,3399.8969147556095,4286.148697528751
Ferozpur,2025,3710.3967,3730.17412624753,3287.0482348609594,4173.3000176341
Ganganagar,2006,4416.8,3541.1568568585335,2394.660440074048,4687.653273643019
Ganganagar,2007,4109.43,3842.79353187798,2696.2971150934945,4989.289948662466
Ganganagar,2008,3412.92,4032.035304088645,2885.5388873041593,5178.53172087313
Ganganagar,2009,3228.58,3099.086201096662,1952.5897843121768,4245.582617881148
Ganganagar,2010,3576.14,3847.1895187534046,2700.693101968919,4993.68593553789
Ganganagar,2011,3165.71,3570.1198122930177,2423.6233955085327,4716.616229077503
Ganganagar,2012,2746.64,3200.204966480775,2053.70854969629,4346.70138326526
Ganganagar,2013,3800.81,3221.715910296708,2075.2194935122225,4368.2123270811935
Ganganagar,2014,3529.17,3422.9747438620025,2276.478327077517,4569.471160646488
Ganganagar,2015,2898.91,3543.1121364558235,2396.6157196713384,4689.6085532403085
Ganganagar,2016,2682.7396,3240.207316189246,2093.7108994047603,4386.703732973731
Ganganagar,2017,2655.7585,2981.708521128302,1835.2121043438167,4128.2049379127875
Ganganagar,2018,2686.0964,2801.2591831751633,1654.762766390678,3947.755599959649
Ganganagar,2019,2717.3704,2708.7710036129406,1562.2745868284553,3855.2674203974257
Ganganagar,2020,2685.4287,2688.8556809778565,1542.3592641933712,3835.352097762342
Ganganagar,2021,2416.7764,2741.714797919929,1595.2183811354437,3888.2112147044145
Ganganagar,2022,2360.4508,2590.195190651437,1443.6987738669516,3736.6916074359224
Ganganagar,2023,2115.717,2540.3894561163524,1393.8930393318672,3686.885872900838
Ganganagar,2024,1785.4284,2437.1409696843243,1290.644552899839,3583.6373864688094
Ganganagar,2025,1765.9802,2136.7434105171906,990.2469937327053,3283.239827301676
Ganjam,2006,2069.95,1923.1662668958134,1278.3098914011346,2568.0226423904924
Ganjam,2007,2229.43,1871.5547892276259,1226.698413733021,2516.4111647222308
Ganjam,2008,1661.09,1944.3242927346464,1299.467917240077,2589.180668229216
Ganjam,2009,1991.33,1505.7745211054362,860.918145610884,2150.6308965999883
Ganjam,2010,1648.88,1443.6448957104078,798.7885202158639,2088.501271204952
Ganjam,2011,647.8,1778.121529066664,1133.2651535721238,2422.977904561204
Ganjam,2012,1817.69,1411.828931521183,766.972556026645,2056.6853070157213
Ganjam,2013,435.28,1465.9092402970316,821.0528648024945,2110.765615791569
Ganjam,2014,2558.54,1349.3682592293155,704.5118837347788,1994.2246347238522
Ganjam,2015,1797.21,1447.176216501589,802.3198410070524,2092.032591996125
Ganjam,2016,1551.7783,1515.6188621254944,870.762486630958,2160.475237620031
Ganjam,2017,1568.3358,1490.4281153200614,845.571739825525,2135.2844908145976
Ganjam,2018,1342.1409,1417.3877941711253,772.531418676589,2062.2441696656615
Ganjam,2019,1223.7145,1324.4422892259786,679.5859137314424,1969.2986647205148
Ganjam,2020,955.0665,1186.2113662426605,541.3549907481242,1831.0677417371967
Ganjam,2021,1245.6755,1147.7050946749914,502.8487191804552,1792.5614701695276
Ganjam,2022,1151.2713,1113.733052010855,468.87667651631887,1758.5894275053913
Ganjam,2023,1499.0983,1171.649877307335,526.7935018127987,1816.5062528018711
Ganjam,2024,1036.2289,1115.842780003479,470.98640450894277,1760.6991554980152
Ganjam,2025,610.5141,944.8436343276335,299.98725883309726,1589.7000098221697
Garhwal,2006,1024.59,1187.6656945603904,944.5877288415214,1430.7436602792593
Garhwal,2007,941.1,997.8541734048407,754.776348770409,1240.9319980392725
Garhwal,2008,1074.5,1099.3595890248153,856.2818527760571,1342.4373252735734
Garhwal,2009,1074.54,830.3453914887783,587.2677106114048,1073.4230723661517
Garhwal,2010,1085.56,1056.9559806442044,813.8783344556375,1300.0336268327712
Garhwal,2011,1153.94,980.9441541848419,737.8665297279712,1224.0217786417127
Garhwal,2012,1172.57,967.403398304532,724.3257874620476,1210.4810091470163
Garhwal,2013,1286.64,1062.0040406775756,818.9264383641802,1305.081642990971
Garhwal,2014,1191.49,1215.3807349178114,972.3031379476879,1458.458331887935
Garhwal,2015,1338.66,1210.6024031175525,967.5248094948624,1453.6799967402426
Garhwal,2016,1345.785,1118.8092547696638,875.7316632440617,1361.8868462952657
Garhwal,2017,1371.1847,1202.728276975513,959.6506867636871,1445.805867187339
Garhwal,2018,1417.086,1203.3370974968734,960.2595081080973,1446.4146868856494
Garhwal,2019,1457.3789,1232.8627254814583,989.7851366083034,1475.940314354613
Garhwal,2020,1479.1892,1328.7424155100534,1085.6648269599232,1571.8200040601837
Garhwal,2021,1524.2731,1328.4349927797837,1085.3574044320208,1571.5125811275466
Garhwal,2022,1552.7709,1395.133377278616,1152.0557890576315,1638.2109654996007
Garhwal,2023,1582.5723,1449.32872316834,1206.2511350267791,1692.406311309901
Garhwal,2024,1624.1309,1457.686292031855,1214.608703940051,1700.7638801236587
Garhwal,2025,1648.2677,1533.3620663426755,1290.2844782820434,1776.4396544033075
Gaya,2006,2160.2,1178.6854378808857,421.8013077439414,1935.56956801783
Gaya,2007,2169.02,1842.4611034649247,1085.5769733279803,2599.345233601869
Gaya,2008,1678.51,1772.994069093576,1016.1099389566316,2529.8781992305203
Gaya,2009,1268.03,1555.1999602200538,798.3158300831094,2312.084090356998
Gaya,2010,1320.77,1328.4616807588961,571.5775506219518,2085.3458108958403
Gaya,2011,3148.86,1561.590489875756,804.7063597388117,2318.4746200127
Gaya,2012,3330.79,2149.5164153109777,1392.6322851740333,2906.400545447922
Gaya,2013,2893.98,2640.420919318914,1883.5367891819697,3397.3050494558584
Gaya,2014,3493.54,2736.000355834016,1979.1162256970715,3492.88448597096
Gaya,2015,2929.6,2939.36919716255,2182.4850670256055,3696.2533272994942
Gaya,2016,3486.3182,2936.801175335826,2179.9170451988816,3693.6853054727703
Gaya,2017,3523.954,3111.1568168102167,2354.2726866732723,3868.040946947161
Gaya,2018,3652.4252,3247.759361504318,2490.8752313673735,4004.6434916412622
Gaya,2019,4319.7184,3476.380454540725,2719.496324403781,4233.2645846776695
Gaya,2020,4211.6348,3740.6178031039403,2983.733672966996,4497.501933240885
Gaya,2021,4349.3155,3901.759504844757,3144.8753747078126,4658.643634981701
Gaya,2022,4515.1633,4058.6472904772527,3301.7631603403083,4815.5314206141975
Gaya,2023,4694.2975,4221.406823106418,3464.522692969474,4978.290953243362
Gaya,2024,4855.0856,4387.370084346474,3630.4859542095296,5144.254214483419
Gaya,2025,5133.8666,4572.146547408037,3815.2624172710925,5329.030677544981
Ghazipur,2006,1925.88,1558.7811269727679,970.3390482242057,2147.22320572133
Ghazipur,2007,2161.23,1845.9419419658311,1257.499863217269,2434.384020714393
Ghazipur,2008,2235.08,2174.4326412609316,1585.9905625123695,2762.874720009494
Ghazipur,2009,1855.25,2037.6550687191918,1449.2129899706297,2626.097147467754
Ghazipur,2010,2102.0,1916.3765850513723,1327.9345063028102,2504.8186637999343
Ghazipur,2011,2286.01,2116.33675785203,1527.894679103468,2704.7788366005925
Ghazipur,2012,2336.91,2119.421391259553,1530.9793125109907,2707.8634700081147
Ghazipur,2013,2135.93,2494.787783237009,1906.345704488447,3083.229861985571
Ghazipur,2014,2153.07,2062.561445097676,1474.1193663491138,2651.003523846238
Ghazipur,2015,2165.02,2054.9281216776803,1466.4860429291182,2643.3702004262423
Ghazipur,2016,2298.5967,2247.5712732658662,1659.129194517304,2836.013352014428
Ghazipur,2017,2265.9472,2227.3400349862904,1638.8979562377283,2815.782113734853
Ghazipur,2018,2289.8071,2251.016177738432,1662.5740989898698,2839.4582564869943
Ghazipur,2019,2325.5399,2285.4839775893097,1697.0418988407475,2873.926056337872
Ghazipur,2020,2298.9458,2264.53933522363,1676.097256475068,2852.981413972192
Ghazipur,2021,2408.976,2363.458729481582,1775.0166507330198,2951.9008082301443
Ghazipur,2022,2353.047,2319.164311587284,1730.7222328387218,2907.6063903358463
Ghazipur,2023,2407.9676,2368.158332887365,1779.7162541388027,2956.6004116359272
Ghazipur,2024,2278.5882,2254.511999905524,1666.069921156962,2842.9540786540865
Ghazipur,2025,2402.2303,2359.8933517290566,1771.4512729804944,2948.3354304776185
Goalpara,2006,1307.69,1317.7810865018607,1174.336944859057,1461.2252281446645
Goalpara,2007,1382.22,1241.2636667996535,1097.8195251568497,1384.7078084424572
Goalpara,2008,1475.46,1364.221663067369,1220.7775214245653,1507.6658047101728
Goalpara,2009,1534.5,1539.7770788690925,1396.3329372262888,1683.2212205118963
Goalpara,2010,2006.35,1527.8920091709888,1384.447867528185,1671.3361508137925
Goalpara,2011,1869.4,1918.7193935683326,1775.275251925529,2062.163535211136
Goalpara,2012,2035.09,1856.2379263028356,1712.7937846600319,1999.6820679456393
Goalpara,2013,2295.02,2049.7090296652555,1906.2648880224517,2193.1531713080594
Goalpara,2014,2237.35,2190.5650700586225,2047.1209284158188,2334.0092117014265
Goalpara,2015,2071.04,2263.8951769642767,2120.451035321473,2407.3393186070807
Goalpara,2016,2501.689,2113.8969931055044,1970.4528514627007,2257.341134748308
Goalpara,2017,2548.6972,2450.529146075334,2307.0850044325307,2593.9732877181377
Goalpara,2018,2594.7701,2533.6597261803918,2390.2155845375883,2677.1038678231953
Goalpara,2019,2791.7012,2588.427419351561,2444.9832777087577,2731.8715609943647
Goalpara,2020,2884.9716,2764.816141182413,2621.3719995396095,2908.2602828252166
Goalpara,2021,3039.4009,2870.110710673979,2726.6665690311756,3013.5548523167827
Goalpara,2022,3063.6434,3014.8992667979514,2871.4551251551475,3158.3434084407554
Goalpara,2023,3159.3236,3056.1144724427695,2912.670330799966,3199.558614085573
Goalpara,2024,3277.8081,3145.6128922083385,3002.1687505655345,3289.0570338511425
Goalpara,2025,3460.5994,3262.2081880770293,3118.7640464342257,3405.652329719833
Gonda,2006,1674.41,1660.1707865029348,1191.9139802567988,2128.4275927490708
Gonda,2007,2015.74,1708.2977914174708,1240.0409851713348,2176.5545976636067
Gonda,2008,2352.85,2111.420564415638,1643.1637581695022,2579.677370661774
Gonda,2009,1963.63,1882.0840186802188,1413.8272124340829,2350.340824926355
Gonda,2010,2223.17,2056.2960508768338,1588.0392446306978,2524.5528571229697
Gonda,2011,2248.19,2265.2626628809985,1797.0058566348625,2733.5194691271345
Gonda,2012,2339.7,2180.6124737591244,1712.3556675129885,2648.8692800052604
Gonda,2013,2340.54,2388.188106431856,1919.93130018572,2856.444912677992
Gonda,2014,1965.41,2179.6096318839955,1711.3528256378595,2647.8664381301314
Gonda,2015,1941.63,2058.7672435595105,1590.5104373133745,2527.0240498056464
Gonda,2016,2306.2515,1973.8813946962855,1505.6245884501495,2442.1382009424215
Gonda,2017,2183.9958,2123.5382351831977,1655.2814289370617,2591.7950414293337
Gonda,2018,2344.6976,2169.6691604269436,1701.4123541808076,2637.9259666730795
Gonda,2019,2289.4007,2241.9469010125385,1773.6900947664026,2710.2037072586745
Gonda,2020,2256.1093,2245.638325345977,1777.3815190998412,2713.895131592113
Gonda,2021,2332.9354,2248.1969908547853,1779.9401846086494,2716.4537971009213
Gonda,2022,2212.0764,2257.276428875707,1789.0196226295711,2725.533235121843
Gonda,2023,2228.5195,2217.2698458063105,1749.0130395601745,2685.5266520524465
Gonda,2024,2252.635,2210.7546597163446,1742.4978534702086,2679.0114659624805
Gonda,2025,2315.3379,2228.615816092398,1760.3590098462619,2696.872622338534
Gorakhpur,2006,2016.0,1985.0893360201362,1602.911656389464,2367.2670156508084
Gorakhpur,2007,2044.86,2018.3814050519495,1636.2037254212773,2400.5590846826217
Gorakhpur,2008,2144.98,2163.7489493337844,1781.5712697031122,2545.9266289644565
Gorakhpur,2009,2145.44,2043.38800262463,1661.2103229939578,2425.565682255302
Gorakhpur,2010,2102.31,2111.9141093642547,1729.7364297335826,2494.091788994927
Gorakhpur,2011,2276.0,2152.032972463865,1769.8552928331928,2534.210652094537
Gorakhpur,2012,2372.38,2164.232792575189,1782.0551129445166,2546.410472205861
Gorakhpur,2013,2438.7,2399.741936146045,2017.564256515373,2781.9196157767174
Gorakhpur,2014,2336.68,2253.8387675680005,1871.6610879373284,2636.0164471986727
Gorakhpur,2015,1961.67,2284.6714559872794,1902.4937763566072,2666.8491356179516
Gorakhpur,2016,2280.257,2151.5418715560036,1769.3641919253314,2533.7195511866757
Gorakhpur,2017,2348.0232,2258.8156235866054,1876.6379439559332,2640.9933032172776
Gorakhpur,2018,2345.9544,2292.3974767762984,1910.2197971456262,2674.5751564069706
Gorakhpur,2019,2375.7378,2326.445819137088,1944.268139506416,2708.6234987677603
Gorakhpur,2020,2440.1768,2382.3336469939954,2000.1559673633233,2764.5113266246676
Gorakhpur,2021,2418.1216,2382.435673697425,2000.2579940667529,2764.613353328097
Gorakhpur,2022,2361.8763,2344.7271152490403,1962.549435618368,2726.9047948797124
Gorakhpur,2023,2501.8438,2434.089365447096,2051.911685816424,2816.267045077768
Gorakhpur,2024,2497.2037,2452.609037297832,2070.43135766716,2834.786716928504
Gorakhpur,2025,2467.7579,2439.3192094583546,2057.1415298276825,2821.496889089027
Gulbarga / Kalaburagi,2006,2164.26,3157.252583569909,2344.5971643912626,3969.908002748555
Gulbarga / Kalaburagi,2007,2458.43,2323.4703889691446,1510.8149697904983,3136.125808147791
Gulbarga / Kalaburagi,2008,2335.67,2093.447137884854,1280.7917187062078,2906.1025570635
Gulbarga / Kalaburagi,2009,2273.69,2671.16447278329,1858.5090536046437,3483.8198919619363
Gulbarga / Kalaburagi,2010,2046.76,2442.2805322904824,1629.6251131118363,3254.9359514691287
Gulbarga / Kalaburagi,2011,1904.19,1732.0540448820502,919.398625703404,2544.7094640606965
Gulbarga / Kalaburagi,2012,1355.49,1712.7798963917157,900.1244772130697,2525.435315570362
Gulbarga / Kalaburagi,2013,1980.99,1483.4987855334075,670.8433663547613,2296.154204712054
Gulbarga / Kalaburagi,2014,2568.87,1837.3860782179981,1024.730659039352,2650.0414973966444
Gulbarga / Kalaburagi,2015,2016.62,2388.52563318198,1575.8702140033338,3201.1810523606264
Gulbarga / Kalaburagi,2016,1950.0717,2401.789557449796,1589.13413827115,3214.4449766284424
Gulbarga / Kalaburagi,2017,2093.8887,2100.6011167371216,1287.9456975584753,2913.256535915768
Gulbarga / Kalaburagi,2018,1833.0371,1980.2367443270086,1167.5813251483626,2792.892163505655
Gulbarga / Kalaburagi,2019,2057.2229,1981.1175868785103,1168.462167699864,2793.7730060571566
Gulbarga / Kalaburagi,2020,1868.3564,1967.992574139269,1155.337154960623,2780.6479933179153
Gulbarga / Kalaburagi,2021,1772.7378,1850.1089338621532,1037.453514683507,2662.7643530407995
Gulbarga / Kalaburagi,2022,1622.8676,1724.3712675985516,911.7158484199056,2537.026686777198
Gulbarga / Kalaburagi,2023,1752.4335,1717.3439182927686,904.6884991141225,2529.999337471415
Gulbarga / Kalaburagi,2024,1665.5544,1719.8340122806694,907.1785931020233,2532.4894314593157
Gulbarga / Kalaburagi,2025,1641.7166,1676.8478146203597,864.1923954417135,2489.503233799006
Guna,2006,756.25,949.1839251185652,653.1993199998976,1245.1685302372327
Guna,2007,500.0,705.9523426369238,409.96773752739955,1001.9369477464481
Guna,2008,421.43,670.774033827035,374.7894287226567,966.7586389314134
Guna,2009,846.15,528.1604121903811,232.17580708889886,824.1450172918633
Guna,2010,1000.0,637.9477248422816,341.9631197424294,933.9323299421337
Guna,2011,1142.86,886.0598971418071,590.0752920428724,1182.0445022407418
Guna,2012,2417.11,910.872239490287,614.8876343918686,1206.8568445887054
Guna,2013,1651.04,1535.906166956262,1239.9215618581343,1831.8907720543898
Guna,2014,2220.0,1269.7921744744472,973.8075693764829,1565.7767795724114
Guna,2015,1500.0,1607.4779671138458,1311.4933620159736,1903.462572211718
Guna,2016,2137.4391,1541.0073373902292,1245.0227322924088,1836.9919424880495
Guna,2017,2352.3919,1703.4984279498126,1407.5138228520213,1999.4830330476038
Guna,2018,2494.7367,1868.0847865552648,1572.10018145749,2164.06939165304
Guna,2019,2717.6498,2039.3316843346747,1743.3470792369092,2335.3162894324405
Guna,2020,3078.3454,2244.3987566119504,1948.41415151419,2540.3833617097107
Guna,2021,3226.4778,2456.084481676509,2160.0998765787513,2752.0690867742665
Guna,2022,3128.3499,2614.5250053981135,2318.5404003003578,2910.5096104958693
Guna,2023,3508.7799,2781.4889078680358,2485.504302770281,3077.4735129657906
Guna,2024,3682.5131,2970.4166892680305,2674.432084170276,3266.401294365785
Guna,2025,3671.8428,3127.57968570807,2831.595080610316,3423.564290805824
Guntur,2006,2890.78,3318.8327967071364,2730.2114091943486,3907.454184219924
Guntur,2007,3476.82,3096.413408972946,2507.792021460158,3685.0347964857338
Guntur,2008,3480.46,3248.4568048506876,2659.8354173379003,3837.078192363475
Guntur,2009,3565.11,3315.888527312682,2727.2671397998947,3904.5099148254694
Guntur,2010,2715.51,3639.770962969462,3051.149575456674,4228.39235048225
Guntur,2011,3790.21,2919.596878361605,2330.9754908488176,3508.2182658743923
Guntur,2012,3504.99,3485.4963192616647,2896.8749317488773,4074.117706774452
Guntur,2013,3421.25,3377.8622217555285,2789.2408342427407,3966.4836092683163
Guntur,2014,3891.24,3422.167922164308,2833.5465346515202,4010.789309677096
Guntur,2015,3033.49,3860.7875301738404,3272.1661426610526,4449.408917686628
Guntur,2016,3512.7996,3278.9109022284892,2690.2895147157014,3867.532289741277
Guntur,2017,3541.4714,3420.9797314902926,2832.358343977505,4009.6011190030804
Guntur,2018,3532.1438,3485.1847399914354,2896.563352478648,4073.806127504223
Guntur,2019,3539.2493,3505.291224117826,2916.6698366050387,4093.9126116306134
Guntur,2020,3777.7354,3553.209759168976,2964.5883716561884,4141.831146681763
Guntur,2021,3537.5576,3647.433904312741,3058.8125167999533,4236.055291825529
Guntur,2022,3786.3127,3605.68554213353,3017.0641546207426,4194.306929646317
Guntur,2023,3599.7883,3680.441727079381,3091.8203395665932,4269.063114592169
Guntur,2024,3963.9242,3675.1968638583885,3086.5754763456007,4263.818251371176
Guntur,2025,3928.7037,3842.119644964459,3253.4982574516716,4430.741032477246
Gurdaspur,2006,3164.18,3221.911598066236,2935.168121842734,3508.655074289738
Gurdaspur,2007,3230.37,3193.9963389503323,2907.2528627268302,3480.7398151738344
Gurdaspur,2008,3298.51,3202.125567609503,2915.382091386001,3488.869043833005
Gurdaspur,2009,3137.25,2933.8759743930295,2647.1324981695275,3220.6194506165316
Gurdaspur,2010,3455.88,3393.1775572962333,3106.4340810727313,3679.9210335197354
Gurdaspur,2011,3721.54,3391.2525646672048,3104.5090884437027,3677.996040890707
Gurdaspur,2012,3074.63,3663.0234528827646,3376.2799766592625,3949.7669291062666
Gurdaspur,2013,2896.04,3257.9180468582563,2971.174570634754,3544.6615230817583
Gurdaspur,2014,2594.06,3028.6349555465376,2741.8914793230356,3315.3784317700397
Gurdaspur,2015,2896.55,2670.068760376403,2383.325284152901,2956.812236599905
Gurdaspur,2016,2826.717,2738.239152556424,2451.495676332922,3024.982628779926
Gurdaspur,2017,2830.465,2785.1964365541253,2498.4529603306232,3071.9399127776273
Gurdaspur,2018,2910.9906,2755.25395612329,2468.510479899788,3041.9974323467923
Gurdaspur,2019,2629.0893,3009.233576466053,2722.490100242551,3295.977052689555
Gurdaspur,2020,2702.0919,2622.654208108083,2335.910731884581,2909.397684331585
Gurdaspur,2021,2601.2318,2716.885469989213,2430.141993765711,3003.628946212715
Gurdaspur,2022,2594.5484,2596.352487827483,2309.609011603981,2883.095964050985
Gurdaspur,2023,2424.064,2658.2925201809257,2371.5490439574237,2945.035996404428
Gurdaspur,2024,2520.3863,2383.153962671249,2096.4104864477467,2669.897438894751
Gurdaspur,2025,2417.8568,2527.2488054604974,2240.5053292369953,2813.9922816839994
Gurgaon,2006,2777.78,2740.7400627215093,2071.8836168230373,3409.5965086199813
Gurgaon,2007,3126.55,2911.5144035846592,2242.6579576861877,3580.3708494831308
Gurgaon,2008,2603.04,3303.5092151960125,2634.6527692975405,3972.3656610944845
Gurgaon,2009,2781.07,1955.9984111502408,1287.141965251769,2624.854857048713
Gurgaon,2010,2592.59,3164.2451435115895,2495.388697613118,3833.101589410061
Gurgaon,2011,2718.98,2642.432973849901,1973.5765279514292,3311.289419748373
Gurgaon,2012,2721.92,2459.0866372647156,1790.2301913662438,3127.943083163187
Gurgaon,2013,2709.09,2937.861682933021,2269.0052370345493,3606.7181288314923
Gurgaon,2014,2789.47,2676.6338054394264,2007.7773595409546,3345.4902513378984
Gurgaon,2015,2338.98,2877.6256552722834,2208.7692093738115,3546.4821011707554
Gurgaon,2016,2519.8974,2285.746123921037,1616.8896780225652,2954.602569819509
Gurgaon,2017,2428.9004,2479.0061930898205,1810.1497471913488,3147.862638988292
Gurgaon,2018,2426.328,2413.522823042777,1744.6663771443052,3082.3792689412485
Gurgaon,2019,2388.7021,2414.1691203786504,1745.3126744801787,3083.0255662771224
Gurgaon,2020,2377.8196,2371.5265706216487,1702.670124723177,3040.3830165201207
Gurgaon,2021,2343.3195,2365.6117011575193,1696.7552552590475,3034.468147055991
Gurgaon,2022,2318.8894,2333.029688410915,1664.173242512443,3001.8861343093868
Gurgaon,2023,2310.0198,2297.5153740859537,1628.658928187482,2966.371819984425
Gurgaon,2024,2290.362,2287.729848284742,1618.87340238627,2956.586294183214
Gurgaon,2025,2163.652,2331.521025109566,1662.6645792110942,3000.377471008038
Gwalior,2006,2346.52,2407.6377800826995,1772.0514959836883,3043.2240641817107
Gwalior,2007,947.86,2142.5908003730665,1507.0045162740553,2778.1770844720777
Gwalior,2008,1741.61,1758.4082500893178,1122.8219659903066,2393.994534188329
Gwalior,2009,2576.19,1522.4822470661065,886.8959629670954,2158.0685311651177
Gwalior,2010,2612.24,2015.8495706091899,1380.2632865101787,2651.435854708201
Gwalior,2011,3204.61,2451.0941503217823,1815.507866222771,3086.6804344207935
Gwalior,2012,1819.16,2655.158302051383,2019.5720179523719,3290.7445861503943
Gwalior,2013,2348.98,2725.9087727019423,2090.322488602931,3361.4950568009535
Gwalior,2014,2272.04,2200.874266451254,1565.2879823522426,2836.460550550265
Gwalior,2015,2830.19,2360.4687970879477,1724.8825129889365,2996.055081186959
Gwalior,2016,2420.1238,2415.854078584013,1780.267794485002,3051.4403626830244
Gwalior,2017,3041.6089,2465.2662784933955,1829.6799943943843,3100.8525625924067
Gwalior,2018,2956.7124,2669.3992034722355,2033.8129193732243,3304.9854875712467
Gwalior,2019,2938.7926,2773.7455858303542,2138.159301731343,3409.3318699293654
Gwalior,2020,3132.4548,2849.579570925248,2213.9932868262367,3485.165855024259
Gwalior,2021,3025.8911,2945.7181372201967,2310.1318531211855,3581.304421319208
Gwalior,2022,3361.6348,3001.3401945319247,2365.7539104329135,3636.926478630936
Gwalior,2023,3135.3699,3116.634089983869,2481.047805884858,3752.2203740828804
Gwalior,2024,3249.5893,3133.478667407047,2497.8923833080357,3769.064951506058
Gwalior,2025,3629.7053,3205.4462385558154,2569.859954456804,3841.0325226548266
Hamirpur,2006,770.83,912.8225846520291,499.9125617347836,1325.7326075692747
Hamirpur,2007,542.86,911.6222104700398,498.71218755279426,1324.5322333872855
Hamirpur,2008,1212.12,777.9438694957937,365.03384657854815,1190.8538924130394
Hamirpur,2009,933.33,785.522012779895,372.61198986264947,1198.4320356971407
Hamirpur,2010,1136.36,1013.2703508345647,600.3603279173192,1426.1803737518103
Hamirpur,2011,1357.14,1057.4422111200424,644.5321882027969,1470.3522340372879
Hamirpur,2012,1812.5,1005.2961561897496,592.386133272504,1418.206179106995
Hamirpur,2013,1846.15,1750.720391227941,1337.8103683106956,2163.6304141451865
Hamirpur,2014,1800.0,1618.245037252824,1205.3350143355783,2031.1550601700696
Hamirpur,2015,1111.11,1734.804271600309,1321.8942486830633,2147.7142945175547
Hamirpur,2016,1798.5594,1403.4254685227938,990.5154456055483,1816.3354914400393
Hamirpur,2017,1930.8929,1590.424635163867,1177.5146122466213,2003.3346580811126
Hamirpur,2018,2012.4026,1750.6905830344194,1337.780560117174,2163.600605951665
Hamirpur,2019,2045.407,1873.1829499169794,1460.272926999734,2286.092972834225
Hamirpur,2020,2297.4347,1961.2322645184481,1548.3222416012027,2374.1422874356936
Hamirpur,2021,2586.5975,2125.948517734836,1713.0384948175906,2538.8585406520815
Hamirpur,2022,2477.5864,2335.6768247743794,1922.766801857134,2748.586847691625
Hamirpur,2023,2618.5205,2406.330274806734,1993.4202518894886,2819.2402977239794
Hamirpur,2024,2647.7074,2505.8972921233944,2092.987269206149,2918.80731504064
Hamirpur,2025,2809.2615,2577.145180858696,2164.235157941451,2990.0552037759417
Hardoi,2006,2031.82,2142.1907628458,1695.217924101314,2589.1636015902855
Hardoi,2007,1947.82,2028.7757139612152,1581.8028752167293,2475.748552705701
Hardoi,2008,2092.96,2270.207566586881,1823.2347278423954,2717.1804053313667
Hardoi,2009,2256.7,1648.646237669468,1201.6733989249824,2095.6190764139537
Hardoi,2010,2045.05,2534.1967148482777,2087.223876103792,2981.1695535927634
Hardoi,2011,2250.6,2123.3183464187914,1676.3455076743057,2570.291185163277
Hardoi,2012,2453.92,1964.3030914759136,1517.3302527314277,2411.2759302203995
Hardoi,2013,2516.1,2524.358332558629,2077.3854938141435,2971.331171303115
Hardoi,2014,1965.06,2268.7018701872908,1821.729031442805,2715.6747089317764
Hardoi,2015,2256.05,2107.355829486173,1660.3829907416875,2554.328668230659
Hardoi,2016,2318.4962,2206.6268219016565,1759.6539831571708,2653.599660646142
Hardoi,2017,2395.6246,2286.9192514661145,1839.9464127216288,2733.8920902106
Hardoi,2018,2440.8071,2356.736809720337,1909.7639709758514,2803.7096484648227
Hardoi,2019,2423.4199,2392.43759504565,1945.4647563011645,2839.410433790136
Hardoi,2020,2508.7743,2415.436792561891,1968.4639538174051,2862.4096313063765
Hardoi,2021,2523.9205,2466.2722305278794,2019.2993917833937,2913.245069272365
Hardoi,2022,2554.3627,2494.8023130131646,2047.829474268679,2941.7751517576503
Hardoi,2023,2625.4873,2535.1502328194106,2088.177394074925,2982.1230715638962
Hardoi,2024,2576.5218,2567.354168665358,2120.3813299208723,3014.3270074098436
Hardoi,2025,2657.3721,2573.1572656842472,2126.1844269397616,3020.130104428733
Hassan,2006,2444.92,1974.8281178539985,1331.0741168866268,2618.5821188213704
Hassan,2007,2453.75,2649.783956220003,2006.0299552526312,3293.5379571873746
Hassan,2008,2473.94,2338.807917425317,1695.0539164579454,2982.5619183926888
Hassan,2009,2683.38,2499.352247573963,1855.5982466065911,3143.1062485413345
Hassan,2010,2883.67,2706.7836942426366,2063.029693275265,3350.537695210008
Hassan,2011,2473.09,2636.4195086154386,1992.665507648067,3280.1735095828103
Hassan,2012,2186.65,2216.0170662563783,1572.2630652890066,2859.77106722375
Hassan,2013,3061.58,2553.256737977083,1909.5027370097114,3197.0107389444547
Hassan,2014,3043.27,3026.3112302371937,2382.557229269822,3670.0652312045654
Hassan,2015,2734.24,2905.079064072494,2261.3250631051224,3548.8330650398657
Hassan,2016,2926.1337,2782.2166977311044,2138.4626967637328,3425.970698698476
Hassan,2017,2893.2741,2830.9787461654428,2187.224745198071,3474.7327471328144
Hassan,2018,3096.6563,2972.826839153845,2329.0728381864733,3616.5808401212166
Hassan,2019,2934.016,2920.7890340032545,2277.035033035883,3564.543034970626
Hassan,2020,3174.013,3049.211751836151,2405.4577508687794,3692.9657528035227
Hassan,2021,3219.7406,3135.0858961242557,2491.331895156884,3778.8398970916273
Hassan,2022,3194.4983,3143.532584353822,2499.7785833864505,3787.286585321194
Hassan,2023,3262.9908,3187.918868691555,2544.1648677241833,3831.6728696589266
Hassan,2024,3217.6979,3175.837950229541,2532.0839492621694,3819.5919511969128
Hassan,2025,3328.4172,3241.0572311388405,2597.303230171469,3884.811232106212
Hazaribagh,2006,1889.77,1069.469285794183,496.9769915714088,1641.9615800169572
Hazaribagh,2007,2046.35,1619.9731605594754,1047.4808663367012,2192.4654547822497
Hazaribagh,2008,1626.71,1836.4004782554164,1263.908184032642,2408.8927724781906
Hazaribagh,2009,613.52,1530.2031394601474,957.7108452373733,2102.6954336829217
Hazaribagh,2010,828.43,738.571968630623,166.07967440784887,1311.0642628533972
Hazaribagh,2011,2221.56,1170.9562680742906,598.4639738515165,1743.4485622970647
Hazaribagh,2012,1847.61,1722.9522117588149,1150.4599175360408,2295.444505981589
Hazaribagh,2013,2454.89,1948.7273501447482,1376.235055921974,2521.2196443675225
Hazaribagh,2014,2486.47,2204.3067670160976,1631.8144727933236,2776.7990612388717
Hazaribagh,2015,1052.13,2339.0379686257643,1766.5456744029902,2911.5302628485383
Hazaribagh,2016,2067.4771,1483.6358399249757,911.1435457022015,2056.1281341477497
Hazaribagh,2017,1755.7948,1798.8265428867205,1226.3342486639463,2371.318837109495
Hazaribagh,2018,1794.7371,1756.984398574883,1184.492104352109,2329.476692797657
Hazaribagh,2019,1738.6663,1752.5067176092161,1180.014423386442,2324.99901183199
Hazaribagh,2020,1931.9689,1756.9161524559404,1184.4238582331664,2329.4084466787144
Hazaribagh,2021,2524.4531,1956.542518839503,1384.0502246167289,2529.034813062277
Hazaribagh,2022,1982.4236,2221.1333528611813,1648.6410586384072,2793.6256470839553
Hazaribagh,2023,1987.3081,2042.9311593950722,1470.438865172298,2615.4234536178465
Hazaribagh,2024,2050.5672,1996.9133151930996,1424.4210209703256,2569.4056094158736
Hazaribagh,2025,2044.2748,2011.677291714906,1439.184997492132,2584.16958593768
Hissar,2006,3735.3,3458.927855867793,2696.706764808513,4221.148946927073
Hissar,2007,3742.6,3734.954831039476,2972.7337399801963,4497.175922098756
Hissar,2008,3514.93,3740.932670167581,2978.7115791083006,4503.153761226861
Hissar,2009,3109.13,3005.1799627835344,2242.958871724254,3767.4010538428147
Hissar,2010,3291.02,3460.2602407244563,2698.0391496651764,4222.481331783736
Hissar,2011,3268.02,3356.0154852787255,2593.794394219445,4118.236576338006
Hissar,2012,3518.88,3126.6404591945466,2364.4193681352663,3888.861550253827
Hissar,2013,3560.22,3654.7428657939,2892.5217747346196,4416.96395685318
Hissar,2014,3371.33,3622.6948075162773,2860.473716456997,4384.915898575558
Hissar,2015,3297.18,3494.7559319635957,2732.5348409043154,4256.977023022876
Hissar,2016,3263.1323,3179.1143540009043,2416.893262941624,3941.3354450601846
Hissar,2017,3216.354,3250.441726628203,2488.220635568923,4012.662817687483
Hissar,2018,3198.6735,3213.8705764803008,2451.6494854210205,3976.091667539581
Hissar,2019,3220.6182,3151.512167524972,2389.2910764656917,3913.7332585842523
Hissar,2020,3121.513,3263.6608722376486,2501.4397811783683,4025.881963296929
Hissar,2021,3100.5297,3157.5584909892186,2395.3373999299383,3919.779582048499
Hissar,2022,3070.8186,3117.2090402699782,2354.9879492106984,3879.430131329258
Hissar,2023,3051.0876,3074.360101982251,2312.1390109229706,3836.581193041531
Hissar,2024,3086.3352,2993.6606211826875,2231.439530123407,3755.8817122419678
Hissar,2025,2995.2695,3113.8677285581443,2351.646637498864,3876.0888196174246
Hooghly,2006,2830.38,2867.7594406255644,2534.533687019897,3200.9851942312316
Hooghly,2007,2800.2,2869.2786220650623,2536.052868459395,3202.5043756707296
Hooghly,2008,2866.54,2799.415554240847,2466.18980063518,3132.6413078465143
Hooghly,2009,2871.96,2680.7196175770223,2347.493863971355,3013.9453711826895
Hooghly,2010,3092.52,2846.7917305624496,2513.5659769567824,3180.017484168117
Hooghly,2011,2910.68,3075.6202448496365,2742.3944912439692,3408.8459984553037
Hooghly,2012,2900.13,2895.224518942796,2561.9987653371286,3228.450272548463
Hooghly,2013,2823.74,2900.6017460505036,2567.3759924448364,3233.827499656171
Hooghly,2014,3115.78,2900.601577476391,2567.3758238707237,3233.827331082058
Hooghly,2015,3138.39,3072.258261237487,2739.03250763182,3405.4840148431545
Hooghly,2016,3092.3987,3018.6933313927193,2685.467577787052,3351.9190849983866
Hooghly,2017,3129.2803,3054.453327050321,2721.227573444654,3387.6790806559884
Hooghly,2018,3142.9826,3090.280799406668,2757.0550458010007,3423.506553012335
Hooghly,2019,3181.0543,3113.9827791204,2780.757025514733,3447.2085327260675
Hooghly,2020,3197.5534,3145.4106362895864,2812.184882683919,3478.6363898952536
Hooghly,2021,3212.1182,3168.1907107830834,2834.964957177416,3501.4164643887507
Hooghly,2022,3278.5615,3187.5381441230957,2854.3123905174284,3520.763897728763
Hooghly,2023,3272.8194,3232.212992629037,2898.98723902337,3565.4387462347045
Hooghly,2024,3301.0595,3248.69058691845,2915.464833312783,3581.9163405241175
Hooghly,2025,3352.7558,3272.535655690456,2939.309902084789,3605.7614092961235
Hoshangabad,2006,1338.98,1346.5432927169963,1011.3061277150533,1681.7804577189395
Hoshangabad,2007,1088.3,1205.8706034553916,870.6334384534485,1541.1077684573347
Hoshangabad,2008,984.36,1170.7522951669253,835.5151301649822,1505.9894601688684
Hoshangabad,2009,1666.67,923.6704172347995,588.4332522328565,1258.9075822367427
Hoshangabad,2010,2307.05,1393.8408100829988,1058.6036450810557,1729.077975084942
Hoshangabad,2011,2011.54,2073.7890196155113,1738.5518546135681,2409.0261846174544
Hoshangabad,2012,2054.58,2019.8355011495491,1684.598336147606,2355.0726661514923
Hoshangabad,2013,1577.03,2197.272359888453,1862.03519488651,2532.5095248903963
Hoshangabad,2014,1851.17,1599.1793413319183,1263.9421763299752,1934.4165063338614
Hoshangabad,2015,2852.88,1805.1248916166137,1469.8877266146706,2140.362056618557
Hoshangabad,2016,2518.6533,2336.516424741728,2001.2792597397847,2671.753589743671
Hoshangabad,2017,2620.6002,2429.9846322516682,2094.747467249725,2765.2217972536114
Hoshangabad,2018,2882.4857,2557.4456868143784,2222.2085218124353,2892.6828518163215
Hoshangabad,2019,2801.1976,2691.68931751534,2356.452152513397,3026.926482517283
Hoshangabad,2020,3026.0343,2769.9425912669585,2434.7054262650154,3105.1797562689017
Hoshangabad,2021,3143.2463,2904.8593844006546,2569.6222193987114,3240.0965494025977
Hoshangabad,2022,3248.3205,3028.291603817049,2693.0544388151056,3363.528768818992
Hoshangabad,2023,3475.116,3164.6168096103133,2829.37964460837,3499.8539746122565
Hoshangabad,2024,3633.8462,3335.6368926992773,3000.399727697334,3670.8740577012204
Hoshangabad,2025,3571.2818,3459.3323835052133,3124.09521850327,3794.5695485071565
Hoshiarpur,2006,3110.86,3131.3434921930134,2790.7158648986547,3471.971119487372
Hoshiarpur,2007,3452.45,3132.219160534054,2791.5915332396953,3472.8467878284127
Hoshiarpur,2008,3638.14,3487.0185783636994,3146.3909510693406,3827.646205658058
Hoshiarpur,2009,3685.54,3532.4506355519216,3191.823008257563,3873.0782628462803
Hoshiarpur,2010,3671.72,3809.843872994809,3469.21624570045,4150.471500289167
Hoshiarpur,2011,3711.32,3584.8002400661708,3244.172612771812,3925.4278673605295
Hoshiarpur,2012,3730.24,3698.453317250279,3357.82568995592,4039.0809445446375
Hoshiarpur,2013,3601.7,3773.9265483501313,3433.2989210557726,4114.55417564449
Hoshiarpur,2014,3562.59,3637.8382988009125,3297.210671506554,3978.4659260952712
Hoshiarpur,2015,3718.35,3505.607637020221,3164.980009725862,3846.2352643145796
Hoshiarpur,2016,3698.435,3755.840962763815,3415.213335469456,4096.4685900581735
Hoshiarpur,2017,3835.869,3637.923200540726,3297.2955732463674,3978.550827835085
Hoshiarpur,2018,3783.7911,3879.785744969639,3539.15811767528,4220.413372263997
Hoshiarpur,2019,3875.7789,3753.8309779830797,3413.203350688721,4094.4586052774384
Hoshiarpur,2020,3973.8323,3830.0145282155645,3489.386900921206,4170.642155509923
Hoshiarpur,2021,4076.4388,3924.011882505135,3583.3842552107762,4264.639509799494
Hoshiarpur,2022,4003.5826,4135.842650923405,3795.2150236290463,4476.470278217764
Hoshiarpur,2023,4061.9084,3996.6860001731297,3656.058372878771,4337.313627467488
Hoshiarpur,2024,4080.1631,4069.1626525365045,3728.535025242146,4409.790279830863
Hoshiarpur,2025,4139.1729,4064.9308858473087,3724.30325855295,4405.558513141667
Howrah,2006,2084.47,2408.422362703555,1965.8692425354043,2850.9754828717055
Howrah,2007,2200.34,2145.4225433050033,1702.8694231368527,2587.975663473154
Howrah,2008,1795.32,2210.795277396104,1768.2421572279536,2653.348397564255
Howrah,2009,1677.19,1958.6350561709771,1516.0819360028265,2401.1881763391275
Howrah,2010,2639.3,1840.3305690253756,1397.777448857225,2282.883689193526
Howrah,2011,2104.9,2262.0195405793565,1819.466420411206,2704.572660747507
Howrah,2012,2579.17,2183.4012261796324,1740.8481060114818,2625.954346347783
Howrah,2013,2532.49,2298.4842937618714,1855.9311735937208,2741.037413930022
Howrah,2014,2729.98,2591.4660207507322,2148.9129005825816,3034.019140918883
Howrah,2015,1969.69,2663.521683119318,2220.9685629511673,3106.0748032874685
Howrah,2016,2517.849,2235.3528273861616,1792.799707218011,2677.905947554312
Howrah,2017,2499.1775,2419.339323517628,1976.7862033494775,2861.8924436857787
Howrah,2018,2603.0845,2467.9439974545858,2025.3908772864352,2910.4971176227364
Howrah,2019,2627.6582,2556.621619037334,2114.0684988691833,2999.1747392054845
Howrah,2020,2789.0517,2595.793076594582,2153.2399564264315,3038.3461967627327
Howrah,2021,2778.466,2723.2997095554397,2280.746589387289,3165.8528297235903
Howrah,2022,2879.1464,2756.6665464487273,2314.1134262805767,3199.219666616878
Howrah,2023,2739.9906,2848.576964785,2406.0238446168496,3291.130084953151
Howrah,2024,3007.2089,2767.9347645099365,2325.381644341786,3210.487884678087
Howrah,2025,2874.9683,2932.5909911391263,2490.0378709709757,3375.144111307277
Hyderabad,2006,2666.99,2683.8581369497742,2209.7683602329007,3157.9479136666478
Hyderabad,2007,2533.55,2566.2012216988305,2092.1114449819574,3040.2909984157036
Hyderabad,2008,2866.67,2720.0213887598907,2245.9316120430176,3194.1111654767637
Hyderabad,2009,2620.48,2403.4132271814697,1929.3234504645964,2877.503003898343
Hyderabad,2010,2599.31,2907.330699725234,2433.240923008361,3381.420476442107
Hyderabad,2011,2360.89,2533.126094864784,2059.036318147911,3007.215871581657
Hyderabad,2012,2405.28,2495.7116574628626,2021.6218807459893,2969.801434179736
Hyderabad,2013,2283.97,2693.181313896882,2219.091537180009,3167.271090613755
Hyderabad,2014,2614.97,2251.569060963053,1777.4792842461795,2725.658837679926
Hyderabad,2015,2529.24,2478.6445298856033,2004.55475316873,2952.734306602477
Hyderabad,2016,2402.137,2452.395999632854,1978.3062229159807,2926.485776349727
Hyderabad,2017,2370.1197,2422.1852858756606,1948.0955091587873,2896.2750625925337
Hyderabad,2018,2317.5599,2391.6821367100724,1917.5923599931991,2865.7719134269455
Hyderabad,2019,2332.9039,2345.510442064329,1871.4206653474555,2819.600218781202
Hyderabad,2020,2296.4318,2337.79324533179,1863.7034686149166,2811.883022048663
Hyderabad,2021,2227.633,2314.281972818787,1840.1921961019136,2788.3717495356605
Hyderabad,2022,2215.0827,2261.73154318404,1787.641766467167,2735.8213199009133
Hyderabad,2023,2213.061,2232.505519201792,1758.4157424849188,2706.595295918665
Hyderabad,2024,2132.4881,2222.4338357449815,1748.3440590281082,2696.523612461855
Hyderabad,2025,2113.9772,2168.157182259789,1694.0674055429156,2642.246958976662
Indore,2006,500.0,460.57335241958117,104.27173124243109,816.8749735967313
Indore,2016,402.8073,441.7001205899305,85.39849941278044,798.0017417670806
Indore,2017,286.5891,408.4006452250733,52.099024047923194,764.7022664022234
Indore,2018,392.2817,315.7849817894903,-40.51663938765978,672.0866029666404
Indore,2019,259.5363,365.8777091154425,9.576087938292403,722.1793302925926
Indore,2020,178.6469,283.9036880582571,-72.39793311889298,640.2053092354072
Indore,2021,299.8349,203.2864707017061,-153.015150475444,559.5880918788562
Indore,2022,340.8301,268.37539197190836,-87.92622920524173,624.6770131490584
Indore,2023,317.1274,315.86052811978334,-40.44109305736674,672.1621492969334
Indore,2024,289.764,311.84106340859125,-44.46055776855883,668.1426845857413
Indore,2025,265.1434,290.9782085157267,-65.32341266142339,647.2798296928768
Jabalpur,2006,598.1,667.7999347161758,398.1064253798893,937.4934440524623
Jabalpur,2007,347.98,404.27783309353435,134.5843243164411,673.9713418706276
Jabalpur,2008,598.33,666.8838683460572,397.1903599238324,936.577376768282
Jabalpur,2009,582.84,553.1512047864635,283.457696589441,822.844712983486
Jabalpur,2010,1025.81,688.3340937682042,418.6405857140969,958.0276018223115
Jabalpur,2011,1297.59,963.975955666906,694.2824477034937,1233.6694636303182
Jabalpur,2012,1608.25,810.0221305715268,540.3286226656704,1079.715638477383
Jabalpur,2013,1931.0,1254.0059646286318,984.3124567593009,1523.6994724979627
Jabalpur,2014,1273.74,930.7552013314998,661.0616934853482,1200.4487091776514
Jabalpur,2015,1120.3,1002.6147195564745,732.9212117250327,1272.3082273879163
Jabalpur,2016,1652.331,1248.5934228582246,978.8999150361176,1518.2869306803316
Jabalpur,2017,1774.273,1348.2777871909366,1078.5842793747536,1617.9712950071196
Jabalpur,2018,1942.2777,1479.125715386207,1209.4322075737837,1748.8192231986304
Jabalpur,2019,2228.8446,1686.0989665142606,1416.4054587042228,1955.7924743242984
Jabalpur,2020,2243.8649,1752.1996653421843,1482.5061575336606,2021.893173150708
Jabalpur,2021,2488.7013,1940.84446368117,1671.1509558736072,2210.537971488733
Jabalpur,2022,2322.3352,1903.0098279085296,1633.3163201015764,2172.703335715483
Jabalpur,2023,2708.9948,2159.0074720814996,1889.3139642749334,2428.700979888066
Jabalpur,2024,2928.0477,2344.58465140324,2074.8911435969194,2614.2781592095607
Jabalpur,2025,2863.7083,2373.040331259316,2103.3468234531515,2642.733839065481
Jalandhar,2006,3577.15,3695.620923055065,3203.2303463346816,4188.011499775448
Jalandhar,2007,3745.63,3603.052978095311,3110.662401374928,4095.4435548156944
Jalandhar,2008,3844.95,3571.627111788699,3079.236535068316,4064.0176885090823
Jalandhar,2009,3984.01,3650.461070906593,3158.0704941862095,4142.851647626976
Jalandhar,2010,3674.31,4151.7998025049565,3659.409225784573,4644.19037922534
Jalandhar,2011,3608.45,3572.99531535535,3080.604738634967,4065.3858920757334
Jalandhar,2012,3849.23,3674.529098355656,3182.138521635273,4166.919675076039
Jalandhar,2013,3575.36,3823.2806604324796,3330.8900837120964,4315.671237152863
Jalandhar,2014,3736.23,3823.899852014525,3331.509275294142,4316.290428734908
Jalandhar,2015,3954.7,3726.4793438879747,3234.0887671675914,4218.869920608358
Jalandhar,2016,3781.935,3881.891400843327,3389.500824122944,4374.281977563711
Jalandhar,2017,3701.4438,3925.3376863628137,3432.9471096424304,4417.728263083197
Jalandhar,2018,3828.0116,3649.3528217116855,3156.962244991302,4141.743398432069
Jalandhar,2019,3809.693,3822.9889196972936,3330.5983429769103,4315.379496417677
Jalandhar,2020,3853.9857,3789.4533649494656,3297.0627882290823,4281.843941669849
Jalandhar,2021,3888.0747,3823.0415949539442,3330.651018233561,4315.432171674328
Jalandhar,2022,3881.6161,3902.0968493617515,3409.7062726413683,4394.487426082135
Jalandhar,2023,3828.6179,3971.8064357581675,3479.4158590377842,4464.197012478551
Jalandhar,2024,3810.4526,3914.896076122267,3422.5054994018838,4407.28665284265
Jalandhar,2025,3874.5819,3794.028834482653,3301.63825776227,4286.419411203036
Jalaun,2006,875.0,771.512371203916,372.4137922477759,1170.610950160056
Jalaun,2007,426.23,843.0626281784664,443.9640492223263,1242.1612071346065
Jalaun,2008,1200.0,836.2529845363554,437.15440558021527,1235.3515634924954
Jalaun,2009,1147.06,753.8058964971387,354.70731754099864,1152.9044754532788
Jalaun,2010,1947.37,1109.0283233640514,709.9297444079114,1508.1269023201914
Jalaun,2011,1849.06,1427.7563484290179,1028.6577694728778,1826.854927385158
Jalaun,2012,1098.04,1372.349063488365,973.2504845322248,1771.447642444505
Jalaun,2013,1788.46,1571.0075819715473,1171.9090030154073,1970.1061609276874
Jalaun,2014,1745.1,1409.2049807906399,1010.1064018344998,1808.30355974678
Jalaun,2015,1794.87,1595.3238407175406,1196.2252617614006,1994.4224196736807
Jalaun,2016,2123.8871,1688.7642971672135,1289.6657182110735,2087.8628761233535
Jalaun,2017,2117.689,1829.2792892938671,1430.180710337727,2228.3778682500074
Jalaun,2018,2143.2221,1918.9494831749519,1519.8509042188118,2318.048062131092
Jalaun,2019,2540.9051,2064.015738532775,1664.9171595766347,2463.114317488915
Jalaun,2020,2429.6547,2198.2069593069864,1799.1083803508463,2597.3055382631264
Jalaun,2021,2459.2293,2266.337606239848,1867.2390272837079,2665.436185195988
Jalaun,2022,2706.2624,2366.417579643381,1967.319000687241,2765.516158599521
Jalaun,2023,3031.9175,2541.3459547707025,2142.2473758145625,2940.4445337268426
Jalaun,2024,3064.7199,2712.1311373934477,2313.0325584373077,3111.2297163495878
Jalaun,2025,3134.8985,2836.72697686872,2437.62839791258,3235.82555582486
Jalgaon,2006,1000.0,1513.5004094612277,884.3983081878798,2142.602510734576
Jalgaon,2007,1400.0,1040.2251607051053,411.1230594317574,1669.3272619784532
Jalgaon,2009,450.0,989.2028991546725,360.10079788132464,1618.3050004280203
Jalgaon,2011,1500.0,771.1939044298448,142.0918031564969,1400.2960057031928
Jalgaon,2016,1305.4528,1382.2195555037963,753.1174542304484,2011.3216567771442
Jalgaon,2017,1403.2402,1374.8268809340823,745.7247796607344,2003.9289822074302
Jalgaon,2018,1432.9024,1407.6638723255826,778.5617710522347,2036.7659735989305
Jalgaon,2019,1397.6793,1419.3945003706535,790.2923990973056,2048.496601644001
Jalgaon,2020,1335.5608,1396.1511671896778,767.0490659163299,2025.2532684630257
Jalgaon,2021,1361.1631,1376.6186233163494,747.5165220430015,2005.7207245896973
Jalgaon,2022,1369.4802,1377.9059785356358,748.8038772622879,2007.0080798089837
Jalgaon,2023,1576.7063,1442.3031999918676,813.2010987185197,2071.4053012652157
Jalgaon,2024,1577.5781,1527.5018757494772,898.3997744761293,2156.6039770228253
Jalgaon,2025,1410.927,1514.4831713502076,885.3810700768597,2143.5852726235553
Jalpaiguri,2006,1824.1,1558.8536729413127,1287.8797327709121,1829.8276131117132
Jalpaiguri,2007,1577.3,1660.3242890103556,1389.3503488399551,1931.2982291807562
Jalpaiguri,2008,1661.15,1606.2749030423684,1335.3009628719678,1877.2488432127689
Jalpaiguri,2009,1913.41,1699.7197855531504,1428.7458453827498,1970.6937257235509
Jalpaiguri,2010,2203.11,1774.1115293667792,1503.1375891963785,2045.08546953718
Jalpaiguri,2011,2090.86,1932.7410731165405,1661.76713294614,2203.715013286941
Jalpaiguri,2012,2160.62,2002.974352249426,1732.0004120790254,2273.9482924198264
Jalpaiguri,2013,2278.03,2074.812450472815,1803.8385103024143,2345.7863906432153
Jalpaiguri,2014,2437.1,2141.2991021470293,1870.3251619766288,2412.27304231743
Jalpaiguri,2015,2526.2,2292.5951238072894,2021.6211836368889,2563.56906397769
Jalpaiguri,2016,2664.0281,2429.7990518114284,2158.825111641028,2700.772991981829
Jalpaiguri,2017,2677.4427,2529.4445280309396,2258.470587860539,2800.41846820134
Jalpaiguri,2018,2832.7428,2601.937289047162,2330.9633488767613,2872.9112292175623
Jalpaiguri,2019,2920.5133,2706.1465321535634,2435.172591983163,2977.120472323964
Jalpaiguri,2020,3011.3196,2803.2086223363035,2532.234682165903,3074.182562506704
Jalpaiguri,2021,3109.2448,2898.0422348967145,2627.068294726314,3169.016175067115
Jalpaiguri,2022,3183.5316,2992.3182849791156,2721.344344808715,3263.292225149516
Jalpaiguri,2023,3335.5812,3083.9902055890825,2813.016265418682,3354.964145759483
Jalpaiguri,2024,3418.4267,3197.151721940477,2926.1777817700763,3468.1256621108773
Jalpaiguri,2025,3404.2815,3288.6969660032937,3017.723025832893,3559.670906173694
Jamnagar,2016,4341.3159,966.9676060928705,491.77222464581325,1442.1629875399276
Jamnagar,2017,4360.3839,3413.563509598111,2938.368128151054,3888.758891045168
Jamnagar,2018,4539.9936,4054.5760823950077,3579.3807009479506,4529.771463842065
Jamnagar,2019,4697.0923,4367.068011279623,3891.8726298325655,4842.26339272668
Jamnagar,2020,4689.3732,4612.3385414834775,4137.14316003642,5087.533922930535
Jamnagar,2021,4804.2493,4640.21038265969,4165.015001212633,5115.4057641067475
Jamnagar,2022,4820.7181,4758.438161840623,4283.242780393566,5233.63354328768
Jamnagar,2023,5004.0029,4756.69345699839,4281.4980755513325,5231.888838445447
Jamnagar,2024,5074.8183,4920.237887903058,4445.042506456001,5395.433269350116
Jamnagar,2025,5118.0902,5024.169713809642,4548.974332362585,5499.3650952566995
Jaunpur,2006,1845.84,1563.764114602418,1020.9349065562212,2106.593322648615
Jaunpur,2007,1927.23,1794.5770387734042,1251.7478307272074,2337.4062468196007
Jaunpur,2008,2154.0,2049.1271968275996,1506.2979887814029,2591.9564048737966
Jaunpur,2009,1976.0,1956.33028982922,1413.5010817830232,2499.1594978754165
Jaunpur,2010,2087.13,1921.0918593824485,1378.2626513362518,2463.921067428645
Jaunpur,2011,2238.86,2116.494429581696,1573.665221535499,2659.323637627893
Jaunpur,2012,2336.91,2082.306024785206,1539.476816739009,2625.1352328314024
Jaunpur,2013,2289.93,2480.485011167256,1937.655803121059,3023.314219213453
Jaunpur,2014,2413.94,2096.422372307351,1553.5931642611542,2639.251580353548
Jaunpur,2015,1759.97,2212.0749168585958,1669.245708812399,2754.9041249047923
Jaunpur,2016,2245.7601,2080.92696182429,1538.0977537780934,2623.7561698704867
Jaunpur,2017,2395.4251,2270.5418072221073,1727.7125991759106,2813.3710152683043
Jaunpur,2018,2313.5087,2247.6099710428653,1704.7807629966685,2790.4391790890622
Jaunpur,2019,2311.7852,2257.8255648758054,1714.9963568296087,2800.654772922002
Jaunpur,2020,2367.2884,2308.4388036153123,1765.6095955691155,2851.2680116615093
Jaunpur,2021,2310.8749,2269.787539480867,1726.9583314346703,2812.616747527064
Jaunpur,2022,2540.6076,2456.4627921976667,1913.63358415147,2999.292000243863
Jaunpur,2023,2372.6141,2340.1430733905927,1797.313865344396,2882.9722814367897
Jaunpur,2024,2474.33,2416.8134497104516,1873.9842416642548,2959.642657756648
Jaunpur,2025,2543.9755,2481.0340647208486,1938.2048566746519,3023.8632727670456
Jhabua,2006,462.65,689.0172264287439,482.6944946110019,895.3399582464859
Jhabua,2007,361.84,429.77803476092186,223.45530294317987,636.1007665786639
Jhabua,2008,340.64,431.52950453648555,225.20677271874357,637.8522363542276
Jhabua,2009,392.16,176.89793759921258,-29.4247942185294,383.2206694169546
Jhabua,2010,683.42,421.3619213792367,215.03918956149474,627.6846531969787
Jhabua,2011,708.13,766.8712659252406,560.5485341074985,973.1939977429826
Jhabua,2012,507.9,711.0799225181349,504.7571907003929,917.402654335877
Jhabua,2013,1292.24,797.7760257193054,591.4532939015634,1004.0987575370474
Jhabua,2014,708.75,630.8294398907765,424.5067080730345,837.1521717085185
Jhabua,2015,755.33,744.4539365972487,538.1312047795067,950.7766684149907
Jhabua,2016,918.0075,752.8288231491083,546.5060913313663,959.1515549668503
Jhabua,2017,1029.6628,844.7778901485831,638.4551583308411,1051.100621966325
Jhabua,2018,1113.539,930.6912937640832,724.3685619463412,1137.014025581825
Jhabua,2019,1263.827,1047.7023072645502,841.3795754468082,1254.025039082292
Jhabua,2020,1235.4692,1091.3131548906804,884.9904230729384,1297.6358867084223
Jhabua,2021,1197.7866,1103.8380410733657,897.5153092556237,1310.1607728911076
Jhabua,2022,1368.9161,1197.9702297343583,991.6474979166163,1404.2929615521002
Jhabua,2023,1382.6511,1245.0728083199047,1038.7500765021628,1451.3955401376465
Jhabua,2024,1536.9254,1347.2556589109922,1140.9329270932503,1553.5783907287341
Jhabua,2025,1587.4511,1418.934264134558,1212.611532316816,1625.2569959522998
Jhalawar,2006,1583.33,1386.3749709393223,895.4425359919367,1877.307405886708
Jhalawar,2007,2025.42,1301.9950072434558,811.0625739310849,1792.9274405558267
Jhalawar,2008,1803.57,1516.0841360467175,1025.151703773028,2007.016568320407
Jhalawar,2009,1512.5,1370.91022145861,879.9777898447671,1861.842653072453
Jhalawar,2010,2558.95,1529.181045031104,1038.2486138364443,2020.1134762257639
Jhalawar,2011,4101.12,1966.8777754080375,1475.9453444796736,2457.8102063364013
Jhalawar,2012,1765.43,2326.8608192461124,1835.9283884869192,2817.7932500053057
Jhalawar,2013,2145.63,2227.843564426692,1736.9111337749684,2718.7759950784157
Jhalawar,2014,2185.76,2083.2080905421144,1592.2756599586635,2574.140521125565
Jhalawar,2015,2021.47,2008.4143482319041,1517.481917691825,2499.3467787719833
Jhalawar,2016,2821.2241,2137.680583143532,1646.748152631006,2628.6130136560582
Jhalawar,2017,2318.6116,2214.264378043713,1723.3319475486903,2705.1968085387352
Jhalawar,2018,2416.9848,2236.302013480271,1745.369582996368,2727.234443964174
Jhalawar,2019,2596.5931,2282.3940937103735,1791.4616632335344,2773.3265241872123
Jhalawar,2020,2709.93,2348.633289268332,1857.7008587959808,2839.5657197406836
Jhalawar,2021,2988.7336,2441.7593427905604,1950.8269123210598,2932.691773260061
Jhalawar,2022,2497.8864,2491.8236867338555,2000.891256266166,2982.756117201545
Jhalawar,2023,2986.3336,2534.869590594174,2043.937160127635,3025.802021060713
Jhalawar,2024,2709.8885,2588.064621003811,2097.132190538003,3078.9970514696192
Jhalawar,2025,2762.1097,2608.8189662140985,2117.886535748755,3099.751396679442
Jhansi,2006,871.89,701.3247523568632,295.62740037152923,1107.022104342197
Jhansi,2007,549.45,720.2447493009239,314.547397326572,1125.9421012752757
Jhansi,2008,1193.72,881.3019508574131,475.6045988892206,1286.9993028256056
Jhansi,2009,1136.56,721.5743961207505,315.87704415601263,1127.2717480854885
Jhansi,2010,1942.19,1066.141471090509,660.4441191277086,1471.8388230533092
Jhansi,2011,1838.94,1246.9244979790735,841.2271460173599,1652.6218499407871
Jhansi,2012,1876.76,1204.2211275334214,798.5237755723172,1609.9184794945256
Jhansi,2013,1807.44,1532.010863871794,1126.3135119110316,1937.7082158325566
Jhansi,2014,1748.82,1385.1995421663537,979.5021902057831,1790.8968941269243
Jhansi,2015,1665.69,1528.3056382884972,1122.6082863280342,1934.0029902489603
Jhansi,2016,2122.827,1597.5157543141852,1191.8184023537824,2003.213106274588
Jhansi,2017,2292.5597,1734.277345267103,1328.5799933067342,2139.974697227472
Jhansi,2018,2491.8645,1887.4617615777086,1481.7644096173585,2293.1591135380586
Jhansi,2019,2691.2001,2052.2294418946876,1646.5320899343483,2457.926793855027
Jhansi,2020,2591.5645,2143.3451515644256,1737.6477996040921,2549.042503524759
Jhansi,2021,2755.0813,2259.0341816762807,1853.3368297159507,2664.731533636611
Jhansi,2022,3000.4827,2409.284127550897,2003.586775590569,2814.981479511225
Jhansi,2023,3067.6178,2534.310621356942,2128.613269396615,2940.0079733172693
Jhansi,2024,3095.8168,2634.0935503165515,2228.396198356225,3039.790902276878
Jhansi,2025,3246.2089,2749.5650325055494,2343.8676805452233,3155.2623844658756
Jind,2006,2757.6,2547.0534293179635,1941.992837411312,3152.114021224615
Jind,2007,2782.41,2800.7386504451833,2195.678058538532,3405.799242351835
Jind,2008,2372.59,3045.4638684171214,2440.40327651047,3650.524460323773
Jind,2009,2771.76,1835.7835979568563,1230.7230060502047,2440.844189863508
Jind,2010,2544.33,2943.845635560726,2338.7850436540743,3548.9062274673774
Jind,2011,2649.75,2643.7456775728933,2038.6850856662418,3248.806269479545
Jind,2012,2863.19,2431.049901638564,1825.9893097319123,3036.1104935452154
Jind,2013,2813.26,2938.098927668466,2333.0383357618143,3543.1595195751174
Jind,2014,2787.21,2776.3056972156655,2171.245105309014,3381.366289122317
Jind,2015,2536.96,2885.919050564399,2280.8584586577476,3490.9796424710507
Jind,2016,2663.0165,2508.285624915852,1903.2250330092006,3113.3462168225037
Jind,2017,2742.2749,2528.9983007659584,1923.937708859307,3134.05889267261
Jind,2018,2784.6561,2606.662632414773,2001.6020405081213,3211.7232243214244
Jind,2019,2696.7706,2753.388236179141,2148.3276442724896,3358.4488280857927
Jind,2020,2714.3983,2700.486627885306,2095.4260359786545,3305.5472197919576
Jind,2021,2681.0218,2720.651183780332,2115.5905918736803,3325.7117756869834
Jind,2022,2779.2426,2622.356027945213,2017.2954360385615,3227.4166198518647
Jind,2023,2728.919,2732.1129425918234,2127.052350685172,3337.173534498475
Jind,2024,2644.3334,2777.618753472231,2172.5581615655797,3382.6793453788828
Jind,2025,2749.9331,2623.2407764008904,2018.1801844942388,3228.301368307542
Junagadh,2011,2500.0,1753.1671228105743,945.3984086214571,2560.9358369996917
Junagadh,2016,2343.3935,2092.892480388287,1285.1237661991697,2900.661194577404
Junagadh,2017,2304.3916,2191.332554183163,1383.563839994046,2999.10126837228
Junagadh,2018,2453.268,2314.152779109482,1506.3840649203646,3121.9214932985988
Junagadh,2019,2356.755,2336.3331763578494,1528.5644621687322,3144.1018905469664
Junagadh,2020,2257.0863,2303.933938346785,1496.1652241576678,3111.7026525359024
Junagadh,2021,2297.9507,2305.715064924889,1497.9463507357716,3113.483779114006
Junagadh,2022,2602.4927,2445.6191582567094,1637.8504440675922,3253.3878724458264
Junagadh,2023,2569.2468,2504.726110026003,1696.9573958368858,3312.4948242151204
Junagadh,2024,2651.841,2575.4628324801038,1767.6941182909866,3383.2315466692207
Junagadh,2025,2571.8509,2577.1222134628474,1769.3534992737302,3384.8909276519644
Kadapa YSR,2006,2674.48,2634.8362533017535,2014.764807955971,3254.9076986475357
Kadapa YSR,2007,2942.14,2674.76660707493,2054.695161729148,3294.8380524207123
Kadapa YSR,2008,1973.87,2697.6118848772107,2077.540439531428,3317.6833302229934
Kadapa YSR,2009,2877.07,2219.465404009279,1599.3939586634967,2839.5368493550613
Kadapa YSR,2010,1840.72,2734.6778764723276,2114.6064311265454,3354.74932181811
Kadapa YSR,2011,2943.6,2261.837034682054,1641.7655893362714,2881.908480027836
Kadapa YSR,2012,2627.64,2494.773222048705,1874.7017767029226,3114.8446673944873
Kadapa YSR,2013,2843.09,2644.966711475429,2024.8952661296464,3265.0381568212115
Kadapa YSR,2014,3613.86,2759.9628943273233,2139.8914489815406,3380.034339673106
Kadapa YSR,2015,3058.37,2949.9411653022057,2329.869719956423,3570.0126106479884
Kadapa YSR,2016,3264.9952,3070.343255786255,2450.271810440473,3690.4147011320374
Kadapa YSR,2017,3444.3092,3134.021135351376,2513.9496900055938,3754.092580697158
Kadapa YSR,2018,3231.7778,3312.3348604049925,2692.2634150592103,3932.4063057507747
Kadapa YSR,2019,3630.3523,3216.4607586370676,2596.3893132912854,3836.5322039828498
Kadapa YSR,2020,3195.1377,3477.089473166253,2857.0180278204707,4097.160918512035
Kadapa YSR,2021,3427.3755,3316.313571922319,2696.242126576537,3936.3850172681014
Kadapa YSR,2022,3504.012,3358.410113604502,2738.3386682587197,3978.481558950284
Kadapa YSR,2023,3717.6022,3394.4223081512137,2774.3508628054315,4014.493753496996
Kadapa YSR,2024,3790.8263,3533.185474517092,2913.11402917131,4153.256919862874
Kadapa YSR,2025,3929.2655,3631.9232811785437,3011.851835832761,4251.994726524326
Kalahandi,2006,1115.27,1338.6303932205903,1057.1556218949572,1620.1051645462235
Kalahandi,2007,1472.93,1215.9705026977185,934.4957314145083,1497.4452739809287
Kalahandi,2008,1339.57,1224.5303490704703,943.0555778122321,1506.0051203287085
Kalahandi,2009,1451.25,1011.8488238021525,730.3740525586139,1293.323595045691
Kalahandi,2010,2206.8,1018.119926888102,736.6451556532163,1299.5946981229877
Kalahandi,2011,911.05,1430.0086182394825,1148.5338470096904,1711.4833894692747
Kalahandi,2012,2422.08,1325.1416247952811,1043.666853568487,1606.6163960220752
Kalahandi,2013,2351.93,1649.920361006558,1368.445589781529,1931.3951322315872
Kalahandi,2014,2270.75,1853.4780628474764,1572.0032916234863,2134.9528340714664
Kalahandi,2015,1032.03,1705.3635389945384,1423.8887677711598,1986.838310217917
Kalahandi,2016,2135.0682,1578.4857556704894,1297.0109844474707,1859.9605268935081
Kalahandi,2017,2197.7507,1673.8383156628347,1392.363544440028,1955.3130868856415
Kalahandi,2018,2172.2448,1741.8940097513494,1460.4192385286674,2023.3687809740313
Kalahandi,2019,2470.1839,1860.3603722705466,1578.885601047938,2141.835143493155
Kalahandi,2020,2485.3181,1957.4864625855466,1676.0116913629813,2238.961233808112
Kalahandi,2021,2192.8686,1966.8738798812774,1685.3991086587375,2248.3486511038172
Kalahandi,2022,2334.8471,2002.9662609601041,1721.4914897375793,2284.441032182629
Kalahandi,2023,2439.5785,2055.3970655470625,1773.9222943245463,2336.8718367695787
Kalahandi,2024,2733.2083,2162.151663059217,1880.6768918367059,2443.6264342817276
Kalahandi,2025,2849.6564,2272.8684560576125,1991.3936848351045,2554.3432272801206
Kamrup,2006,1291.97,1265.930921761466,1096.9053007379334,1434.9565427849984
Kamrup,2007,1497.82,1251.9628596897214,1082.937238666189,1420.988480713254
Kamrup,2008,1656.58,1384.1925691628721,1215.1669481393396,1553.2181901864046
Kamrup,2009,1715.61,1531.9286605322413,1362.9030395087088,1700.9542815557738
Kamrup,2010,2019.52,1603.5974683628954,1434.5718473393629,1772.6230893864279
Kamrup,2011,1869.98,1820.437994727004,1651.4123737034715,1989.4636157505365
Kamrup,2012,2045.86,1832.9347051446841,1663.9090841211516,2001.9603261682166
Kamrup,2013,2120.1,1969.5283303316219,1800.5027093080894,2138.5539513551544
Kamrup,2014,2180.66,1996.8068332709527,1827.7812122474202,2165.832454294485
Kamrup,2015,2124.85,2100.3350852655662,1931.3094642420338,2269.3607062890987
Kamrup,2016,2360.6268,2092.121818921758,1923.0961978982255,2261.1474399452904
Kamrup,2017,2537.3574,2209.4748933261217,2040.4492723025892,2378.500514349654
Kamrup,2018,2568.8661,2369.2688070384065,2200.243186014874,2538.294428061939
Kamrup,2019,2668.7028,2461.385349329602,2292.3597283060694,2630.4109703531344
Kamrup,2020,2745.4366,2559.4296592603714,2390.404038236839,2728.455280283904
Kamrup,2021,2846.0495,2645.011408654124,2475.9857876305914,2814.0370296776564
Kamrup,2022,2938.7422,2738.5112833754038,2569.4856623518713,2907.5369043989363
Kamrup,2023,2984.4166,2836.2285648182255,2667.202943794693,3005.254185841758
Kamrup,2024,3131.9707,2899.225456505369,2730.1998354818365,3068.2510775289015
Kamrup,2025,3223.3073,3007.9374935853702,2838.9118725618378,3176.9631146089027
Kangra,2006,1908.73,1449.8240514823988,1122.8260373904836,1776.822065574314
Kangra,2007,1501.46,1672.3007171010008,1345.3027030090857,1999.298731192916
Kangra,2008,1544.02,1681.413257008391,1354.4152429164756,2008.4112711003063
Kangra,2009,1460.35,1356.6527642677029,1029.6547501757877,1683.650778359618
Kangra,2010,1537.1,1614.4117572373984,1287.4137431454833,1941.4097713293136
Kangra,2011,1536.89,1612.504129212568,1285.5061151206528,1939.502143304483
Kangra,2012,1552.67,1542.8595507258706,1215.8615366339554,1869.8575648177857
Kangra,2013,1537.61,1520.6820696848808,1193.6840555929657,1847.680083776796
Kangra,2014,1690.74,1440.1207382916555,1113.1227241997403,1767.1187523835706
Kangra,2015,1537.05,1529.0864193658822,1202.088405273967,1856.0844334577973
Kangra,2016,1537.3152,1531.6187224730652,1204.62070838115,1858.6167365649803
Kangra,2017,1484.0075,1536.406975532088,1209.4089614401728,1863.404989624003
Kangra,2018,1511.3766,1491.144969475537,1164.1469553836218,1818.1429835674521
Kangra,2019,1505.0334,1487.1515077967983,1160.1534937048832,1814.1495218887135
Kangra,2020,1493.9487,1483.686997132685,1156.68898304077,1810.6850112246002
Kangra,2021,1485.4673,1476.1716482673673,1149.1736341754522,1803.1696623592825
Kangra,2022,1452.1603,1476.1460546039684,1149.1480405120533,1803.1440686958836
Kangra,2023,1411.9773,1464.2513905030619,1137.2533764111467,1791.249404594977
Kangra,2024,1447.4537,1416.4951046473902,1089.497090555475,1743.4931187393054
Kangra,2025,1397.3009,1430.904925725065,1103.9069116331498,1757.90293981698
Kannur,2006,2201.0,2187.286506259005,2018.1455940046817,2356.427418513328
Kannur,2007,2169.67,2128.171942893824,1959.0310306395008,2297.3128551481473
Kannur,2008,2136.62,2247.5075826725165,2078.3666704181933,2416.6484949268397
Kannur,2009,2160.18,2095.918977710244,1926.7780654559206,2265.059889964567
Kannur,2010,2290.77,2214.059500638812,2044.9185883844889,2383.2004128931353
Kannur,2011,2272.19,2229.4506804393504,2060.309768185027,2398.5915926936736
Kannur,2012,2337.18,2297.7057324837865,2128.5648202294633,2466.8466447381097
Kannur,2013,2367.13,2272.989390560332,2103.848478306009,2442.1303028146554
Kannur,2014,2397.51,2408.5097934225046,2239.3688811681814,2577.650705676828
Kannur,2015,2263.13,2459.186996123345,2290.046083869022,2628.3279083776683
Kannur,2016,2361.8968,2242.6079864778576,2073.4670742235344,2411.748898732181
Kannur,2017,2428.0733,2338.7177165639227,2169.5768043095995,2507.858628818246
Kannur,2018,2429.4431,2442.1729049778687,2273.0319927235455,2611.313817232192
Kannur,2019,2484.7769,2413.1275842086598,2243.9866719543365,2582.268496462983
Kannur,2020,2493.3246,2494.850338320727,2325.709426066404,2663.9912505750503
Kannur,2021,2525.5745,2490.177365261624,2321.0364530073007,2659.318277515947
Kannur,2022,2530.1708,2538.0941856679583,2368.953273413635,2707.2350979222815
Kannur,2023,2553.2251,2532.323865955069,2363.1829537007457,2701.464778209392
Kannur,2024,2528.7738,2582.4604653770793,2413.319553122756,2751.6013776314026
Kannur,2025,2590.7757,2508.8385875130734,2339.69767525875,2677.9794997673966
Kanpur,2006,1805.45,2019.9514200056817,1557.1654478882708,2482.737392123093
Kanpur,2007,2021.08,1945.625097103362,1482.839124985951,2408.411069220773
Kanpur,2008,2320.69,2168.3637702938267,1705.5777981764159,2631.1497424112376
Kanpur,2009,2297.88,1907.5750929561432,1444.7891208387323,2370.361065073554
Kanpur,2010,2307.98,2404.6562446129183,1941.8702724955074,2867.442216730329
Kanpur,2011,2692.25,2330.7072184737917,1867.9212463563808,2793.4931905912026
Kanpur,2012,2711.85,2246.5156015791886,1783.7296294617777,2709.3015736965995
Kanpur,2013,2642.14,2867.6290860035197,2404.8431138861088,3330.4150581209306
Kanpur,2014,2403.47,2472.8816867880064,2010.0957146705955,2935.6676589054173
Kanpur,2015,2473.27,2497.52136488066,2034.735392763249,2960.3073369980707
Kanpur,2016,2723.5652,2453.4779727016107,1990.6920005841998,2916.2639448190216
Kanpur,2017,2815.94,2595.1612857674004,2132.3753136499895,3057.9472578848113
Kanpur,2018,2974.6642,2731.589035588101,2268.80306347069,3194.375007705512
Kanpur,2019,2944.7662,2822.2337573208006,2359.4477852033897,3285.0197294382115
Kanpur,2020,3091.3602,2904.3825012651873,2441.5965291477764,3367.168473382598
Kanpur,2021,3262.6992,3027.2385688546974,2564.4525967372865,3490.0245409721083
Kanpur,2022,3152.2001,3089.4994640839577,2626.713491966547,3552.2854362013686
Kanpur,2023,3442.7261,3184.5270296821527,2721.741057564742,3647.3130017995636
Kanpur,2024,3357.2483,3266.089910972385,2803.303938854974,3728.875883089796
Kanpur,2025,3354.1771,3286.645851561575,2823.859879444164,3749.431823678986
Kanyakumari,2006,4396.54,4062.9051645832687,3198.4767163716315,4927.333612794906
Kanyakumari,2007,4432.92,4548.738597529808,3684.310149318171,5413.167045741446
Kanyakumari,2008,4599.23,4215.140907160014,3350.7124589483765,5079.569355371651
Kanyakumari,2009,4404.39,4481.362052839698,3616.9336046280605,5345.790501051335
Kanyakumari,2010,4731.61,4755.157342476652,3890.728894265015,5619.585790688289
Kanyakumari,2011,5421.78,4480.9539948388365,3616.525546627199,5345.382443050474
Kanyakumari,2012,4663.98,5291.326153430516,4426.897705218878,6155.754601642153
Kanyakumari,2013,4897.21,4803.164276083424,3938.7358278717866,5667.592724295061
Kanyakumari,2014,5078.91,4856.587728658798,3992.159280447161,5721.016176870436
Kanyakumari,2015,4304.78,4969.884301591801,4105.455853380164,5834.312749803438
Kanyakumari,2016,4795.6808,4450.047077215753,3585.618629004116,5314.4755254273905
Kanyakumari,2017,5066.9853,4824.5888133321205,3960.160365120483,5689.017261543758
Kanyakumari,2018,5029.1153,5054.755325767104,4190.326877555467,5919.183773978742
Kanyakumari,2019,5007.8665,5019.34486780665,4154.9164195950125,5883.773316018287
Kanyakumari,2020,5025.9862,5003.323774166583,4138.895325954945,5867.75222237822
Kanyakumari,2021,5158.0794,5036.622158239066,4172.193710027429,5901.0506064507035
Kanyakumari,2022,5208.1641,5157.6907325647735,4293.262284353136,6022.119180776411
Kanyakumari,2023,5199.5703,5199.994133869928,4335.565685658291,6064.422582081565
Kanyakumari,2024,5150.144,5186.009755341009,4321.581307129371,6050.438203552646
Kanyakumari,2025,5248.197,5156.254301730613,4291.825853518976,6020.682749942251
Kapurthala,2006,3763.64,3842.2910666100356,3358.815000304025,4325.767132916047
Kapurthala,2007,3890.91,3861.984479831466,3378.5084135254556,4345.460546137477
Kapurthala,2008,3754.39,3767.023648801896,3283.5475824958853,4250.499715107907
Kapurthala,2009,3930.43,3853.767260348814,3370.2911940428035,4337.243326654825
Kapurthala,2010,3889.83,4096.054526727865,3612.5784604218543,4579.530593033875
Kapurthala,2011,3669.49,3549.9014821309984,3066.425415824988,4033.377548437009
Kapurthala,2012,3803.42,3867.6378993009994,3384.161832994989,4351.11396560701
Kapurthala,2013,3854.7,3805.227302920094,3321.7512366140836,4288.703369226105
Kapurthala,2014,3752.14,4138.318337972801,3654.84227166679,4621.794404278811
Kapurthala,2015,4016.95,3656.371843824607,3172.8957775185963,4139.8479101306175
Kapurthala,2016,3874.9225,3904.834999357381,3421.3589330513705,4388.311065663392
Kapurthala,2017,3895.6571,3862.205894272095,3378.7298279660845,4345.681960578106
Kapurthala,2018,3884.1031,3960.598933114946,3477.122866808935,4444.074999420956
Kapurthala,2019,3915.2343,3851.7364019514685,3368.260335645458,4335.2124682574795
Kapurthala,2020,3925.3154,3913.5262271068573,3430.0501608008467,4397.002293412868
Kapurthala,2021,3870.5031,4115.748008834401,3632.2719425283904,4599.2240751404115
Kapurthala,2022,3906.066,3859.7536801622146,3376.277613856204,4343.229746468225
Kapurthala,2023,3945.4828,3825.723457048419,3342.2473907424082,4309.199523354429
Kapurthala,2024,3979.1693,3866.322778099506,3382.8467117934956,4349.798844405517
Kapurthala,2025,3911.6732,4184.704096767456,3701.228030461445,4668.180163073466
Karbi Anglong,2006,1445.28,1482.5601119030348,1213.5119754513482,1751.6082483547214
Karbi Anglong,2007,1552.11,1325.5710057777205,1056.6089048073982,1594.5331067480429
Karbi Anglong,2008,1533.2,1327.3943282039659,1058.513876239246,1596.2747801686858
Karbi Anglong,2009,1978.16,1557.886189779057,1289.083319451188,1826.6890601069263
Karbi Anglong,2010,1882.24,1474.0539120582998,1205.3248449060484,1742.7829792105513
Karbi Anglong,2011,1434.56,1472.2237920352645,1203.5650117959153,1740.8825722746137
Karbi Anglong,2012,1550.93,1411.0486933250813,1142.456922242727,1679.6404644074357
Karbi Anglong,2013,1689.09,1475.040780795276,1206.5129585463842,1743.568603044168
Karbi Anglong,2014,1704.61,1355.43601707454,1086.9692819713237,1623.9027521777562
Karbi Anglong,2015,1645.08,1396.4325207735365,1128.0241929559336,1664.8408485911393
Karbi Anglong,2016,1686.3305,1483.5163795028147,1215.1639458718332,1751.8688131337963
Karbi Anglong,2017,1689.6692,1488.089096271025,1219.790196951347,1756.387995590703
Karbi Anglong,2018,1632.2646,1486.2607201480678,1218.0131362973489,1754.5083039987867
Karbi Anglong,2019,1737.2504,1500.0574739097751,1231.859116717003,1768.2558311025473
Karbi Anglong,2020,1733.9715,1504.415291586252,1236.2641923226483,1772.5663908498555
Karbi Anglong,2021,1684.8631,1503.775390104157,1235.6696911080485,1771.8810891002654
Karbi Anglong,2022,1722.296,1511.0946990829661,1243.032645575345,1779.1567525905873
Karbi Anglong,2023,1786.5071,1521.710999545261,1253.6909321858407,1789.7310669046815
Karbi Anglong,2024,1809.7359,1529.0233147584927,1261.0436628632895,1797.002966653696
Karbi Anglong,2025,1823.9365,1535.61996349344,1267.6792388445588,1803.5606881423214
Karimnagar,2006,3206.98,3141.465983023378,2609.9255188992265,3673.00644714753
Karimnagar,2007,3496.17,3109.4607859791477,2577.9203218549956,3641.0012501032998
Karimnagar,2008,3500.42,3353.688234759469,2822.147770635317,3885.2286988836213
Karimnagar,2009,3162.63,3285.035828336639,2753.4953642124874,3816.5762924607907
Karimnagar,2010,3543.35,3463.2169521867463,2931.676488062594,3994.7574163108984
Karimnagar,2011,3261.84,3317.060892203349,2785.520428079197,3848.601356327501
Karimnagar,2012,3547.94,3354.619211150205,2823.078747026053,3886.159675274357
Karimnagar,2013,3591.3,3558.158744526803,3026.618280402651,4089.6992086509545
Karimnagar,2014,3559.1,3376.4162371324637,2844.8757730083116,3907.956701256616
Karimnagar,2015,3250.94,3511.9618933038864,2980.4214291797343,4043.5023574280385
Karimnagar,2016,3425.8186,3392.109780464418,2860.5693163402657,3923.65024458857
Karimnagar,2017,3485.1811,3427.075194628269,2895.534730504117,3958.615658752421
Karimnagar,2018,3528.4202,3467.7273525917262,2936.186888467574,3999.2678167158783
Karimnagar,2019,3505.5723,3482.201709672996,2950.661245548844,4013.742173797148
Karimnagar,2020,3485.9777,3479.075009183219,2947.5345450590676,4010.615473307371
Karimnagar,2021,3658.6544,3547.5631049162776,3016.0226407921255,4079.1035690404296
Karimnagar,2022,3583.102,3565.70817563117,3034.167711507018,4097.248639755322
Karimnagar,2023,3596.2942,3573.180937874898,3041.6404737507464,4104.72140199905
Karimnagar,2024,3543.3773,3556.0712937602475,3024.5308296360954,4087.6117578843996
Karimnagar,2025,3572.7724,3555.00470352925,3023.464239405098,4086.545167653402
Karnal,2006,3354.39,3256.0765143742265,2707.6570676783376,3804.4959610701153
Karnal,2007,3497.05,3376.276831302564,2827.857384606675,3924.696277998453
Karnal,2008,2744.64,3435.2859624284283,2886.8665157325395,3983.705409124317
Karnal,2009,3138.87,2553.3782033355983,2004.9587566397095,3101.797650031487
Karnal,2010,2753.61,3257.6996687633155,2709.2802220674266,3806.1191154592043
Karnal,2011,3124.93,2929.9687981615657,2381.549351465677,3478.3882448574545
Karnal,2012,3427.62,2831.3922412885718,2282.972794592683,3379.8116879844606
Karnal,2013,3461.7,3387.8269691798346,2839.4075224839457,3936.2464158757234
Karnal,2014,3221.55,3436.9307721397504,2888.5113254438616,3985.350218835639
Karnal,2015,3160.56,3389.660013135571,2841.240566439682,3938.0794598314596
Karnal,2016,3183.2873,3182.4263027868033,2634.0068560909144,3730.845749482692
Karnal,2017,3172.8685,3194.2123980851343,2645.7929513892454,3742.631844781023
Karnal,2018,3260.5153,3147.189300977796,2598.769854281907,3695.608747673685
Karnal,2019,3288.1656,3198.635434902934,2650.215988207045,3747.0548815988227
Karnal,2020,3336.9548,3227.6111499903955,2679.1917032945066,3776.0305966862843
Karnal,2021,3243.0498,3335.6879881240548,2787.268541428166,3884.1074348199436
Karnal,2022,3383.7735,3226.2028440380345,2677.7833973421457,3774.6222907339234
Karnal,2023,3294.3529,3357.02427852446,2808.604831828571,3905.443725220349
Karnal,2024,3243.6776,3355.4037609325464,2806.9843142366576,3903.8232076284353
Karnal,2025,3342.1093,3256.431834079372,2708.012387383483,3804.851280775261
Keonjhar,2006,1380.42,1475.8752631247658,1112.8577386765694,1838.892787572962
Keonjhar,2007,1649.51,1407.0018706348433,1043.984346190161,1770.0193950795256
Keonjhar,2008,1341.96,1440.3936412539938,1077.376116811226,1803.4111656967616
Keonjhar,2009,1443.25,1186.544057727741,823.5265332860163,1549.5615821694655
Keonjhar,2010,1073.8,1139.9217636832796,776.9042392421231,1502.939288124436
Keonjhar,2011,1713.11,1283.0025679566843,919.9850435158374,1646.0200923975312
Keonjhar,2012,1664.17,1413.3000128946646,1050.2824884539866,1776.3175373353426
Keonjhar,2013,1554.71,1521.6185643831986,1158.6010399426125,1884.6360888237848
Keonjhar,2014,2347.84,1585.6443202396686,1222.6267957991324,1948.6618446802047
Keonjhar,2015,1131.66,1578.0967975229582,1215.0792730824494,1941.114321963467
Keonjhar,2016,1750.27,1444.393914274518,1081.376389834024,1807.411438715012
Keonjhar,2017,1827.8571,1507.1484932038315,1144.1309687633457,1870.1660176443174
Keonjhar,2018,1765.1755,1532.4066488626022,1169.3891244221206,1895.4241733030838
Keonjhar,2019,1819.2032,1569.061146373394,1206.043621932915,1932.078670813873
Keonjhar,2020,1750.6095,1574.104802341592,1211.0872779011142,1937.1223267820696
Keonjhar,2021,1952.2106,1639.537561404045,1276.520036963568,2002.555085844522
Keonjhar,2022,1897.1791,1664.9632230433554,1301.9456986028786,2027.9807474838321
Keonjhar,2023,1861.7722,1675.1002280232938,1312.0827035828172,2038.1177524637703
Keonjhar,2024,1883.9975,1690.292796128164,1327.2752716876876,2053.3103205686402
Keonjhar,2025,1975.7231,1727.8345496062902,1364.817025165814,2090.8520740467666
Khammam,2006,2514.7,2876.8096314495006,2276.8721608060714,3476.7471020929297
Khammam,2007,3109.83,2557.0586102718303,1957.1211396284014,3156.996080915259
Khammam,2008,3057.55,2941.811525436375,2341.8740547929465,3541.748996079804
Khammam,2009,2972.84,2490.3890163687483,1890.4515457253194,3090.3264870121775
Khammam,2010,3225.98,3374.7314539392532,2774.7939832958245,3974.668924582682
Khammam,2011,2490.41,2857.791350093548,2257.853879450119,3457.7288207369766
Khammam,2012,3075.14,2827.0871132469592,2227.14964260353,3427.0245838903884
Khammam,2013,2999.69,3241.1136524456824,2641.1761818022533,3841.0511230891116
Khammam,2014,3130.74,2684.262672447475,2084.3252018040457,3284.200143090904
Khammam,2015,3034.34,2960.6464195155268,2360.7089488720976,3560.583890158956
Khammam,2016,3212.0865,3090.5791174939955,2490.6416468505668,3690.516588137424
Khammam,2017,3186.186,3114.8952067526893,2514.9577361092606,3714.832677396118
Khammam,2018,3220.1062,3145.090434138877,2545.1529634954477,3745.027904782306
Khammam,2019,3109.6322,3112.1313652257736,2512.193894582345,3712.0688358692023
Khammam,2020,3286.4058,3175.5842778950905,2575.646807251662,3775.521748538519
Khammam,2021,3245.0183,3188.5210269460995,2588.5835563026703,3788.4584975895286
Khammam,2022,3212.3567,3182.71545996242,2582.777989318991,3782.652930605849
Khammam,2023,3210.3308,3179.4426995906556,2579.505228947227,3779.3801702340843
Khammam,2024,3288.1033,3212.45675402739,2612.519283383961,3812.3942246708193
Khammam,2025,3168.7452,3175.8060290088597,2575.8685583654305,3775.743499652289
Khandwa / East Nimar,2006,1024.63,1061.534254946058,790.717575728172,1332.3509341639437
Khandwa / East Nimar,2007,749.6,854.6631298435905,583.8464506258848,1125.4798090612962
Khandwa / East Nimar,2008,670.83,838.3583852015422,567.5417059839276,1109.1750644191568
Khandwa / East Nimar,2009,826.92,718.0226780114795,447.2059987939108,988.8393572290481
Khandwa / East Nimar,2010,1360.47,763.8661764502649,493.04949723271955,1034.6828556678101
Khandwa / East Nimar,2011,1236.84,1187.994072693873,917.1773934763394,1458.8107519114067
Khandwa / East Nimar,2012,1515.69,1188.333560000695,917.5168807831672,1459.1502392182226
Khandwa / East Nimar,2013,803.28,1485.5765413904433,1214.7598621729185,1756.393220607968
Khandwa / East Nimar,2014,1250.0,930.5300156621452,659.713336444622,1201.3466948796683
Khandwa / East Nimar,2015,475.71,1126.3297149523364,855.513035734814,1397.146394169859
Khandwa / East Nimar,2016,1051.867,952.0251524157334,681.2084731982113,1222.8418316332554
Khandwa / East Nimar,2017,1100.9191,1004.3470475399477,733.5303683224258,1275.1637267574695
Khandwa / East Nimar,2018,988.7846,999.2085831172085,728.3919038996868,1270.02526233473
Khandwa / East Nimar,2019,1090.7034,1038.207977070008,767.3912978524863,1309.0246562875295
Khandwa / East Nimar,2020,1103.4132,1064.1039450500498,793.2872658325282,1334.9206242675714
Khandwa / East Nimar,2021,876.0438,1002.0108925250634,731.1942133075418,1272.827571742585
Khandwa / East Nimar,2022,1099.2276,1050.1126970418409,779.2960178243193,1320.9293762593625
Khandwa / East Nimar,2023,928.5043,1010.7253389685466,739.908659751025,1281.5420181860682
Khandwa / East Nimar,2024,1237.54,1101.5857299641798,830.7690507466582,1372.4024091817014
Khandwa / East Nimar,2025,1024.3838,1072.401079337595,801.5844001200735,1343.2177585551167
Khargone / West Nimar,2006,519.87,522.3744403781284,368.9142155260565,675.8346652302002
Khargone / West Nimar,2007,387.5,466.62448290140856,313.1642580493367,620.0847077534804
Khargone / West Nimar,2008,349.09,475.2748750639439,321.81465021187205,628.7350999160158
Khargone / West Nimar,2009,490.2,197.9269122281612,44.46668737608937,351.38713708023306
Khargone / West Nimar,2010,767.44,459.9959996198322,306.53577476776036,613.4562244719041
Khargone / West Nimar,2011,805.56,736.7363425158501,583.2761176637782,890.196567367922
Khargone / West Nimar,2012,799.35,742.2914588368758,588.8312339848039,895.7516836889477
Khargone / West Nimar,2013,427.56,844.9485630651843,691.4883382131125,998.4087879172562
Khargone / West Nimar,2014,2000.0,513.5620835793388,360.101858727267,667.0223084314107
Khargone / West Nimar,2015,335.0,1112.28318858716,958.8229637350883,1265.743413439232
Khargone / West Nimar,2016,1175.6539,797.767655781563,644.3074309294911,951.2278806336349
Khargone / West Nimar,2017,1048.7448,929.879746320802,776.4195214687302,1083.339971172874
Khargone / West Nimar,2018,1050.4766,971.3991139556165,817.9388891035446,1124.8593388076883
Khargone / West Nimar,2019,1180.0455,1005.4733964526449,852.0131716005731,1158.9336213047168
Khargone / West Nimar,2020,1334.3914,1077.2226219019713,923.7623970498994,1230.682846754043
Khargone / West Nimar,2021,1364.4708,1172.9224083661993,1019.4621835141274,1326.3826332182712
Khargone / West Nimar,2022,1430.7371,1245.8649040955352,1092.4046792434633,1399.325128947607
Khargone / West Nimar,2023,1544.6397,1319.1205899512033,1165.6603650991315,1472.5808148032752
Khargone / West Nimar,2024,1429.723,1394.1456924762579,1240.685467624186,1547.6059173283297
Khargone / West Nimar,2025,1841.1017,1428.534449458296,1275.074224606224,1581.9946743103678
Kheda,2006,1863.53,2195.0993148824946,1543.0426523374322,2847.155977427557
Kheda,2007,2391.93,1938.375459199724,1286.3187968367477,2590.4321215627006
Kheda,2008,2054.18,1871.9388893137711,1219.8822270599921,2523.99555156755
Kheda,2009,2441.87,1716.2341374089383,1064.1774752206454,2368.290799597231
Kheda,2010,2280.81,2167.5286840077324,1515.4720218587117,2819.585346156753
Kheda,2011,2241.93,2088.0322351861564,1435.975573060687,2740.0888973116257
Kheda,2012,2474.36,2007.6832786703715,1355.626616559026,2659.739940781717
Kheda,2013,2477.4,2361.1665789367557,1709.1099168338806,3013.223241039631
Kheda,2014,2645.17,2138.6537197668176,1486.597057669022,2790.7103818646133
Kheda,2015,2621.91,2199.3159510299797,1547.2592889352302,2851.3726131247295
Kheda,2016,2756.448,2309.1039835942547,1657.0473215013321,2961.1606456871773
Kheda,2017,2724.3371,2287.0852417526535,1635.0285796608264,2939.1419038444806
Kheda,2018,2877.5901,2422.3159105056757,1770.2592484145057,3074.3725725968457
Kheda,2019,2915.5522,2462.3903456336457,1810.3336835428695,3114.447007724422
Kheda,2020,2923.9257,2476.5171462396384,1824.4604841490986,3128.573808330178
Kheda,2021,2985.9267,2535.5073218271673,1883.450659736769,3187.5639839175656
Kheda,2022,3087.807,2629.4902823529346,1977.4336202626214,3281.546944443248
Kheda,2023,3097.1683,2645.6358672007773,1993.579205110515,3297.6925292910396
Kheda,2024,3276.774,2806.765101451043,2154.708439360811,3458.821763541275
Kheda,2025,3335.2796,2867.8396874228583,2215.783025332645,3519.8963495130715
Kheri,2006,2039.2,2085.9822074382128,1648.0122659402687,2523.952148936157
Kheri,2007,2053.72,2023.0418782253264,1585.0719367273823,2461.0118197232705
Kheri,2008,1796.0,2337.402015940723,1899.4320744427787,2775.371957438667
Kheri,2009,1980.02,1559.0566195344254,1121.0866780364813,1997.0265610323695
Kheri,2010,2129.42,2164.6181025174365,1726.6481610194924,2602.5880440153805
Kheri,2011,2441.23,2148.744888113886,1710.774946615942,2586.7148296118303
Kheri,2012,2563.0,2226.7780458618126,1788.8081043638686,2664.7479873597567
Kheri,2013,2695.96,2504.3971270314587,2066.4271855335146,2942.367068529403
Kheri,2014,2723.91,2477.2722008998253,2039.3022594018812,2915.2421423977694
Kheri,2015,2629.05,2707.2730089516,2269.303067453656,3145.242950449544
Kheri,2016,2850.91,2625.6902864418025,2187.7203449438584,3063.6602279397466
Kheri,2017,2948.5962,2774.796404537263,2336.8264630393187,3212.766346035207
Kheri,2018,3094.801,2899.953473241325,2461.983531743381,3337.923414739269
Kheri,2019,3126.5329,3007.1596997757633,2569.1897582778192,3445.1296412737074
Kheri,2020,3211.3471,3073.8437629203545,2635.8738214224104,3511.8137044182986
Kheri,2021,3378.7269,3178.2027993634156,2740.2328578654715,3616.1727408613597
Kheri,2022,3509.1846,3318.577944992592,2880.608003494648,3756.5478864905363
Kheri,2023,3546.8365,3424.4006272725765,2986.4306857746324,3862.3705687705205
Kheri,2024,3790.2513,3539.84014567733,3101.870204179386,3977.810087175274
Kheri,2025,3690.6994,3649.8641111577526,3211.8941696598085,4087.8340526556967
Kinnaur,2006,1333.33,1373.5804937747616,926.241497661877,1820.9194898876463
Kinnaur,2007,2000.0,1448.3905907142453,1001.0515946013693,1895.7295868271212
Kinnaur,2008,1000.0,1761.6701440011802,1314.3311478883072,2209.009140114053
Kinnaur,2009,1000.0,1167.3843160468787,720.0453199340068,1614.7233121597505
Kinnaur,2010,1000.0,1227.9017846597199,780.5627885468484,1675.2407807725913
Kinnaur,2011,1000.0,1248.4761308443085,801.1371347314371,1695.81512695718
Kinnaur,2012,1000.0,1148.0555902100532,700.7165940971819,1595.3945863229246
Kinnaur,2013,2000.0,1045.8793325377883,598.540336424917,1493.2183286506597
Kinnaur,2014,2000.0,1389.6583714306053,942.3193753177339,1836.9973675434767
Kinnaur,2015,2000.0,1605.4169199132175,1158.077923800346,2052.755916026089
Kinnaur,2016,2027.0257,1672.710872494854,1225.3718763819825,2120.0498686077253
Kinnaur,2017,1922.9081,1831.489630784601,1384.1506346717297,2278.8286268974725
Kinnaur,2018,1994.1387,1854.7133844732762,1407.3743883604047,2302.0523805861476
Kinnaur,2019,2119.7986,1888.141360118656,1440.8023640057845,2335.4803562315274
Kinnaur,2020,2121.0166,1979.7051243321985,1532.366128219327,2427.04412044507
Kinnaur,2021,1961.8921,2061.7760994173514,1614.43710330448,2509.115095530223
Kinnaur,2022,2154.1268,1987.4511458463821,1540.1121497335107,2434.7901419592536
Kinnaur,2023,2461.7667,2001.3306130636065,1553.991616950735,2448.669609176478
Kinnaur,2024,2194.1587,2230.3890105521004,1783.050014439229,2677.728006664972
Kinnaur,2025,2277.1537,2200.1005563056024,1752.761560192731,2647.439552418474
Kodagu / Coorg,2006,2464.47,2286.7160834761635,1761.736358723903,2811.6958082284236
Kodagu / Coorg,2007,2566.67,2398.1365208403095,1873.156796088049,2923.1162455925696
Kodagu / Coorg,2008,2397.62,2483.5661741980894,1958.586449445829,3008.5458989503495
Kodagu / Coorg,2009,2443.74,2357.012022247119,1832.0322974948588,2881.9917469993798
Kodagu / Coorg,2010,2636.85,2555.6646333027065,2030.6849085504462,3080.6443580549667
Kodagu / Coorg,2011,2724.43,2492.724023110662,1967.7442983584017,3017.7037478629227
Kodagu / Coorg,2012,2479.44,2504.285442470068,1979.3057177178077,3029.2651672223283
Kodagu / Coorg,2013,2878.86,2564.00301367031,2039.0232889180495,3088.98273842257
Kodagu / Coorg,2014,2806.85,2768.3273735545863,2243.347648802326,3293.3070983068465
Kodagu / Coorg,2015,2699.01,2794.9501663016567,2269.970441549396,3319.9298910539173
Kodagu / Coorg,2016,2786.9539,2729.0644722846046,2204.0847475323444,3254.0441970368647
Kodagu / Coorg,2017,2894.6569,2763.139588107075,2238.1598633548147,3288.119312859335
Kodagu / Coorg,2018,2909.753,2828.795647512221,2303.815922759961,3353.775372264481
Kodagu / Coorg,2019,2889.264,2867.377644294379,2342.397919542119,3392.357369046639
Kodagu / Coorg,2020,2958.7211,2881.4705320401704,2356.49080728791,3406.450256792431
Kodagu / Coorg,2021,3071.2925,2925.436301431687,2400.4565766794267,3450.416026183947
Kodagu / Coorg,2022,2975.0308,2992.1647301833154,2467.1850054310553,3517.1444549355756
Kodagu / Coorg,2023,3079.9129,2988.7828561073175,2463.8031313550573,3513.7625808595776
Kodagu / Coorg,2024,3174.7668,3038.6974704260906,2513.71774567383,3563.677195178351
Kodagu / Coorg,2025,3142.9094,3104.0579190637145,2579.0781943114544,3629.0376438159747
Kolar,2006,1905.46,2552.5428858833343,1760.1685832506296,3344.917188516039
Kolar,2007,2269.23,2664.3708697185893,1871.9965670858846,3456.745172351294
Kolar,2008,2548.05,2207.0512505740126,1414.6769479413078,2999.4255532067173
Kolar,2009,2039.2,3014.313275669241,2221.9389730365365,3806.687578301946
Kolar,2010,2542.34,2158.2022114056153,1365.8279087729106,2950.57651403832
Kolar,2011,2505.55,2188.8017450113794,1396.4274423786746,2981.176047644084
Kolar,2012,2466.67,2152.417359014583,1360.0430563818782,2944.7916616472876
Kolar,2013,2325.98,2505.6481096070224,1713.2738069743177,3298.022412239727
Kolar,2014,2434.78,2478.5066496715876,1686.132347038883,3270.8809523042924
Kolar,2015,2445.09,2270.575156461292,1478.2008538285872,3062.9494590939967
Kolar,2016,2668.8789,2718.664548191721,1926.2902455590165,3511.038850824426
Kolar,2017,2537.6335,2375.211382714927,1582.8370800822222,3167.5856853476316
Kolar,2018,2651.9154,2576.433052570338,1784.0587499376334,3368.807355203043
Kolar,2019,2700.6213,2620.4956547347692,1828.1213521020645,3412.869957367474
Kolar,2020,2639.6949,2459.8273681152186,1667.453065482514,3252.2016707479233
Kolar,2021,2707.4973,2580.2706702382247,1787.89636760552,3372.6449728709295
Kolar,2022,2790.5305,2709.0375290439133,1916.6632264112086,3501.411831676618
Kolar,2023,2823.756,2726.246111593459,1933.8718089607542,3518.6204142261636
Kolar,2024,2935.9435,2898.4364579833514,2106.0621553506467,3690.810760616056
Kolar,2025,2892.0773,2753.3907217892465,1961.0164191565418,3545.7650244219512
Kolhapur,2006,2594.2,2834.071643017727,2409.71994921035,3258.4233368251043
Kolhapur,2007,3004.62,2314.80778992498,1890.456096117603,2739.1594837323573
Kolhapur,2008,2510.49,2726.87496022496,2302.523266417583,3151.226654032337
Kolhapur,2009,2588.44,2327.9009564505677,1903.5492626431906,2752.252650257945
Kolhapur,2010,2885.0,2901.569799806758,2477.218105999381,3325.921493614135
Kolhapur,2011,2677.6,2586.762768397186,2162.411074589809,3011.114462204563
Kolhapur,2012,2617.14,2427.620262909316,2003.2685691019387,2851.971956716693
Kolhapur,2013,3118.61,2835.0900397471396,2410.7383459397624,3259.4417335545168
Kolhapur,2014,3028.62,2963.629229870994,2539.277536063617,3387.9809236783713
Kolhapur,2015,2460.85,2864.0008088765844,2439.6491150692073,3288.3525026839616
Kolhapur,2016,2738.6061,2603.951602861651,2179.5999090542737,3028.303296669028
Kolhapur,2017,2838.1728,2652.802716374853,2228.451022567476,3077.15441018223
Kolhapur,2018,2960.9636,2733.6126450287593,2309.260951221382,3157.9643388361364
Kolhapur,2019,2935.9245,2845.8207356674466,2421.4690418600694,3270.1724294748237
Kolhapur,2020,2866.2484,2870.7391820184384,2446.3874882110613,3295.0908758258156
Kolhapur,2021,2862.6949,2832.7852075830524,2408.4335137756752,3257.1369013904296
Kolhapur,2022,2916.4111,2815.3379511904923,2390.986257383115,3239.6896449978694
Kolhapur,2023,3006.3475,2842.748158711881,2418.396464904504,3267.099852519258
Kolhapur,2024,2806.8538,2918.821538406891,2494.4698445995136,3343.173232214268
Kolhapur,2025,2961.1246,2806.9835477994247,2382.6318539920476,3231.335241606802
Kollam,2006,2423.65,2319.215035817567,2085.436994513562,2552.993077121572
Kollam,2007,2277.98,2317.960301221946,2084.182259917941,2551.738342525951
Kollam,2008,2399.08,2304.1488840517422,2070.3708427477372,2537.9269253557472
Kollam,2009,2432.56,2351.6017581986443,2117.8237168946393,2585.3797995026493
Kollam,2010,2178.52,2446.690353422488,2212.912312118483,2680.468394726493
Kollam,2011,2808.16,2248.6337217207183,2014.8556804167133,2482.4117630247233
Kollam,2012,2444.14,2521.1387778306853,2287.3607365266803,2754.9168191346903
Kollam,2013,2814.62,2485.80958100486,2252.031539700855,2719.587622308865
Kollam,2014,2734.69,2684.572918290497,2450.794876986492,2918.350959594502
Kollam,2015,2872.86,2737.413466649653,2503.635425345648,2971.191507953658
Kollam,2016,2917.9368,2785.066154493744,2551.288113189739,3018.844195797749
Kollam,2017,2850.8579,2855.365807689389,2621.587766385384,3089.143848993394
Kollam,2018,3008.933,2851.228620590943,2617.450579286938,3085.006661894948
Kollam,2019,3147.5796,2933.8074103273398,2700.0293690233348,3167.5854516313448
Kollam,2020,3094.785,3047.237347188947,2813.459305884942,3281.015388492952
Kollam,2021,3256.5928,3070.8816430567535,2837.1036017527485,3304.6596843607585
Kollam,2022,3273.7061,3168.996362409968,2935.218321105963,3402.774403713973
Kollam,2023,3340.7378,3223.6138176751588,2989.8357763711538,3457.3918589791638
Kollam,2024,3424.1453,3284.785536576884,3051.007495272879,3518.563577880889
Kollam,2025,3375.045,3358.465265524662,3124.687224220657,3592.243306828667
Koraput,2006,1510.09,1543.090069399599,1231.4008963722067,1854.7792424269915
Koraput,2007,1700.21,1477.6418398634517,1165.9526668361314,1789.331012890772
Koraput,2008,1386.88,1507.9761029099693,1196.2869298826843,1819.6652759372544
Koraput,2009,1394.71,1260.4993878977411,948.8102148704734,1572.188560925009
Koraput,2010,1990.82,1424.2686911081328,1112.5795180808736,1735.957864135392
Koraput,2011,973.66,1560.4169075983073,1248.7277345710522,1872.1060806255623
Koraput,2012,2085.79,1378.327775386002,1066.638602358749,1690.016948413255
Koraput,2013,2505.29,1752.2625446345965,1440.5733716073446,2063.9517176618483
Koraput,2014,2175.23,1913.6724671556292,1601.9832941283778,2225.3616401828804
Koraput,2015,1484.05,1837.9062581447083,1526.2170851174571,2149.5954311719597
Koraput,2016,1780.2155,1768.1307762311453,1456.4416032038944,2079.8199492583963
Koraput,2017,1905.1226,1765.8114134560856,1454.1222404288346,2077.5005864833365
Koraput,2018,2132.7666,1809.27443551091,1497.585262483659,2120.963608538161
Koraput,2019,2428.2152,1912.960055645332,1601.270882618081,2224.649228672583
Koraput,2020,2335.3803,2044.9553366831224,1733.2661636558714,2356.6445097103733
Koraput,2021,2195.2658,2106.087410271059,1794.3982372438081,2417.77658329831
Koraput,2022,2327.0054,2127.353599422513,1815.6644263952621,2439.042772449764
Koraput,2023,2250.7307,2166.0891677494524,1854.3999947222014,2477.7783407767033
Koraput,2024,2455.0973,2191.437894572186,1879.748721544935,2503.127067599437
Koraput,2025,2642.1508,2269.0855746298835,1957.3964016026325,2580.7747476571344
Kota,2006,2553.29,2258.098662854867,1441.2933437332836,3074.9039819764507
Kota,2007,2646.06,2242.892614681293,1426.0872955597092,3059.6979338028764
Kota,2008,3088.0,2485.640005734993,1668.8346866134093,3302.4453248565765
Kota,2009,2191.81,2620.144014604023,1803.3386954824396,3436.9493337256067
Kota,2010,2795.5,2571.719984205525,1754.9146650839416,3388.5253033271088
Kota,2011,2297.25,2846.2224404449844,2029.4171213234008,3663.027759566568
Kota,2012,2691.06,2502.765092649419,1685.9597735278353,3319.5704117710025
Kota,2013,2377.76,2632.1263605360555,1815.321041414472,3448.931679657639
Kota,2014,2787.86,2375.682438680493,1558.8771195589093,3192.4877578020764
Kota,2015,2592.14,2497.8955609028067,1681.090241781223,3314.7008800243902
Kota,2016,2615.771,2674.8760919121655,1858.070772790582,3491.681411033749
Kota,2017,2685.6998,2679.924781638501,1863.1194625169173,3496.7301007600845
Kota,2018,2351.541,2548.5743758144326,1731.769056692849,3365.379694936016
Kota,2019,2555.2516,2543.450527777973,1726.6452086563895,3360.2558468995567
Kota,2020,2541.9918,2547.795874292823,1730.9905551712395,3364.6011934144067
Kota,2021,2649.2368,2593.635147765958,1776.8298286443746,3410.440466887542
Kota,2022,2462.7109,2547.0854572324474,1730.2801381108638,3363.890776354031
Kota,2023,2489.9137,2522.463084069305,1705.6577649477213,3339.2684031908884
Kota,2024,2522.4689,2524.6767218980476,1707.871402776464,3341.482041019631
Kota,2025,2569.3412,2547.2501855703513,1730.4448664487677,3364.055504691935
Kottayam,2006,2579.0,2418.1984115052733,2071.0439236393754,2765.352899371171
Kottayam,2007,2609.5,2465.061862550699,2117.907374684801,2812.216350416597
Kottayam,2008,2889.61,2610.949974771219,2263.795486905321,2958.1044626371167
Kottayam,2009,2556.94,2711.0122390215956,2363.8577511556978,3058.1667268874935
Kottayam,2010,2756.96,2646.989174461751,2299.8346865958533,2994.143662327649
Kottayam,2011,2948.17,2695.8475061105855,2348.6930182446877,3043.0019939764834
Kottayam,2012,2893.16,2852.767764833376,2505.613276967478,3199.922252699274
Kottayam,2013,3204.94,2838.099601307282,2490.945113441384,3185.2540891731796
Kottayam,2014,2846.02,3063.6296697516036,2716.4751818857058,3410.7841576175015
Kottayam,2015,3019.08,3001.0584051139963,2653.9039172480984,3348.212892979894
Kottayam,2016,3120.504,2928.2243957894843,2581.0699079235865,3275.378883655382
Kottayam,2017,3159.4715,3028.5963378254296,2681.4418499595317,3375.7508256913275
Kottayam,2018,3193.9175,3098.1515870672924,2750.9970992013946,3445.3060749331903
Kottayam,2019,3272.2117,3140.473396754287,2793.318908888389,3487.627884620185
Kottayam,2020,3300.7693,3211.695922192058,2864.54143432616,3558.8504100579557
Kottayam,2021,3377.7965,3250.8235298887307,2903.669042022833,3597.9780177546286
Kottayam,2022,3390.0273,3322.9380835677075,2975.7835957018096,3670.0925714336054
Kottayam,2023,3424.0179,3359.5993186434,3012.444830777502,3706.7538065092976
Kottayam,2024,3469.6381,3392.47412784141,3045.319639975512,3739.6286157073077
Kottayam,2025,3524.0013,3430.1211466989052,3082.9666588330074,3777.275634564803
Kozhikode,2006,2172.73,2147.998126351673,1976.9292674111944,2319.0669852921515
Kozhikode,2007,2186.33,2100.6758932526086,1929.60703431213,2271.744752193087
Kozhikode,2008,2239.75,2128.8478674434036,1957.779008502925,2299.916726383882
Kozhikode,2009,2203.48,2153.2847270117327,1982.2158680712541,2324.3535859522112
Kozhikode,2010,2155.16,2322.5148809280454,2151.446021987567,2493.583739868524
Kozhikode,2011,2230.21,2126.4820297426404,1955.4131708021619,2297.550888683119
Kozhikode,2012,2318.58,2103.092522432268,1932.0236634917896,2274.1613813727467
Kozhikode,2013,2409.93,2355.354087838906,2184.2852288984272,2526.4229467793843
Kozhikode,2014,2369.95,2413.6717747389157,2242.602915798437,2584.7406336793943
Kozhikode,2015,2147.88,2390.1725543530347,2219.103695412556,2561.2414132935132
Kozhikode,2016,2336.9132,2157.5156849429845,1986.446826002506,2328.584543883463
Kozhikode,2017,2376.7483,2282.050581248323,2110.9817223078444,2453.1194401888015
Kozhikode,2018,2326.9026,2343.233630844555,2172.1647719040766,2514.3024897850337
Kozhikode,2019,2380.3546,2325.8677124786836,2154.798853538205,2496.936571419162
Kozhikode,2020,2371.1446,2358.6719020354653,2187.603043094987,2529.740760975944
Kozhikode,2021,2380.8861,2361.33551738874,2190.2666584482613,2532.4043763292184
Kozhikode,2022,2420.729,2369.7494299692125,2198.680571028734,2540.818288909691
Kozhikode,2023,2411.1549,2399.998482272026,2228.9296233315476,2571.0673412125047
Kozhikode,2024,2419.6945,2401.6866658760882,2230.6178069356097,2572.755524816567
Kozhikode,2025,2447.0668,2408.7288151585553,2237.659956218077,2579.797674099034
Krishna,2006,2532.08,3204.485390140745,2740.0078288888153,3668.9629513926748
Krishna,2007,3659.45,2855.174020834848,2390.696459582918,3319.6515820867776
Krishna,2008,3617.72,3252.504423245225,2788.0268619932954,3716.981984497155
Krishna,2009,3592.23,3418.8697318964814,2954.3921706445517,3883.347293148411
Krishna,2010,3069.43,3400.42060747062,2935.94304621869,3864.8981687225496
Krishna,2011,3718.49,3396.809312767363,2932.331751515433,3861.2868740192926
Krishna,2012,3593.24,3373.4353494621473,2908.9577882102176,3837.912910714077
Krishna,2013,3235.49,3528.794217113854,3064.316655861924,3993.2717783657836
Krishna,2014,3467.57,3466.980726000674,3002.5031647487444,3931.458287252604
Krishna,2015,3455.86,3503.556453739159,3039.0788924872295,3968.034014991089
Krishna,2016,3416.9045,3490.36659834414,3025.8890370922104,3954.84415959607
Krishna,2017,3618.9563,3405.85337820066,2941.37581694873,3870.3309394525895
Krishna,2018,3611.6286,3538.036767115552,3073.559205863622,4002.5143283674815
Krishna,2019,3663.102,3576.3047356780808,3111.827174426151,4040.7822969300105
Krishna,2020,3692.7513,3627.8180148922474,3163.3404536403177,4092.295576144177
Krishna,2021,3761.6478,3656.5845054409892,3192.1069441890595,4121.062066692919
Krishna,2022,3785.4855,3719.8839916604757,3255.406430408546,4184.361552912405
Krishna,2023,3707.8723,3788.3577479657724,3323.8801867138427,4252.835309217702
Krishna,2024,3843.418,3717.7583132019054,3253.2807519499756,4182.235874453835
Krishna,2025,3809.0419,3808.249539154237,3343.7719779023073,4272.727100406167
Kullu,2006,1304.05,1492.7012382199428,931.5359220878307,2053.8665543520547
Kullu,2007,1346.94,1438.0954510533074,877.072768486152,1999.118133620463
Kullu,2008,1368.06,1401.0049702732258,840.1149596586932,1961.8949808877583
Kullu,2009,1244.76,1394.375402534828,833.608917062742,1955.141888006914
Kullu,2010,1302.82,1485.645881210079,924.9945079949836,2046.2972544251747
Kullu,2011,1304.96,1380.6987080941717,820.1546970202066,1941.2427191681368
Kullu,2012,1316.9,1344.0548721146251,783.6110730267362,1904.498671202514
Kullu,2013,1313.87,1318.2351869335162,757.8849940214506,1878.5853798455819
Kullu,2014,1441.18,1334.6667107871854,774.4040131909908,1894.92940838338
Kullu,2015,1313.43,1315.2080247302174,755.027162546038,1875.3888869143968
Kullu,2016,1351.3551,1417.3034824967135,857.1992074858182,1977.407757507609
Kullu,2017,1377.9917,1413.8525740422438,853.8200144493645,1973.885133635123
Kullu,2018,1365.1202,1421.2016699026753,861.2362988757867,1981.1670409295639
Kullu,2019,1349.4429,1428.5684047635305,868.6660119392883,1988.4707975877727
Kullu,2020,1363.9286,1427.7748872653046,867.9315531449755,1987.6182213856337
Kullu,2021,1383.7612,1426.163947126931,866.3760199188031,1985.9518743350586
Kullu,2022,1350.3533,1438.3925797862548,878.6566544338493,1998.1285051386603
Kullu,2023,1352.5498,1440.396215647992,880.7091148002119,2000.0833164957721
Kullu,2024,1384.8744,1435.0187073726602,875.3774640834077,1994.6599506619127
Kullu,2025,1370.8463,1442.2107285489465,882.6125705205845,2001.8088865773084
Kurnool,2006,3327.88,3201.831164081406,2682.715626917629,3720.946701245183
Kurnool,2007,3539.31,3568.261791995537,3049.14625483176,4087.377329159314
Kurnool,2008,3427.84,3391.6070809339144,2872.4915437701375,3910.7226180976913
Kurnool,2009,3343.21,3160.0651684918394,2640.9496313280624,3679.1807056556163
Kurnool,2010,2961.26,3730.420602594484,3211.305065430707,4249.536139758261
Kurnool,2011,3566.47,2763.1905509510816,2244.0750137873047,3282.3060881148585
Kurnool,2012,3757.06,3486.611080948759,2967.495543784982,4005.726618112536
Kurnool,2013,3696.13,3866.2369611475942,3347.1214239838173,4385.352498311371
Kurnool,2014,3865.01,3563.5673188224587,3044.4517816586817,4082.6828559862356
Kurnool,2015,3192.9,4117.6623063184425,3598.5467691546655,4636.777843482219
Kurnool,2016,3626.7207,3039.9248224071243,2520.8092852433474,3559.0403595709013
Kurnool,2017,3658.31,3622.545909330851,3103.430372167074,4141.661446494628
Kurnool,2018,3605.9259,3642.8165948833184,3123.7010577195415,4161.932132047095
Kurnool,2019,3490.491,3580.961839418106,3061.846302254329,4100.077376581883
Kurnool,2020,3697.7028,3515.1372279285815,2996.0216907648046,4034.2527650923585
Kurnool,2021,3573.5426,3670.80021846989,3151.684681306113,4189.915755633667
Kurnool,2022,3816.0102,3603.633835919377,3084.5182987556,4122.749373083154
Kurnool,2023,3782.9815,3802.9733479238257,3283.857810760049,4322.088885087603
Kurnool,2024,3873.9288,3789.628085051899,3270.512547888122,4308.743622215676
Kurnool,2025,3878.7205,3867.0582505343837,3347.9427133706067,4386.173787698161
Lakhimpur,2006,889.96,1066.7196760346287,886.0692147399312,1247.370137329326
Lakhimpur,2007,948.38,1155.8198496272805,975.2287565399961,1336.410942714565
Lakhimpur,2008,780.83,1137.9911579545299,957.4564832755303,1318.5258326335295
Lakhimpur,2009,1289.62,1062.584847623622,882.1038560737957,1243.0658391734482
Lakhimpur,2010,1586.61,1084.7291788837488,904.2993293947249,1265.1590283727726
Lakhimpur,2011,1605.41,1091.5758135955366,911.1947413483434,1271.95688584273
Lakhimpur,2012,1948.6,1160.2978367607939,979.9633372540711,1340.6323362675166
Lakhimpur,2013,1744.1,1118.6677234203275,938.3777382989704,1298.9577085416847
Lakhimpur,2014,1871.3,1200.3174373930917,1020.0700418089373,1380.5648329772462
Lakhimpur,2015,1813.29,1203.2604883131964,1023.0538796232029,1383.46709700319
Lakhimpur,2016,2121.4543,1177.0897415274906,996.9222291630837,1357.2572538918973
Lakhimpur,2017,2292.9693,1198.8695988143409,1018.739595179245,1378.9996024494367
Lakhimpur,2018,2408.9692,1219.5837525366255,1039.4897648103731,1399.677740262878
Lakhimpur,2019,2522.8226,1241.5911127902712,1061.5317355313582,1421.650490049184
Lakhimpur,2020,2741.812,1271.865192858415,1091.839101315278,1451.891284401552
Lakhimpur,2021,2919.5,1302.5121289879435,1122.5180730380002,1482.5061849378867
Lakhimpur,2022,2883.5141,1321.244868593366,1141.2816672406598,1501.208069946072
Lakhimpur,2023,3031.3362,1350.5858989163398,1170.6524352871215,1530.5193625455581
Lakhimpur,2024,3174.674,1381.243138232691,1201.3383550158287,1561.1479214495535
Lakhimpur,2025,3384.5651,1417.7349339485206,1237.8578292341144,1597.6120386629268
Lucknow,2006,1923.11,1709.0328679801974,1285.6630481512377,2132.402687809157
Lucknow,2007,1830.32,1812.5635293610117,1389.193709532052,2235.9333491899715
Lucknow,2008,2128.05,2080.426182930843,1657.0563631018833,2503.796002759803
Lucknow,2009,2205.85,1893.3685303812913,1469.9987105523317,2316.738350210251
Lucknow,2010,1912.88,2247.782817732122,1824.4129979031625,2671.152637561082
Lucknow,2011,2008.53,2077.3912181296564,1654.0213983006968,2500.7610379586163
Lucknow,2012,2049.86,1817.4413398810048,1394.0715200520451,2240.8111597099646
Lucknow,2013,2025.88,2139.0435221004127,1715.673702271453,2562.4133419293726
Lucknow,2014,2324.77,1786.773745501731,1363.4039256727713,2210.1435653306908
Lucknow,2015,2026.26,2125.0524278687035,1701.6826080397439,2548.4222476976634
Lucknow,2016,2104.0428,2063.0830089003025,1639.7131890713429,2486.4528287292624
Lucknow,2017,2174.3372,2127.7154549806005,1704.3456351516409,2551.0852748095604
Lucknow,2018,2175.9483,2120.1876525693633,1696.8178327404037,2543.557472398323
Lucknow,2019,2255.2863,2202.062692149543,1778.6928723205835,2625.432511978503
Lucknow,2020,2201.6804,2137.5462476850007,1714.176427856041,2560.9160675139606
Lucknow,2021,2251.2847,2191.1276885974835,1767.7578687685238,2614.4975084264433
Lucknow,2022,2238.0836,2174.1715603276975,1750.801740498738,2597.5413801566574
Lucknow,2023,2310.9971,2253.097090433321,1829.7272706043611,2676.4669102622806
Lucknow,2024,2340.6629,2281.8260494752617,1858.456229646302,2705.1958693042216
Lucknow,2025,2323.0588,2259.4052130950777,1836.035393266118,2682.7750329240375
Ludhiana,2006,4355.33,4576.071873398983,4004.653065479011,5147.4906813189555
Ludhiana,2007,4533.32,4425.644040618308,3854.2252326983357,4997.06284853828
Ludhiana,2008,4459.04,4406.221071280888,3834.8022633609157,4977.63987920086
Ludhiana,2009,4685.62,4230.802423694516,3659.383615774543,4802.221231614489
Ludhiana,2010,4401.6,4935.467855303358,4364.049047383385,5506.886663223331
Ludhiana,2011,4255.65,4252.144170831578,3680.7253629116053,4823.56297875155
Ludhiana,2012,4544.65,4381.875380097238,3810.4565721772656,4953.294188017211
Ludhiana,2013,4407.74,4592.593192998904,4021.174385078931,5164.012000918876
Ludhiana,2014,4353.83,4631.523191754891,4060.1043838349183,5202.941999674864
Ludhiana,2015,4589.11,4327.143081125812,3755.72427320584,4898.5618890457845
Ludhiana,2016,4442.8619,4441.406849137295,3869.988041217322,5012.825657057267
Ludhiana,2017,4494.3865,4365.932877682476,3794.5140697625034,4937.351685602449
Ludhiana,2018,4476.2833,4534.308575789029,3962.889767869057,5105.7273837090015
Ludhiana,2019,4501.6759,4446.615320357042,3875.1965124370695,5018.034128277015
Ludhiana,2020,4508.4266,4500.813747072713,3929.394939152741,5072.232554992686
Ludhiana,2021,4424.9056,4665.975468893377,4094.5566609734046,5237.394276813349
Ludhiana,2022,4440.9159,4417.535873000383,3846.11706508041,4988.954680920355
Ludhiana,2023,4450.5647,4436.03278407341,3864.6139761534373,5007.451591993382
Ludhiana,2024,4445.4472,4471.592463431367,3900.1736555113944,5043.011271351339
Ludhiana,2025,4497.5453,4368.407594120721,3796.9887862007486,4939.826402040693
Madurai,2006,4098.65,3333.6950018867965,2540.69893436261,4126.691069410983
Madurai,2007,3681.63,4017.63400638873,3224.6379388645437,4810.6300739129165
Madurai,2008,4122.65,3870.8523199616398,3077.8562524374533,4663.848387485827
Madurai,2009,4339.0,3561.7326835757576,2768.736616051571,4354.728751099944
Madurai,2010,4559.67,4569.083403640343,3776.0873361161566,5362.079471164529
Madurai,2011,4889.99,4372.042785026197,3579.0467175020103,5165.038852550383
Madurai,2012,3792.97,4487.763621135286,3694.767553611099,5280.759688659472
Madurai,2013,4625.77,4133.312135104214,3340.3160675800273,4926.3082026284
Madurai,2014,4618.77,4620.5915038306,3827.595436306414,5413.587571354787
Madurai,2015,4147.08,4802.3890182017585,4009.392950677572,5595.385085725945
Madurai,2016,4606.9599,4061.855040677592,3268.8589731534057,4854.8511082017785
Madurai,2017,4626.1688,4465.867702158262,3672.8716346340752,5258.863769682448
Madurai,2018,4821.8638,4592.497699905791,3799.5016323816044,5385.493767429977
Madurai,2019,4582.3679,4728.955458299804,3935.959390775618,5521.951525823991
Madurai,2020,4683.7146,4611.109116704851,3818.1130491806643,5404.105184229037
Madurai,2021,4848.5679,4667.522570001571,3874.5265024773844,5460.518637525757
Madurai,2022,4778.604,4783.741360921114,3990.745293396928,5576.737428445301
Madurai,2023,4823.496,4768.695806685956,3975.6997391617697,5561.6918742101425
Madurai,2024,5079.2741,4820.461536103472,4027.4654685792857,5613.4576036276585
Madurai,2025,4982.4125,4993.594941999856,4200.59887447567,5786.591009524042
Mahabubnagar,2006,2444.18,2445.5266325761568,1943.399567182262,2947.6536979700513
Mahabubnagar,2007,2874.93,2406.9645262715567,1904.837460877662,2909.0915916654512
Mahabubnagar,2008,2910.32,2696.6450065232357,2194.517941129341,3198.7720719171302
Mahabubnagar,2009,2447.88,2670.414806514932,2168.2877411210375,3172.5418719088266
Mahabubnagar,2010,2774.63,2788.298041293634,2286.1709758997395,3290.4251066875286
Mahabubnagar,2011,2304.64,2608.9338303671198,2106.806764973225,3111.0608957610143
Mahabubnagar,2012,2679.01,2506.6061251987294,2004.4790598048346,3008.733190592624
Mahabubnagar,2013,2838.76,2690.3274680100135,2188.200402616119,3192.454533403908
Mahabubnagar,2014,2600.61,2564.613771294786,2062.4867059008916,3066.7408366886807
Mahabubnagar,2015,2233.28,2638.524206855251,2136.3971414613566,3140.6512722491457
Mahabubnagar,2016,2469.6485,2437.088137884261,1934.9610724903662,2939.2152032781555
Mahabubnagar,2017,2591.2024,2495.711768139373,1993.5847027454781,2997.8388335332675
Mahabubnagar,2018,2449.8928,2508.6952663992174,2006.5682010053226,3010.822331793112
Mahabubnagar,2019,2495.1697,2493.656832644031,1991.5297672501363,2995.7838980379256
Mahabubnagar,2020,2373.0132,2460.6867426165654,1958.5596772226706,2962.81380801046
Mahabubnagar,2021,2354.7194,2410.307027669619,1908.1799622757242,2912.4340930635135
Mahabubnagar,2022,2385.2878,2392.5411927300092,1890.4141273361145,2894.668258123904
Mahabubnagar,2023,2365.9934,2386.1802693265413,1884.0532039326465,2888.307334720436
Mahabubnagar,2024,2279.9381,2352.2946736088024,1850.1676082149077,2854.421739002697
Mahabubnagar,2025,2106.8213,2263.037085121281,1760.9100197273863,2765.1641505151756
Mahendragarh / Narnaul,2006,2187.5,2608.26355722563,1851.3314105699824,3365.1957038812775
Mahendragarh / Narnaul,2007,2848.84,2220.129800618739,1466.8911056367947,2973.368495600683
Mahendragarh / Narnaul,2008,2205.88,2534.100798620876,1783.9056247315768,3284.2959725101755
Mahendragarh / Narnaul,2009,2332.02,2860.7025042937357,2113.0586391157103,3608.346369471761
Mahendragarh / Narnaul,2010,2312.93,2896.285828583641,2150.8115510228427,3641.7601061444393
Mahendragarh / Narnaul,2011,2664.23,2562.3133159968356,1818.7066195184489,3305.9200124752224
Mahendragarh / Narnaul,2012,2903.38,2764.0224718069917,2022.0403082817902,3506.004635332193
Mahendragarh / Narnaul,2013,2545.45,2450.6432674413613,1710.0871350659068,3191.199399816816
Mahendragarh / Narnaul,2014,1777.78,2332.1244798279945,1592.8301619016506,3071.4187977543384
Mahendragarh / Narnaul,2015,2290.32,2169.4419626105278,1431.272060484151,2907.6118647369044
Mahendragarh / Narnaul,2016,2326.5875,2424.969673451027,1687.8080676379732,3162.131279264081
Mahendragarh / Narnaul,2017,2278.1076,2391.844680112936,1655.5923513518976,3128.097008873975
Mahendragarh / Narnaul,2018,2346.5602,2412.581762511597,1677.1535908015662,3148.0099342216276
Mahendragarh / Narnaul,2019,2119.141,2298.186971885796,1563.5092511002726,3032.8646926713195
Mahendragarh / Narnaul,2020,2451.4104,2439.1326655460607,1705.1411498603934,3173.124181231728
Mahendragarh / Narnaul,2021,2277.4655,2353.066482787384,1619.7048339562728,3086.428131618495
Mahendragarh / Narnaul,2022,2442.1393,2420.889823806138,1688.1083644738496,3153.671283138426
Mahendragarh / Narnaul,2023,2139.7995,2275.466750176658,1543.2214535783642,3007.712046774952
Mahendragarh / Narnaul,2024,2095.9331,2244.343993304035,1512.595657531561,2976.0923290765086
Mahendragarh / Narnaul,2025,2019.5089,2197.896907678861,1466.6104754740488,2929.1833398836734
Mainpuri,2006,2580.42,2194.8550090866784,1703.5766150388768,2686.13340313448
Mainpuri,2007,2490.35,2407.299564548962,1916.0211705011602,2898.5779585967634
Mainpuri,2008,2564.07,2562.1663306945384,2070.8879366467368,3053.44472474234
Mainpuri,2009,2453.09,2304.9757763919397,1813.697382344138,2796.2541704397413
Mainpuri,2010,2450.29,2538.884623347699,2047.6062292998972,3030.1630173955004
Mainpuri,2011,2582.8,2527.6887378020774,2036.4103437542758,3018.967131849879
Mainpuri,2012,2669.52,2494.757395995355,2003.4790019475536,2986.035790043157
Mainpuri,2013,2659.47,2652.703557724314,2161.4251636765125,3143.9819517721157
Mainpuri,2014,2576.74,2602.325425365273,2111.0470313174715,3093.6038194130747
Mainpuri,2015,2594.1,2603.74197882114,2112.4635847733384,3095.0203728689416
Mainpuri,2016,2652.6081,2505.6565247365943,2014.3781306887927,2996.934918784396
Mainpuri,2017,2595.9918,2603.977958267249,2112.6995642194474,3095.2563523150507
Mainpuri,2018,2631.875,2580.103754106942,2088.82536005914,3071.3821481547434
Mainpuri,2019,2689.5559,2574.6786909571283,2083.4002969093267,3065.95708500493
Mainpuri,2020,2715.5274,2616.036829597305,2124.7584355495032,3107.3152236451065
Mainpuri,2021,2661.7645,2689.6562958765226,2198.377901828721,3180.934689924324
Mainpuri,2022,2685.5898,2662.040375599072,2170.7619815512703,3153.3187696468735
Mainpuri,2023,2718.4866,2655.128653748233,2163.8502597004313,3146.4070477960345
Mainpuri,2024,2714.4011,2686.2334744504415,2194.95508040264,3177.511868498243
Mainpuri,2025,2732.8006,2688.8213134892385,2197.542919441437,3180.09970753704
Malappuram,2006,2191.93,2195.307968777387,1966.5781204853245,2424.03781706945
Malappuram,2007,2289.47,2122.859972084195,1894.1301237921323,2351.5898203762576
Malappuram,2008,2113.53,2278.5667109189753,2049.8368626269125,2507.296559211038
Malappuram,2009,2250.0,2051.9429667722684,1823.2131184802058,2280.672815064331
Malappuram,2010,2354.19,2357.025172083499,2128.295323791436,2585.755020375562
Malappuram,2011,2467.46,2285.034995383651,2056.3051470915884,2513.764843675714
Malappuram,2012,2305.85,2379.5826194411356,2150.852771149073,2608.3124677331984
Malappuram,2013,2610.6,2373.1275504744362,2144.3977021823735,2601.857398766499
Malappuram,2014,2652.38,2614.786881006265,2386.0570327142023,2843.516729298328
Malappuram,2015,2721.52,2676.4319524960215,2447.7021042039587,2905.1618007880843
Malappuram,2016,2713.558,2647.0603310920005,2418.3304827999377,2875.7901793840633
Malappuram,2017,2746.8142,2706.3512153001375,2477.6213670080747,2935.0810635922003
Malappuram,2018,2868.3544,2726.6756639751584,2497.9458156830956,2955.405512267221
Malappuram,2019,2915.408,2850.700673883533,2621.97082559147,3079.430522175596
Malappuram,2020,2940.8655,2909.782188483837,2681.0523401917744,3138.5120367759
Malappuram,2021,3092.4363,2916.3737519987976,2687.643903706735,3145.1036002908604
Malappuram,2022,3085.9029,3080.66659419583,2851.936745903767,3309.3964424878927
Malappuram,2023,3169.7898,3076.197794854729,2847.4679465626664,3304.927643146792
Malappuram,2024,3183.5214,3163.1880196982825,2934.4581714062197,3391.9178679903453
Malappuram,2025,3310.169,3164.604733791421,2935.8748854993582,3393.334582083484
Malda,2006,3050.89,3017.883215812839,2717.0774578307446,3318.688973794933
Malda,2007,3261.37,3067.6241767270394,2766.818418744945,3368.4299347091337
Malda,2008,2962.56,3241.0591565036075,2940.253398521513,3541.864914485702
Malda,2009,2834.41,2819.8739165944216,2519.0681586123274,3120.679674576516
Malda,2010,3140.47,2915.506724063714,2614.7009660816198,3216.3124820458083
Malda,2011,2986.24,3175.665830856191,2874.8600728740967,3476.4715888382852
Malda,2012,3105.01,2937.7515911080172,2636.945833125923,3238.5573490901115
Malda,2013,3543.64,3119.2396359799673,2818.433877997873,3420.0453939620616
Malda,2014,3465.25,3532.5645828669626,3231.7588248848683,3833.370340849057
Malda,2015,3418.27,3498.723093889009,3197.9173359069146,3799.528851871103
Malda,2016,3541.9756,3338.459221183879,3037.6534632017847,3639.2649791659733
Malda,2017,3483.084,3532.812092901527,3232.006334919433,3833.6178508836215
Malda,2018,3538.5531,3481.1697633747135,3180.364005392619,3781.975521356808
Malda,2019,3511.659,3537.2366046400293,3236.430846657935,3838.0423626221236
Malda,2020,3704.961,3493.0099738017707,3192.2042158196764,3793.815731783865
Malda,2021,3765.0811,3682.3196452571365,3381.513887275042,3983.1254032392308
Malda,2022,3750.8246,3760.4433936855557,3459.6376357034615,4061.24915166765
Malda,2023,3789.5335,3747.6103747957304,3446.804616813636,4048.4161327778247
Malda,2024,3830.194,3782.1168582687424,3481.311100286648,4082.9226162508367
Malda,2025,4024.3428,3805.766691189729,3504.9609332076348,4106.572449171823
Mandi,2006,1383.24,1439.6556041423796,1144.429944913522,1734.8812633712373
Mandi,2007,1284.03,1444.1057945518533,1148.8801353229956,1739.331453780711
Mandi,2008,1358.95,1443.9347495114175,1148.7090902825598,1739.1604087402752
Mandi,2009,1145.34,1271.5914742623409,976.3658150334832,1566.8171334911985
Mandi,2010,1205.41,1345.0405758616741,1049.8149166328164,1640.2662350905318
Mandi,2011,1205.44,1329.9135276877273,1034.6878684588696,1625.139186916585
Mandi,2012,1217.04,1269.4788166337685,974.2531574049108,1564.7044758626262
Mandi,2013,1205.68,1170.5790870540739,875.3534278252162,1465.8047462829315
Mandi,2014,1325.85,1089.5172855102207,794.291626281363,1384.7429447390784
Mandi,2015,1732.98,1161.1091369906762,865.8834777618185,1456.334796219534
Mandi,2016,1415.9173,1434.1028036426405,1138.8771444137828,1729.3284628714982
Mandi,2017,1389.7685,1416.855796890975,1121.6301376621172,1712.0814561198326
Mandi,2018,1391.8152,1396.3858989353184,1101.1602397064607,1691.6115581641761
Mandi,2019,1537.2372,1385.6105893645806,1090.384930135723,1680.8362485934383
Mandi,2020,1442.4975,1433.1693146901555,1137.9436554612978,1728.3949739190132
Mandi,2021,1550.6119,1427.4893910251858,1132.263731796328,1722.7150502540435
Mandi,2022,1506.3128,1464.4499339546783,1169.2242747258206,1759.675593183536
Mandi,2023,1530.3617,1470.6565718642012,1175.4309126353435,1765.8822310930589
Mandi,2024,1559.7049,1483.7558928236842,1188.5302335948265,1778.981552052542
Mandi,2025,1514.6702,1502.573794508769,1207.3481352799113,1797.7994537376267
Mandla,2006,672.93,585.7941428850127,370.3350366333514,801.253249136674
Mandla,2007,482.46,446.08040998134015,230.62139497510975,661.5394249875706
Mandla,2008,465.48,655.2210759567461,439.7621288025861,870.680023110906
Mandla,2009,589.67,539.6211868599019,324.1622901620748,755.0800835577289
Mandla,2010,824.18,638.239389809522,422.7805306322027,853.6982489868412
Mandla,2011,1015.6,843.1348923394562,627.6760610632844,1058.593723615628
Mandla,2012,1010.69,711.9066481324162,496.44783760421706,927.3654586606153
Mandla,2013,1138.56,900.7819003901548,685.3231052906599,1116.2406954896496
Mandla,2014,1311.0,617.097792725395,401.63900909906886,832.5565763517212
Mandla,2015,1699.21,709.2234977759185,493.7647226813283,924.6822728705088
Mandla,2016,1591.7533,1042.0880354009441,826.6292666507677,1257.5468041511206
Mandla,2017,1753.6479,1168.0651912877356,952.6064272554258,1383.5239553200454
Mandla,2018,1733.9,1126.8501040854626,911.3913435614782,1342.308864609447
Mandla,2019,1916.5115,1280.337631071799,1064.8788731566947,1495.7963889869034
Mandla,2020,2107.3335,1445.6232311457006,1230.1644751706258,1661.0819871207755
Mandla,2021,2288.1059,1604.9040740511832,1389.4453195187637,1820.3628285836028
Mandla,2022,2281.4878,1589.5709116387702,1374.112158179146,1805.0296650983944
Mandla,2023,2457.7849,1748.774480784131,1533.3157281222648,1964.233233445997
Mandla,2024,2452.5823,1738.3230998502502,1522.8643477816172,1953.7818519188831
Mandla,2025,2652.7062,1923.174262763833,1707.7155111363436,2138.6330143913224
Mandsaur,2006,333.33,543.5849273483307,183.52622435836088,903.6436303383005
Mandsaur,2012,500.0,305.9651317989874,-54.0935711909824,666.0238347889572
Mandsaur,2013,250.0,574.277258477552,214.2185554875822,934.3359614675218
Mandsaur,2016,244.0082,214.22483826237226,-145.83386472759753,574.283541252342
Mandsaur,2017,156.9203,228.72291777173427,-131.33578521823551,588.7816207617041
Mandsaur,2018,37.4731,140.71263084576594,-219.34607214420384,500.77133383573573
Mandsaur,2019,181.8795,97.33201779527485,-262.72668519469494,457.39072078524464
Mandsaur,2020,221.7737,197.6325875375992,-162.4261154523706,557.691290527569
Mandsaur,2022,16.9355,185.4818830082495,-174.5768199817203,545.5405859982193
Mandsaur,2023,74.2112,57.69420645129185,-302.36449653867794,417.75290944126164
Mandsaur,2024,14.8065,67.70786123180801,-292.3508417581618,427.7665642217778
Mandya,2006,3015.1,3323.778726281019,2359.612152623047,4287.9452999389905
Mandya,2007,3206.18,3181.6810046858627,2217.514431027891,4145.847578343834
Mandya,2008,3195.5,3174.624138961011,2210.4575653030392,4138.790712618982
Mandya,2009,3294.27,3100.332341598113,2136.1657679401414,4064.4989152560847
Mandya,2010,3418.81,3324.032624570828,2359.8660509128563,4288.199198228799
Mandya,2011,3393.2,3260.949889187887,2296.7833155299154,4225.116462845858
Mandya,2012,3116.32,3240.334536691966,2276.1679630339945,4204.501110349937
Mandya,2013,3492.08,3243.2214228807247,2279.054849222753,4207.387996538696
Mandya,2014,3690.02,3349.2945083347236,2385.127934676752,4313.461081992695
Mandya,2015,3665.24,3474.7185768178024,2510.5520031598307,4438.885150475774
Mandya,2016,3680.6497,3588.963903328192,2624.7973296702203,4553.130476986164
Mandya,2017,3836.6204,3618.8961912547456,2654.729617596774,4583.062764912717
Mandya,2018,3776.7738,3715.756420374384,2751.5898467164125,4679.922994032356
Mandya,2019,3894.193,3736.836091097315,2772.6695174393435,4701.002664755287
Mandya,2020,3960.1492,3799.811774205448,2835.645200547476,4763.978347863419
Mandya,2021,4030.2557,3863.642677560495,2899.4761039025234,4827.809251218467
Mandya,2022,4066.2111,3932.676852626781,2968.5102789688094,4896.843426284752
Mandya,2023,4115.8286,3987.667621636212,3023.5010479782404,4951.834195294184
Mandya,2024,4173.6932,4039.893756417802,3075.72718275983,5004.060330075773
Mandya,2025,4211.5399,4095.957304776096,3131.7907311181243,5060.123878434068
Mathura,2006,2153.37,2483.448075940697,1955.1219265886068,3011.7742252927874
Mathura,2007,2433.42,2289.849363445796,1761.5232140937057,2818.175512797886
Mathura,2008,2643.77,2454.9946517126123,1926.668502360522,2983.320801064702
Mathura,2009,2143.2,2242.5828478029807,1714.2566984508906,2770.908997155071
Mathura,2010,2130.83,2430.2358017573188,1901.9096524052286,2958.561951109409
Mathura,2011,2262.18,2242.2191327588844,1713.8929834067942,2770.5452821109748
Mathura,2012,2835.75,2199.1708012284157,1670.8446518763255,2727.4969505805057
Mathura,2013,2404.18,2611.998370374584,2083.6722210224934,3140.324519726674
Mathura,2014,2323.08,2491.661699273712,1963.335549921622,3019.987848625802
Mathura,2015,2224.14,2397.3986056522363,1869.072456300146,2925.7247550043267
Mathura,2016,2365.0423,2228.9034130845303,1700.57726373244,2757.2295624366207
Mathura,2017,2439.6106,2275.533556063576,1747.2074067114856,2803.859705415666
Mathura,2018,2470.4918,2353.7354836867858,1825.4093343346956,2882.0616330388757
Mathura,2019,2465.7433,2417.579460707714,1889.253311355624,2945.9056100598045
Mathura,2020,2434.2398,2451.673703270617,1923.3475539185267,2979.9998526227073
Mathura,2021,2399.1714,2449.521615457705,1921.195466105615,2977.847764809795
Mathura,2022,2257.6476,2466.483638894553,1938.157489542463,2994.8097882466436
Mathura,2023,2381.2811,2298.1272798255527,1769.8011304734625,2826.4534291776426
Mathura,2024,2363.0484,2347.538302155289,1819.2121528031987,2875.8644515073793
Mathura,2025,2397.5901,2339.3945815490392,1811.068432196949,2867.720730901129
Mayurbhanja,2006,1579.46,1615.8424997517209,1306.5177887307605,1925.1672107726813
Mayurbhanja,2007,1667.2,1550.3261343818272,1241.0014233609334,1859.650845402721
Mayurbhanja,2008,1571.86,1541.4517436518952,1232.127032631034,1850.7764546727565
Mayurbhanja,2009,1395.9,1449.058130345281,1139.7334193244355,1758.3828413661263
Mayurbhanja,2010,932.37,1216.843779854669,907.5190688338316,1526.1684908755064
Mayurbhanja,2011,1883.86,1305.9610449700194,996.6363339491859,1615.285755990853
Mayurbhanja,2012,1725.96,1502.1142072648142,1192.7894962439825,1811.438918285646
Mayurbhanja,2013,1390.08,1520.8828626884122,1211.5581516675813,1830.207573709243
Mayurbhanja,2014,2175.66,1579.594947801345,1270.2702367805146,1888.9196588221753
Mayurbhanja,2015,983.71,1578.0399325028293,1268.7152214819992,1887.3646435236594
Mayurbhanja,2016,1461.6528,1374.3276276314418,1065.002916610612,1683.6523386522717
Mayurbhanja,2017,1349.3902,1331.9378518841813,1022.6131408633514,1641.2625629050112
Mayurbhanja,2018,1366.1863,1314.5868130441668,1005.2621020233369,1623.9115240649967
Mayurbhanja,2019,1457.3039,1333.9573937623945,1024.6326827415646,1643.2821047832244
Mayurbhanja,2020,1520.7486,1365.0095866091722,1055.6848755883423,1674.334297630002
Mayurbhanja,2021,1586.182,1406.4728862880343,1097.1481752672044,1715.7975973088642
Mayurbhanja,2022,1674.7909,1463.3978757249292,1154.0731647040993,1772.7225867457591
Mayurbhanja,2023,1403.7793,1401.6640361361608,1092.339325115331,1710.9887471569907
Mayurbhanja,2024,1503.9323,1409.419338418669,1100.094627397839,1718.744049439499
Mayurbhanja,2025,1377.7073,1364.2151960030649,1054.890484982235,1673.5399070238948
Medak,2006,2699.06,2583.2520318767642,1968.3771549606722,3198.1269087928563
Medak,2007,3033.29,2488.4689976091213,1873.5941206930293,3103.3438745252133
Medak,2008,2884.67,2837.283878911041,2222.409001994949,3452.158755827133
Medak,2009,2799.45,2474.696688338989,1859.8218114228973,3089.5715652550807
Medak,2010,3561.98,3137.1356455830455,2522.2607686669535,3752.0105224991376
Medak,2011,2969.86,2905.9125335800063,2291.0376566639143,3520.7874104960983
Medak,2012,3376.22,3090.500732334424,2475.6258554183323,3705.3756092505155
Medak,2013,3652.63,3468.0452533464354,2853.170376430344,4082.920130262527
Medak,2014,3274.24,3090.1196791109746,2475.244802194883,3704.994556027066
Medak,2015,2848.76,3248.1481580835803,2633.2732811674887,3863.023034999672
Medak,2016,3417.5752,3153.216899364674,2538.3420224485826,3768.0917762807658
Medak,2017,3565.6244,3293.1152191974393,2678.2403422813477,3907.990096113531
Medak,2018,3559.553,3366.1734774707943,2751.2986005547027,3981.048354386886
Medak,2019,3462.2813,3368.234118060247,2753.359241144155,3983.108994976339
Medak,2020,3482.219,3386.2235254558213,2771.3486485397298,4001.098402371913
Medak,2021,3619.3698,3458.1093233975917,2843.2344464814996,4072.9842003136837
Medak,2022,3540.7396,3456.5795380837462,2841.704661167654,4071.4544149998383
Medak,2023,3581.9244,3480.512613179091,2865.637736262999,4095.3874900951832
Medak,2024,3712.7161,3551.5333282732727,2936.6584513571806,4166.408205189365
Medak,2025,3793.5367,3622.291491667478,3007.416614751386,4237.16636858357
Meerut,2006,2236.86,2335.7661981268366,1934.9303331492165,2736.6020631044566
Meerut,2007,2415.89,2265.1715030465207,1864.3356380689006,2666.0073680241408
Meerut,2008,2256.98,2385.4074960003118,1984.5716310226917,2786.243360977932
Meerut,2009,2584.26,2253.024828913138,1852.1889639355181,2653.8606938907583
Meerut,2010,2295.87,2527.025816994508,2126.189952016888,2927.8616819721283
Meerut,2011,2547.97,2357.7984622511135,1956.9625972734934,2758.6343272287336
Meerut,2012,2913.95,2408.23888331986,2007.40301834224,2809.0747482974803
Meerut,2013,2769.01,2772.9966223955316,2372.1607574179116,3173.8324873731517
Meerut,2014,2841.15,2715.0235284012488,2314.1876634236287,3115.859393378869
Meerut,2015,2750.77,2801.9717521052976,2401.1358871276775,3202.8076170829177
Meerut,2016,2962.7771,2799.0534725656507,2398.2176075880307,3199.889337543271
Meerut,2017,3033.8928,2896.5416895619323,2495.7058245843123,3297.3775545395524
Meerut,2018,3093.8219,2977.020205484217,2576.184340506597,3377.856070461837
Meerut,2019,3174.6573,3047.959385605236,2647.123520627616,3448.795250582856
Meerut,2020,3232.9952,3121.9354867329985,2721.0996217553784,3522.7713517106185
Meerut,2021,3295.4218,3187.1616686784705,2786.3258037008504,3587.9975336560906
Meerut,2022,3305.0557,3244.0994053819727,2843.2635404043526,3644.935270359593
Meerut,2023,3405.0246,3284.408285246436,2883.572420268816,3685.2441502240563
Meerut,2024,3507.275,3360.3085004361224,2959.4726354585023,3761.1443654137424
Meerut,2025,3530.8717,3441.9047387601718,3041.0688737825517,3842.740603737792
Mehsana,2006,2200.24,2500.923968862506,1857.2666529315484,3144.581284793464
Mehsana,2007,2435.51,2133.6710232725827,1490.0137073417231,2777.3283392034423
Mehsana,2008,2074.72,1954.763521182972,1311.1062052521602,2598.420837113784
Mehsana,2009,2351.79,1928.6910299427868,1285.0337140119982,2572.3483458735755
Mehsana,2010,2203.86,2334.4680256782567,1690.810709747479,2978.1253416090344
Mehsana,2011,1991.67,2117.9789030234647,1474.3215870926927,2761.636218954237
Mehsana,2012,2300.18,1946.4826512516283,1302.8253353208588,2590.139967182398
Mehsana,2013,2164.91,2324.0114293328465,1680.3541134020784,2967.6687452636147
Mehsana,2014,2525.58,1944.098503662678,1300.4411877319105,2587.7558195934453
Mehsana,2015,2271.73,2049.0831390927974,1405.4258231620302,2692.7404550235647
Mehsana,2016,2309.6302,2193.017756045672,1549.360440114905,2836.6750719764386
Mehsana,2017,2281.4987,2128.830376569035,1485.173060638268,2772.4876924998016
Mehsana,2018,2429.7844,2328.953062380315,1685.295746449548,2972.6103783110816
Mehsana,2019,2353.1749,2190.3730765361947,1546.715760605428,2834.0303924669615
Mehsana,2020,2392.8571,2237.5803031256432,1593.9229871948764,2881.23761905641
Mehsana,2021,2363.4734,2183.3139670337264,1539.6566511029596,2826.971282964493
Mehsana,2022,2426.4223,2269.2103612987976,1625.5530453680308,2912.8676772295644
Mehsana,2023,2316.4379,2099.756532396473,1456.0992164657064,2743.41384832724
Mehsana,2024,2362.2839,2172.1443156788396,1528.4869997480728,2815.8016316096064
Mehsana,2025,2334.0001,2130.024041753753,1486.3667258229862,2773.6813576845198
Midnapur,2006,2532.92,2715.67683544581,2383.2490309797745,3048.1046399118454
Midnapur,2007,2504.01,2557.7959810029784,2225.368176536943,2890.223785469014
Midnapur,2008,2431.02,2488.046653232228,2155.6188487661925,2820.4744576982634
Midnapur,2009,2507.04,2308.662876014862,1976.2350715488265,2641.0906804808974
Midnapur,2010,2764.41,2530.064439768183,2197.6366353021476,2862.4922442342186
Midnapur,2011,2638.06,2713.8061550891553,2381.37835062312,3046.2339595551907
Midnapur,2012,2689.03,2562.8439092834365,2230.416104817401,2895.271713749472
Midnapur,2013,2368.91,2468.171444984683,2135.7436405186477,2800.5992494507186
Midnapur,2014,2731.46,2639.1013623531608,2306.6735578871253,2971.5291668191962
Midnapur,2015,2829.84,2756.770590671718,2424.3427862056824,3089.1983951377533
Midnapur,2016,2695.2483,2703.45622187652,2371.0284174104845,3035.8840263425554
Midnapur,2017,2771.2896,2695.264161125407,2362.8363566593716,3027.6919655914426
Midnapur,2018,2852.3598,2739.808710590914,2407.3809061248785,3072.2365150569494
Midnapur,2019,2868.9756,2802.5712983315834,2470.143493865548,3134.999102797619
Midnapur,2020,2832.2312,2832.9226349875394,2500.494830521504,3165.350439453575
Midnapur,2021,2867.1596,2826.5480092445287,2494.120204778493,3158.975813710564
Midnapur,2022,2951.3912,2849.2837551885473,2516.855950722512,3181.7115596545827
Midnapur,2023,2946.8056,2904.0772983083225,2571.649493842287,3236.505102774358
Midnapur,2024,2969.662,2923.8751590505544,2591.447354584519,3256.30296351659
Midnapur,2025,3033.957,2948.4326775032728,2616.0048730372373,3280.8604819693082
Mirzpur,2006,1533.85,1007.0036311784866,458.3656166324654,1555.6416457245077
Mirzpur,2007,1324.17,1495.93336623992,947.2953516938987,2044.571380785941
Mirzpur,2008,1847.33,1552.381307037941,1003.7432924919199,2101.019321583962
Mirzpur,2009,1441.07,1491.6755912787444,943.0375767327232,2040.3136058247655
Mirzpur,2010,1859.51,1446.6322736617535,897.9942591157323,1995.2702882077747
Mirzpur,2011,2115.88,1848.5631030621985,1299.9250885161773,2397.2011176082196
Mirzpur,2012,2266.83,1896.0399076813974,1347.4018931353762,2444.6779222274185
Mirzpur,2013,2264.16,2547.281190106622,1998.6431755606009,3095.919204652643
Mirzpur,2014,2171.76,2074.081278461892,1525.4432639158708,2622.719293007913
Mirzpur,2015,1652.79,2041.727167618254,1493.0891530722329,2590.365182164275
Mirzpur,2016,2299.9196,1886.349473059996,1337.7114585139748,2434.987487606017
Mirzpur,2017,2294.3359,2122.5111612833552,1573.873146737334,2671.1491758293764
Mirzpur,2018,2275.2284,2192.6257564487114,1643.9877419026902,2741.2637709947326
Mirzpur,2019,2574.6715,2356.3247599619663,1807.686745415945,2904.9627745079874
Mirzpur,2020,2541.259,2450.3171778391293,1901.679163293108,2998.9551923851504
Mirzpur,2021,2688.6601,2546.747117614767,1998.1091030687458,3095.385132160788
Mirzpur,2022,2621.6727,2574.208588499546,2025.5705739535247,3122.846603045567
Mirzpur,2023,2839.2887,2675.552292622722,2126.9142780767006,3224.190307168743
Mirzpur,2024,2737.4914,2700.753700404599,2152.1156858585778,3249.39171495062
Mirzpur,2025,2837.3783,2738.669648908285,2190.031634362264,3287.3076634543063
Moradabad,2006,2087.99,2097.3650608538883,1699.3913818054004,2495.3387399023763
Moradabad,2007,2312.67,2076.9244419233282,1678.9507628748404,2474.8981209718163
Moradabad,2008,2166.97,2438.2030856904594,2040.2294066419715,2836.1767647389474
Moradabad,2009,2277.62,1942.6219156081931,1544.6482365597053,2340.595594656681
Moradabad,2010,1817.16,2489.4745395781447,2091.5008605296566,2887.4482186266328
Moradabad,2011,2074.95,1948.1617249436438,1550.188045895156,2346.1354039921316
Moradabad,2012,2291.01,1792.4377172668123,1394.4640382183245,2190.4113963153004
Moradabad,2013,2187.98,2415.4506660776224,2017.4769870291345,2813.4243451261104
Moradabad,2014,2372.63,2004.2519234907609,1606.278244442273,2402.225602539249
Moradabad,2015,2317.32,2323.303640454229,1925.3299614057412,2721.277319502717
Moradabad,2016,2234.8816,2331.5523871131463,1933.5787080646585,2729.5260661616344
Moradabad,2017,2245.9445,2255.1663756694884,1857.1926966210006,2653.1400547179765
Moradabad,2018,2339.6618,2278.6913365180317,1880.7176574695438,2676.6650155665197
Moradabad,2019,2297.7941,2290.425899225829,1892.4522201773414,2688.3995782743173
Moradabad,2020,2306.9752,2287.2552041486933,1889.2815251002055,2685.2288831971814
Moradabad,2021,2330.5881,2299.4504916537608,1901.476812605273,2697.424170702249
Moradabad,2022,2401.1425,2341.1462296062427,1943.172550557755,2739.119908654731
Moradabad,2023,2460.9416,2398.483236845859,2000.5095577973714,2796.4569158943473
Moradabad,2024,2432.6572,2417.4637177082404,2019.4900386597526,2815.4373967567285
Moradabad,2025,2410.4897,2405.570098217526,2007.596419169038,2803.543777266014
Morena,2006,2235.57,2073.177131812329,1238.5507559779755,2907.803507646683
Morena,2007,2475.0,2047.6704481783602,1213.0440723440875,2882.296824012633
Morena,2008,1566.67,2211.5928674524507,1376.9664916182169,3046.2192432866846
Morena,2009,2495.05,1623.3992668533435,788.7728910191286,2458.0256426875585
Morena,2010,2969.07,2272.5910671259867,1437.9646912917806,3107.217442960193
Morena,2011,2973.51,2585.9606450415326,1751.3342692073309,3420.587020875734
Morena,2012,3695.84,2637.089310113447,1802.4629342792473,3471.7156859476468
Morena,2013,3639.98,2989.621033022932,2154.994657188733,3824.2474088571307
Morena,2014,2300.0,3015.147037596672,2180.5206617624735,3849.7734134308703
Morena,2015,3500.0,2810.398792597746,1975.7724167635479,3645.0251684319437
Morena,2016,3761.2656,3088.3331095295666,2253.7067336953687,3922.9594853637645
Morena,2017,3757.5417,3290.418811242697,2455.792435408499,4125.045187076895
Morena,2018,3711.9051,3427.654951386844,2593.0285755526465,4262.2813272210415
Morena,2019,4215.5795,3530.747172564921,2696.1207967307237,4365.373548399119
Morena,2020,4150.7091,3734.0535515807887,2899.4271757465913,4568.679927414986
Morena,2021,4229.3418,3860.8018370560826,3026.1754612218847,4695.4282128902805
Morena,2022,4519.9,3981.218732363184,3146.592356528986,4815.845108197382
Morena,2023,4798.9133,4153.4156374430595,3318.789261608862,4988.042013277257
Morena,2024,4632.9489,4340.6176215762125,3505.991245742015,5175.24399741041
Morena,2025,4736.1667,4430.151480955706,3595.525105121508,5264.777856789903
Mungair,2006,1845.08,926.1118008631947,473.1751217615391,1379.0484799648502
Mungair,2007,1584.03,1376.4973218192695,923.5613707260843,1829.4332729124546
Mungair,2008,1994.65,1164.377963731847,711.4425774359845,1617.3133500277097
Mungair,2009,828.4,1059.9299227351726,606.9949746179128,1512.8648708524324
Mungair,2010,450.77,884.6512519414707,431.7166437714506,1337.5858601114908
Mungair,2011,1976.85,1118.8007216246565,665.8663771929837,1571.7350660563293
Mungair,2012,2232.54,1178.9653540686663,726.0312142513651,1631.8994938859676
Mungair,2013,1800.44,1380.4722792542132,927.5382981818319,1833.4062603265943
Mungair,2014,2513.0,1401.6783475690852,948.7444896551486,1854.6122054830216
Mungair,2015,2450.31,1413.1911482399573,960.2573858756632,1866.1249106042515
Mungair,2016,2144.1389,1489.8174281580366,1036.883739923799,1942.751116392274
Mungair,2017,2501.97,1603.3784476120345,1150.444816889987,2056.3120783340823
Mungair,2018,2556.8636,1682.9926948135721,1230.0591087111288,2135.9262809160155
Mungair,2019,2333.1602,1701.6621939414233,1248.728642456162,2154.5957454266845
Mungair,2020,2784.1119,1831.8835615685925,1378.9500369403531,2284.817086196832
Mungair,2021,2751.6776,1899.7101959784063,1446.776692186635,2352.6436997701776
Mungair,2022,2816.9103,1975.9132159868127,1522.9797283605897,2428.846703613036
Mungair,2023,3103.2495,2096.8439659027113,1643.9104908182007,2549.777440987222
Mungair,2024,3121.3427,2181.6419417457364,1728.7084763914604,2634.5754071000124
Mungair,2025,3028.2482,2235.346819315484,1782.4133615102144,2688.2802771207535
Murshidabad,2006,2608.9,2883.5183738016663,2453.644249248316,3313.3924983550164
Murshidabad,2007,2867.47,2584.2029771013144,2154.3288525479643,3014.0771016546646
Murshidabad,2008,2812.77,2948.0273376912833,2518.153213137933,3377.9014622446334
Murshidabad,2009,2788.53,2753.9717701280906,2324.0976455747405,3183.8458946814408
Murshidabad,2010,2832.96,2971.5205771296382,2541.646452576288,3401.3947016829884
Murshidabad,2011,2727.22,2657.334833533594,2227.460708980244,3087.208958086944
Murshidabad,2012,2763.13,2795.5210991444437,2365.6469745910936,3225.395223697794
Murshidabad,2013,3183.93,2789.01310497508,2359.1389804217297,3218.88722952843
Murshidabad,2014,3239.78,3146.615418599711,2716.741294046361,3576.4895431530613
Murshidabad,2015,3282.64,3148.6968705925765,2718.8227460392263,3578.5709951459266
Murshidabad,2016,3262.6155,3316.3531802628486,2886.4790557094984,3746.2273048161987
Murshidabad,2017,3317.862,3282.395712137406,2852.521587584056,3712.269836690756
Murshidabad,2018,3462.0594,3256.667859469225,2826.7937349158747,3686.541984022575
Murshidabad,2019,3422.6135,3525.001439278898,3095.127314725548,3954.875563832248
Murshidabad,2020,3503.9645,3427.7394470384006,2997.8653224850505,3857.6135715917508
Murshidabad,2021,3621.0624,3459.1912680214527,3029.3171434681026,3889.065392574803
Murshidabad,2022,3648.2084,3636.801500555449,3206.9273760020988,4066.675625108799
Murshidabad,2023,3660.4882,3693.9520257073186,3264.0779011539685,4123.826150260669
Murshidabad,2024,3721.8349,3672.991591201192,3243.117466647842,4102.865715754542
Murshidabad,2025,3817.1884,3697.5257264641896,3267.6516019108394,4127.39985101754
Muzaffarnagar,2006,2235.52,2352.0220557877938,1942.4034056464225,2761.640705929165
Muzaffarnagar,2007,2490.25,2344.6071560321125,1934.9885058907412,2754.2258061734838
Muzaffarnagar,2008,2368.85,2367.829635861538,1958.2109857201667,2777.4482860029093
Muzaffarnagar,2009,2603.88,2344.802477866415,1935.1838277250436,2754.421128007786
Muzaffarnagar,2010,2236.67,2514.379132029383,2104.760481888012,2923.9977821707544
Muzaffarnagar,2011,2347.63,2342.1362753665258,1932.5176252251545,2751.754925507897
Muzaffarnagar,2012,2549.38,2284.812061007324,1875.1934108659525,2694.430711148695
Muzaffarnagar,2013,2532.1,2704.2387980339736,2294.6201478926023,3113.857448175345
Muzaffarnagar,2014,2570.33,2543.979789715402,2134.361139574031,2953.5984398567734
Muzaffarnagar,2015,2539.09,2563.9382155971043,2154.319565455733,2973.5568657384756
Muzaffarnagar,2016,2647.9037,2471.759853835761,2062.14120369439,2881.3785039771324
Muzaffarnagar,2017,2616.342,2613.1659577250725,2203.5473075837012,3022.784607866444
Muzaffarnagar,2018,2647.0107,2621.398334161421,2211.77968402005,3031.0169843027925
Muzaffarnagar,2019,2689.6467,2641.9172485822214,2232.29859844085,3051.5358987235927
Muzaffarnagar,2020,2655.5086,2696.545659822496,2286.9270096811247,3106.1643099638673
Muzaffarnagar,2021,2729.5221,2663.92490419965,2254.3062540582787,3073.5435543410213
Muzaffarnagar,2022,2699.9651,2729.5807229504876,2319.9620728091163,3139.199373091859
Muzaffarnagar,2023,2788.0039,2701.2691505943694,2291.650500452998,3110.8878007357407
Muzaffarnagar,2024,2761.9329,2780.4361003171452,2370.817450175774,3190.0547504585165
Muzaffarnagar,2025,2814.1199,2768.5880225186775,2358.969372377306,3178.2066726600488
Muzaffarpur,2006,692.98,843.9600164960534,354.3178609859557,1333.6021720061512
Muzaffarpur,2007,304.31,933.9779505345,444.3357950244023,1423.6201060445978
Muzaffarpur,2008,1371.9,547.385455778126,57.74330026802829,1037.0276112882239
Muzaffarpur,2009,661.47,714.899658631437,225.25750312133925,1204.5418141415348
Muzaffarpur,2010,447.98,711.4666482877697,221.82449277767194,1201.1088037978675
Muzaffarpur,2011,2079.3,692.5405682074907,202.89841269739293,1182.1827237175885
Muzaffarpur,2012,2204.76,1166.2235862320167,676.581430721919,1655.8657417421146
Muzaffarpur,2013,937.32,1635.422005513106,1145.779850003008,2125.0641610232037
Muzaffarpur,2014,1985.46,1342.526674653232,852.8845191431343,1832.1688301633299
Muzaffarpur,2015,934.25,1521.1445389366863,1031.5023834265885,2010.7866944467842
Muzaffarpur,2016,2066.9887,1366.191645135566,876.5494896254683,1855.8338006456638
Muzaffarpur,2017,1929.6567,1607.6011683059824,1117.9590127958845,2097.24332381608
Muzaffarpur,2018,1897.3819,1712.3685311624372,1222.7263756523394,2202.010686672535
Muzaffarpur,2019,2066.2528,1782.345308544645,1292.703153034547,2271.9874640547428
Muzaffarpur,2020,2292.8952,1895.661517890846,1406.0193623807481,2385.303673400944
Muzaffarpur,2021,2245.8269,2028.089144045121,1538.4469885350231,2517.731299555219
Muzaffarpur,2022,2289.4987,2099.4635695374304,1609.8214140273326,2589.1057250475283
Muzaffarpur,2023,2414.0084,2167.398887554867,1677.7567320447693,2657.041043064965
Muzaffarpur,2024,2580.8275,2260.9477337127705,1771.3055782026727,2750.5898892228684
Muzaffarpur,2025,2530.363,2363.241391295684,1873.5992357855862,2852.883546805782
Mysore,2006,2782.2,3026.594509043723,2229.1853273215975,3824.0036907658487
Mysore,2007,2957.68,3145.864044091006,2348.454864476721,3943.2732237052905
Mysore,2008,2944.16,2955.6098253301316,2158.2006470650185,3753.0190035952446
Mysore,2009,3038.08,3090.771139460704,2293.36196205916,3888.180316862248
Mysore,2010,3073.85,2957.6201934686956,2160.2110166198986,3755.0293703174925
Mysore,2011,3163.43,2931.317024481143,2133.907847986145,3728.726200976141
Mysore,2012,3184.23,2893.860776544836,2096.451600276295,3691.269952813377
Mysore,2013,3458.12,3133.0664580776265,2335.6572819540347,3930.4756342012183
Mysore,2014,3374.91,3164.4872549797897,2367.078078948976,3961.8964310106035
Mysore,2015,3408.66,3073.131882774448,2275.722706803019,3870.5410587458773
Mysore,2016,3509.2064,3192.6618880860706,2395.252712152652,3990.0710640194893
Mysore,2017,3601.5912,3284.2753974132975,2486.8662215042086,4081.6845733223863
Mysore,2018,3688.0565,3366.1184280894404,2568.709252195924,4163.527603982957
Mysore,2019,3758.9774,3422.7991071605793,2625.389931277031,4220.208283044128
Mysore,2020,3799.349,3431.0507541480183,2633.6415782708495,4228.459930025187
Mysore,2021,3882.3824,3517.3248100577557,2719.9156341846706,4314.73398593084
Mysore,2022,3942.5264,3564.5263264196296,2767.1171505491584,4361.935502290101
Mysore,2023,3987.7456,3589.271077148842,2791.8619012800436,4386.68025301764
Mysore,2024,4093.8552,3720.3179894402124,2922.908813572485,4517.72716530794
Mysore,2025,4178.6048,3810.5162944509934,3013.107118583952,4607.925470318035
Nadia,2006,2707.44,2841.8592882195912,2483.8151140517293,3199.903462387453
Nadia,2007,2837.56,2682.8523559715045,2324.8081818036426,3040.8965301393664
Nadia,2008,2884.2,2788.578561348246,2430.534387180384,3146.6227355161077
Nadia,2009,2784.34,2930.710691192001,2572.666517024139,3288.754865359863
Nadia,2010,2759.27,2834.5273832259736,2476.4832090581117,3192.5715573938355
Nadia,2011,2952.68,2692.047946104989,2334.003771937127,3050.092120272851
Nadia,2012,2869.96,2901.336788148411,2543.292613980549,3259.380962316273
Nadia,2013,3072.5,2878.2852795798276,2520.2411054119657,3236.3294537476895
Nadia,2014,3215.4,3020.7589032067376,2662.7147290388757,3378.8030773745995
Nadia,2015,3133.6,3183.5656516557797,2825.5214774879178,3541.6098258236416
Nadia,2016,3139.9153,3219.5259141784727,2861.481740010611,3577.5700883463346
Nadia,2017,3255.7834,3169.014701366621,2810.970527198759,3527.058875534483
Nadia,2018,3261.2279,3239.943492501362,2881.8993183335,3597.987666669224
Nadia,2019,3316.0962,3264.2675590808412,2906.2233849129793,3622.311733248703
Nadia,2020,3340.7502,3308.9195026234083,2950.8753284555464,3666.9636767912702
Nadia,2021,3411.1911,3345.352893184219,2987.308719016357,3703.3970673520807
Nadia,2022,3400.9971,3395.223837718431,3037.179663550569,3753.2680118862927
Nadia,2023,3487.6277,3412.4230334104936,3054.3788592426317,3770.4672075783556
Nadia,2024,3610.57,3496.5101995863565,3138.4660254184946,3854.5543737542184
Nadia,2025,3615.5374,3590.8309299677153,3232.7867557998534,3948.875104135577
Nagaon,2006,1536.37,1739.317816867655,1286.0668762990379,2192.568757436272
Nagaon,2007,1559.61,1372.0836822938497,918.8327417252326,1825.3346228624669
Nagaon,2008,1689.18,1519.9902215666923,1066.7392809980752,1973.2411621353094
Nagaon,2009,2048.0,1716.7002351829933,1263.4492946143762,2169.95117575161
Nagaon,2010,1983.8,1824.2695771339345,1371.0186365653174,2277.520517702552
Nagaon,2011,1879.54,1937.6587489474305,1484.4078083788133,2390.9096895160474
Nagaon,2012,2175.3,1729.3256745344815,1276.0747339658644,2182.5766151030984
Nagaon,2013,2387.35,2143.36470140208,1690.1137608334627,2596.6156419706967
Nagaon,2014,2142.29,1986.6278050783885,1533.3768645097714,2439.8787456470054
Nagaon,2015,2324.5,2101.0711139789846,1647.8201734103675,2554.3220545476015
Nagaon,2016,2410.133,2260.833208880761,1807.582268312144,2714.084149449378
Nagaon,2017,2595.1351,2260.145095838963,1806.8941552703457,2713.39603640758
Nagaon,2018,2613.1843,2428.7662292497944,1975.5152886811773,2882.0171698184113
Nagaon,2019,2758.7833,2464.648380817769,2011.397440249152,2917.899321386386
Nagaon,2020,2850.8691,2574.381541582483,2121.130601013866,3027.6324821511
Nagaon,2021,2888.6571,2708.73701137782,2255.486070809203,3161.9879519464375
Nagaon,2022,3031.9459,2744.1877267125155,2290.9367861438986,3197.4386672811324
Nagaon,2023,3155.8035,2833.011498814437,2379.76055824582,3286.262439383054
Nagaon,2024,3241.0539,2957.892921858602,2504.641981289985,3411.1438624272196
Nagaon,2025,3206.32,3136.9082517691622,2683.6573112005453,3590.159192337779
Nagpur,2006,1508.55,1415.6032575774607,969.0701360528415,1862.13637910208
Nagpur,2007,1521.13,1428.1126512310766,981.5795297064651,1874.645772755688
Nagpur,2008,949.57,1235.9176091817126,789.3844876571047,1682.4507307063204
Nagpur,2009,1146.26,1041.3129166322824,594.7797951076761,1487.8460381568887
Nagpur,2010,983.22,1516.696916224052,1070.1637946994465,1963.2300377486577
Nagpur,2011,1514.84,1037.035837494358,590.5027159697528,1483.5689590189631
Nagpur,2012,1497.02,1285.8518024361329,839.3186809115277,1732.384923960738
Nagpur,2013,1352.18,1565.074800897633,1118.541679373028,2011.6079224222378
Nagpur,2014,1211.93,1133.861824512538,687.3287029879332,1580.394946037143
Nagpur,2015,1209.7,1184.8127624660183,738.2796409414134,1631.3458839906232
Nagpur,2016,1209.3542,1297.435446039638,850.9023245150331,1743.968567564243
Nagpur,2017,1276.2439,1319.208895517746,872.6757739931411,1765.7420170423509
Nagpur,2018,1226.3704,1278.5000229495045,831.9669014248996,1725.0331444741093
Nagpur,2019,1148.7623,1216.4991842861018,769.9660627614969,1663.0323058107067
Nagpur,2020,1275.8816,1284.6309711595768,838.0978496349719,1731.1640926841817
Nagpur,2021,1131.4262,1192.5483874936926,746.0152659690877,1639.0815090182975
Nagpur,2022,1232.6576,1245.736605801002,799.2034842763971,1692.269727325607
Nagpur,2023,1217.4711,1237.5905627554193,791.0574412308144,1684.1236842800242
Nagpur,2024,1193.9326,1221.6661494215068,775.1330278969019,1668.1992709461117
Nagpur,2025,1208.6244,1228.5283170888042,781.9951955641993,1675.061438613409
Nainital,2006,2640.61,2655.0023390699657,2088.405980102559,3221.5986980373723
Nainital,2007,2808.26,2754.2394026115135,2187.643043644107,3320.83576157892
Nainital,2008,2608.83,2761.8708230889097,2195.274464121503,3328.4671820563162
Nainital,2009,2919.68,2522.4044989425483,1955.8081399751418,3089.000857909955
Nainital,2010,2547.28,3010.658316715846,2444.0619577484395,3577.2546756832526
Nainital,2011,2940.97,2692.2357664665396,2125.639407499133,3258.832125433946
Nainital,2012,3086.33,2797.7746462092655,2231.178287241859,3364.371005176672
Nainital,2013,3111.79,2960.2101182030283,2393.6137592356217,3526.806477170435
Nainital,2014,3203.8,2925.7440270082952,2359.1476680408887,3492.340385975702
Nainital,2015,3394.36,3098.532261783837,2531.9359028164304,3665.1286207512435
Nainital,2016,3374.9614,3358.753668444905,2792.1573094774985,3925.3500274123116
Nainital,2017,3389.1783,3350.1616257826136,2783.565266815207,3916.75798475002
Nainital,2018,3538.9674,3392.325682264238,2825.7293232968314,3958.9220412316445
Nainital,2019,3602.0704,3474.9009505835,2908.3045916160936,4041.4973095509067
Nainital,2020,3702.949,3556.2281025466546,2989.631743579248,4122.824461514061
Nainital,2021,3739.9041,3631.6768310356265,3065.08047206822,4198.273190003033
Nainital,2022,3872.1762,3710.3052490359696,3143.708890068563,4276.901608003376
Nainital,2023,3913.802,3796.064719825924,3229.4683608585174,4362.6610787933305
Nainital,2024,3953.4109,3854.9644051270134,3288.368046159607,4421.56076409442
Nainital,2025,4027.1523,3911.7242777239903,3345.1279187565838,4478.320636691396
Nalgonda,2006,2834.88,2963.675551825317,2527.126772680118,3400.2243309705163
Nalgonda,2007,3185.43,2885.084953283034,2448.5361741378347,3321.633732428233
Nalgonda,2008,3179.32,3112.4336619363544,2675.884882791155,3548.9824410815536
Nalgonda,2009,3360.9,2973.7460487630347,2537.1972696178354,3410.294827908234
Nalgonda,2010,3265.84,3426.0786045268155,2989.5298253816163,3862.6273836720147
Nalgonda,2011,2940.57,3232.93573986976,2796.3869607245606,3669.484519014959
Nalgonda,2012,3279.64,3082.821612123497,2646.2728329782976,3519.370391268696
Nalgonda,2013,3061.13,3287.05796423296,2850.5091850877607,3723.606743378159
Nalgonda,2014,3220.24,2996.7994076271834,2560.250628481984,3433.3481867723826
Nalgonda,2015,2916.61,3182.4237298143316,2745.8749506691324,3618.972508959531
Nalgonda,2016,3030.4898,2967.88413179473,2531.3353526495307,3404.432910939929
Nalgonda,2017,3134.5578,3016.3494991610823,2579.800720015883,3452.8982783062816
Nalgonda,2018,3174.1897,3091.886048402302,2655.337269257103,3528.4348275475013
Nalgonda,2019,3102.457,3129.414827784145,2692.866048638946,3565.963606929344
Nalgonda,2020,3163.3685,3114.5465265472812,2677.997747402082,3551.0953056924805
Nalgonda,2021,3138.797,3136.8931059635956,2700.3443268183964,3573.441885108795
Nalgonda,2022,3122.9738,3130.274732750696,2693.7259536054967,3566.823511895895
Nalgonda,2023,3056.9831,3111.0201493485615,2674.4713702033623,3547.5689284937607
Nalgonda,2024,3100.1427,3076.368197906809,2639.81941876161,3512.9169770520084
Nalgonda,2025,3121.3871,3088.7680594671965,2652.2192803219973,3525.3168386123957
Nanded,2006,602.56,603.4142716227839,146.15622823594816,1060.6723150096195
Nanded,2007,720.69,417.2084079541555,-40.04963543268019,874.4664513409912
Nanded,2008,525.0,688.4944267968999,231.2363834100642,1145.7524701837356
Nanded,2009,266.07,360.16631858670144,-97.09172480013427,817.4243619735371
Nanded,2010,521.15,709.0875559589726,251.82951257213693,1166.3455993458083
Nanded,2011,375.0,231.40224049213202,-225.8558028947037,688.6602838789677
Nanded,2012,522.5,227.40395856385794,-229.85408482297777,684.6620019506936
Nanded,2013,500.0,809.9262056664425,352.66816227960675,1267.184249053278
Nanded,2014,125.0,379.9031734523214,-77.35486993451428,837.1612168391571
Nanded,2015,250.0,137.13744850257171,-320.120594884264,594.3954918894074
Nanded,2016,209.6165,233.71033456186478,-223.54770882497093,690.9683779487004
Nanded,2017,163.1644,205.75209773782126,-251.50594564901445,663.0101411246569
Nanded,2018,96.2937,160.78512590265518,-296.4729174841805,618.0431692894908
Nanded,2019,24.9123,97.4385305659689,-359.8195128208668,554.6965739528046
Nanded,2020,38.6801,34.67169352367546,-422.58634986316025,491.92973691051117
Narsinghpur,2006,1071.27,949.390156915093,565.9769360140649,1332.8033778161212
Narsinghpur,2007,649.61,856.7953639614379,473.3821430607031,1240.2085848621728
Narsinghpur,2008,614.5,963.5126017954193,580.0993808948332,1346.9258226960055
Narsinghpur,2009,1111.94,775.0379683357816,391.624747435271,1158.451189236292
Narsinghpur,2010,1560.0,920.2080385954123,536.7948176949401,1303.6212594958845
Narsinghpur,2011,1791.67,1240.9939313360762,857.5807104356236,1624.4071522365289
Narsinghpur,2012,1333.08,1291.1800364735936,907.7668155731508,1674.5932573740365
Narsinghpur,2013,1361.11,1546.635593318974,1163.2223724185362,1930.048814219412
Narsinghpur,2014,1407.22,1225.4058740852527,841.9926531848173,1608.819094985688
Narsinghpur,2015,2627.35,1285.442140032102,902.0289191316681,1668.855360932536
Narsinghpur,2016,2119.1738,1752.574327937613,1369.1611070371796,2135.987548838046
Narsinghpur,2017,2307.861,1879.6845191279829,1496.2712982275498,2263.097740028416
Narsinghpur,2018,2576.288,2039.3360635234055,1655.9228426229727,2422.7492844238386
Narsinghpur,2019,2438.4139,2154.6921960625127,1771.2789751620799,2538.1054169629456
Narsinghpur,2020,2741.7422,2279.2877922092034,1895.8745713087706,2662.7010131096363
Narsinghpur,2021,2870.7841,2422.8684909456565,2039.4552700452236,2806.2817118460894
Narsinghpur,2022,2982.458,2559.0369361746584,2175.6237152742256,2942.4501570750913
Narsinghpur,2023,3048.1872,2679.615116224957,2296.2018953245242,3063.02833712539
Narsinghpur,2024,3273.1575,2814.0434185878585,2430.6301976874256,3197.4566394882913
Narsinghpur,2025,3736.672,3018.883479842376,2635.470258941943,3402.2967007428088
Nasik,2006,1012.24,1652.7242171009066,1246.8844671670618,2058.5639670347514
Nasik,2007,1351.78,876.6799852489128,470.84023531506807,1282.5197351827574
Nasik,2008,1285.16,1082.5665309526062,676.7267810187615,1488.406280886451
Nasik,2009,391.68,985.0504828915273,579.2107329576826,1390.890232825372
Nasik,2010,406.6,952.8978600241755,547.0581100903308,1358.7376099580201
Nasik,2011,1236.88,424.5307732172496,18.69102328340489,830.3705231510943
Nasik,2012,1189.84,628.2022194680726,222.3624695342279,1034.0419694019174
Nasik,2013,1285.12,1308.2039405858955,902.3641906520508,1714.0436905197403
Nasik,2014,1217.7,1201.2073863476003,795.3676364137556,1607.047136281445
Nasik,2015,1452.59,986.100288281611,580.2605383477663,1391.9400382154558
Nasik,2016,1243.4091,1101.7633082513307,695.923558317486,1507.6030581851755
Nasik,2017,1359.4583,1122.6487717882328,716.8090218543881,1528.4885217220776
Nasik,2018,1386.0111,1180.631157492412,774.7914075585674,1586.4709074262569
Nasik,2019,1320.0577,1209.6807000854005,803.8409501515558,1615.5204500192453
Nasik,2020,1439.488,1214.8356689790558,808.995919045211,1620.6754189129006
Nasik,2021,1583.2275,1282.5250676880405,876.6853177541958,1688.3648176218853
Nasik,2022,1464.6802,1353.829991236118,947.9902413022734,1759.669741169963
Nasik,2023,1525.9353,1351.2501227220255,945.4103727881808,1757.0898726558703
Nasik,2024,1521.7857,1372.8652249135234,967.0254749796787,1778.7049748473682
Nasik,2025,1764.6163,1414.8270645481416,1008.9873146142969,1820.6668144819864
Nizamabad,2006,3214.2,2909.1550701563806,2171.3124511116403,3646.997689201121
Nizamabad,2007,3553.94,2868.4352281726365,2130.5926091280403,3606.2778472172326
Nizamabad,2008,3576.33,3215.5845003772147,2477.7418813326894,3953.42711942174
Nizamabad,2009,3208.21,2803.1771617767968,2065.3345427323056,3541.019780821288
Nizamabad,2010,3809.4,3660.4962193253186,2922.6536002808443,4398.338838369793
Nizamabad,2011,3741.97,3222.60929063368,2484.766671589214,3960.4519096781455
Nizamabad,2012,3815.25,3543.7263365904037,2805.883717545942,4281.568955634865
Nizamabad,2013,4003.64,3935.363404350832,3197.520785306372,4673.206023395292
Nizamabad,2014,3665.92,3398.9903079147293,2661.1476888702705,4136.832926959188
Nizamabad,2015,2680.71,3609.495358113677,2871.6527390692186,4347.337977158135
Nizamabad,2016,3327.954,3289.3325443839685,2551.4899253395106,4027.1751634284265
Nizamabad,2017,3474.1637,3349.3389424367865,2611.4963233923286,4087.1815614812444
Nizamabad,2018,3438.1601,3363.926618386565,2626.0839993421073,4101.769237431023
Nizamabad,2019,3632.3757,3453.413222007836,2715.570602963378,4191.255841052294
Nizamabad,2020,3453.8849,3428.4910677892644,2690.6484487448065,4166.333686833722
Nizamabad,2021,3393.4789,3403.6741518747567,2665.831532830299,4141.516770919215
Nizamabad,2022,3442.2424,3410.879745818212,2673.037126773754,4148.72236486267
Nizamabad,2023,3408.8704,3398.402778651431,2660.5601596069732,4136.245397695889
Nizamabad,2024,3591.6607,3464.2764722330785,2726.4338531886206,4202.119091277536
Nizamabad,2025,3487.1202,3452.810777282762,2714.968158238304,4190.6533963272195
North Arcot / Vellore,2006,3233.69,2722.3616356354505,2155.3753604811923,3289.3479107897087
North Arcot / Vellore,2007,3414.37,3220.2698683114786,2653.2835931572204,3787.256143465737
North Arcot / Vellore,2008,3280.49,3424.0076933254522,2857.021418171194,3990.9939684797105
North Arcot / Vellore,2009,3179.1,3144.975443005326,2577.9891678510676,3711.961718159584
North Arcot / Vellore,2010,3026.02,3312.3578645619064,2745.371589407648,3879.3441397161646
North Arcot / Vellore,2011,4451.58,2964.047709341762,2397.061434187504,3531.0339844960204
North Arcot / Vellore,2012,3752.04,4114.088090370307,3547.101815216049,4681.074365524566
North Arcot / Vellore,2013,4523.77,3865.3883726777585,3298.4020975235003,4432.374647832017
North Arcot / Vellore,2014,4887.52,4494.197074389844,3927.2107992355855,5061.183349544102
North Arcot / Vellore,2015,3949.44,4933.700104399142,4366.7138292448835,5500.686379553401
North Arcot / Vellore,2016,4555.8989,3973.2560288184204,3406.269753664162,4540.242303972678
North Arcot / Vellore,2017,4977.3075,4506.358175742676,3939.371900588418,5073.344450896935
North Arcot / Vellore,2018,4881.6524,4874.86674649969,4307.880471345432,5441.8530216539475
North Arcot / Vellore,2019,5128.4706,4887.967222637854,4320.9809474835965,5454.953497792112
North Arcot / Vellore,2020,5283.6145,5090.675984187788,4523.68970903353,5657.662259342047
North Arcot / Vellore,2021,5071.8352,5203.930156844869,4636.943881690611,5770.916431999127
North Arcot / Vellore,2022,5656.0468,5141.691601782531,4574.705326628273,5708.677876936788
North Arcot / Vellore,2023,5812.6267,5580.923624335187,5013.937349180929,6147.909899489445
North Arcot / Vellore,2024,5931.6094,5771.260647512265,5204.274372358006,6338.2469226665235
North Arcot / Vellore,2025,6055.5968,5900.6914350967045,5333.705159942447,6467.677710250962
North Cachar Hil / Dima hasao,2006,1325.95,1872.8116967963542,1598.420207548615,2147.2031860440934
North Cachar Hil / Dima hasao,2007,1839.64,1293.515296789702,1019.123807541963,1567.9067860374412
North Cachar Hil / Dima hasao,2008,1784.73,1837.0467066741694,1562.6552174264302,2111.4381959219086
North Cachar Hil / Dima hasao,2009,1806.63,1720.323992406175,1445.9325031584358,1994.7154816539141
North Cachar Hil / Dima hasao,2010,1420.33,1886.6280589926191,1612.23656974488,2161.0195482403583
North Cachar Hil / Dima hasao,2011,2317.92,1387.6093646517284,1113.2178754039892,1662.0008538994675
North Cachar Hil / Dima hasao,2012,2282.89,2265.676182457344,1991.284693209605,2540.0676717050833
North Cachar Hil / Dima hasao,2013,2012.64,2300.243286995302,2025.8517977475626,2574.634776243041
North Cachar Hil / Dima hasao,2014,2347.62,2038.284446538688,1763.8929572909487,2312.675935786427
North Cachar Hil / Dima hasao,2015,2178.64,2323.8639034383436,2049.4724141906045,2598.255392686083
North Cachar Hil / Dima hasao,2016,2330.2656,2231.98801776408,1957.5965285163406,2506.379507011819
North Cachar Hil / Dima hasao,2017,2399.6889,2335.0448018375455,2060.6533125898063,2609.4362910852847
North Cachar Hil / Dima hasao,2018,2574.3007,2395.989201109188,2121.5977118614487,2670.380690356927
North Cachar Hil / Dima hasao,2019,2640.1728,2579.2523538391342,2304.860864591395,2853.6438430868734
North Cachar Hil / Dima hasao,2020,2692.9077,2646.3545622532606,2371.9630730055214,2920.746051501
North Cachar Hil / Dima hasao,2021,2881.8453,2688.065352807219,2413.6738635594797,2962.456842054958
North Cachar Hil / Dima hasao,2022,2998.1778,2882.6850080735803,2608.293518825841,3157.0764973213195
North Cachar Hil / Dima hasao,2023,2964.1141,3011.325480910298,2736.933991662559,3285.7169701580374
North Cachar Hil / Dima hasao,2024,3221.7377,2953.820946322591,2679.429457074852,3228.2124355703304
North Cachar Hil / Dima hasao,2025,3236.6828,3230.7071088357857,2956.3156195880465,3505.098598083525
Osmanabad,2006,398.2,572.469164055241,202.05563831595452,942.8826897945274
Osmanabad,2007,438.36,244.9565178060484,-125.45700793323806,615.3700435453349
Osmanabad,2008,359.55,396.707632815077,26.29410707579052,767.1211585543634
Osmanabad,2009,534.41,141.79354033018035,-228.6199854091061,512.2070660694668
Osmanabad,2010,353.71,911.5611321435108,541.1476064042243,1281.9746578827971
Osmanabad,2011,419.54,157.2730682197348,-213.14045751955166,527.6865939590213
Osmanabad,2012,392.42,188.99526548003632,-181.41826025925013,559.4087912193228
Osmanabad,2013,555.56,717.2614344519889,346.8479087127024,1087.6749601912752
Osmanabad,2014,190.48,393.43715464642173,23.023628907135276,763.8506803857082
Osmanabad,2015,90.0,219.2547779999868,-151.15874773929966,589.6683037392733
Osmanabad,2016,246.9763,140.80352531868039,-229.61000042060607,511.21705105796684
Osmanabad,2017,179.1165,196.8151775687329,-173.59834817055355,567.2287033080194
Osmanabad,2018,172.5677,176.62940001846027,-193.78412572082618,547.0429257577467
Osmanabad,2019,172.538,166.64829157513304,-203.7652341641534,537.0618173144195
Osmanabad,2020,197.8953,166.9776904860487,-203.43583525323777,537.3912162253351
Osmanabad,2021,125.1507,170.90809029341517,-199.50543544587129,541.3216160327016
Osmanabad,2022,101.3371,129.17630224267214,-241.23722349661432,499.5898279819586
Osmanabad,2023,25.4254,92.48724490247423,-277.9262808368122,462.9007706417607
Osmanabad,2025,37.3828,33.993930258343426,-336.41959548094303,404.4074559976299
Palakkad,2006,2473.22,2373.371844789256,2126.058617629398,2620.685071949114
Palakkad,2007,2462.84,2401.949353415844,2154.636126255986,2649.2625805757025
Palakkad,2008,2496.52,2280.5672750031426,2033.2540478432845,2527.8805021630005
Palakkad,2009,2648.53,2310.7949112880106,2063.4816841281527,2558.1081384478684
Palakkad,2010,2492.97,2599.7162317708376,2352.403004610979,2847.029458930696
Palakkad,2011,2671.55,2511.154776796837,2263.841549636979,2758.4680039566947
Palakkad,2012,2389.27,2389.9888713733385,2142.67564421348,2637.302098533197
Palakkad,2013,2871.77,2614.2641623482787,2366.9509351884208,2861.5773895081365
Palakkad,2014,2851.28,2690.413233093882,2443.100005934024,2937.72646025374
Palakkad,2015,2816.32,2688.9506649511372,2441.637437791279,2936.2638921109956
Palakkad,2016,2801.2934,2691.3184771235583,2444.0052499637004,2938.631704283416
Palakkad,2017,2887.3374,2736.0165545939553,2488.7033274340974,2983.329781753813
Palakkad,2018,2889.2933,2772.2292598803087,2524.916032720451,3019.5424870401666
Palakkad,2019,2950.9907,2812.548556121996,2565.235328962138,3059.8617832818545
Palakkad,2020,3052.0832,2872.9015660932077,2625.5883389333494,3120.214793253066
Palakkad,2021,3043.6374,2917.0230343583735,2669.7098071985156,3164.3362615182314
Palakkad,2022,3097.203,2958.7118980557966,2711.3986708959383,3206.025125215655
Palakkad,2023,3197.8688,3018.957248344246,2771.6440211843883,3266.270475504104
Palakkad,2024,3199.652,3065.9883143568513,2818.6750871969934,3313.301541516709
Palakkad,2025,3228.5974,3103.2013188559013,2855.8880916960434,3350.514546015759
Palamau,2006,1530.5,794.5812300860744,-585.8243987459637,2174.9868589181124
Palamau,2007,1276.94,1480.1143677799173,99.70873894787951,2860.5199966119553
Palamau,2008,4286.44,1064.8186976893958,-315.58693114264224,2445.224326521434
Palamau,2009,598.13,4167.697260914283,2787.291632082245,5548.102889746321
Palamau,2010,530.99,643.8284678838863,-736.5771609481517,2024.2340967159244
Palamau,2011,1960.84,576.1425260292635,-804.2631028027743,1956.5481548613013
Palamau,2012,2174.74,1853.767506176946,473.36187734490795,3234.173135008984
Palamau,2013,1489.81,2726.0589637917783,1345.6533349597405,4106.464592623816
Palamau,2014,1117.75,1129.2737441492354,-251.1318846828026,2509.6793729812734
Palamau,2015,787.74,943.4335807449406,-436.97204808709716,2323.8392095769786
Palamau,2016,1041.2644,1013.2492904771352,-367.1563383549028,2393.6549193091732
Palamau,2017,962.5003,1052.1704769491425,-328.23515188289525,2432.5761057811806
Palamau,2018,793.8496,968.0708228640124,-412.33480596802565,2348.4764516960504
Palamau,2019,373.4908,784.4983174756453,-595.9073113563925,2164.9039463076833
Palamau,2020,717.3074,409.4499865700873,-970.9556422619507,1789.8556154021253
Palamau,2021,692.1611,731.372450834424,-649.0331779976138,2111.778079666462
Palamau,2022,490.3248,695.7926201932114,-684.6130086388266,2076.1982490252494
Palamau,2023,378.152,499.26271471965447,-881.1429141123833,1879.6683435516923
Palamau,2024,79.415,375.96033800032455,-1004.4452908317135,1756.3659668323626
Pali,2016,1766.9797,-46.81472067961295,-455.8856142374798,362.2561728782539
Pali,2017,1803.1999,1366.5940988153234,957.5232052574565,1775.6649923731902
Pali,2018,1706.6629,1712.1256639930434,1303.0547704351766,2121.1965575509103
Pali,2019,1907.1596,1554.3866531253807,1145.3157595675139,1963.4575466832475
Pali,2020,1929.591,1774.994313445197,1365.92341988733,2184.0652070030637
Pali,2021,1969.9633,1824.2558779258761,1415.1849843680093,2233.326771483743
Pali,2022,1956.9598,1891.4363059079697,1482.3654123501028,2300.5071994658365
Pali,2023,1774.3628,1972.7658340207927,1563.6949404629258,2381.8367275786595
Pali,2024,2082.331,1606.0438934958875,1196.9729999380206,2015.1147870537543
Pali,2025,1929.6158,2010.3787416207197,1601.3078480628528,2419.4496351785865
Panchmahal,2006,769.69,1271.516736940664,863.3725443373274,1679.6609295440007
Panchmahal,2007,1041.63,959.3575463344956,551.347255123291,1367.3678375457002
Panchmahal,2008,715.21,672.3415259395584,264.45848883441215,1080.2245630447046
Panchmahal,2009,419.32,330.76125779524574,-77.00068947321404,738.5232050637055
Panchmahal,2010,871.6,814.8689292236363,407.2223448472534,1222.5155136000192
Panchmahal,2011,1149.18,663.2653722886636,255.72882077081908,1070.801923806508
Panchmahal,2012,1565.96,470.25496950764744,62.823481875252185,877.6864571400426
Panchmahal,2013,1323.26,851.6597593054588,444.32869575370165,1258.990822857216
Panchmahal,2014,962.05,502.4083714849795,95.17339293043733,909.6433500395217
Panchmahal,2015,885.67,422.94879727886007,15.80583992069353,830.0917546370266
Panchmahal,2016,1291.5038,453.7565545575036,46.701807072931445,860.8113020420758
Panchmahal,2017,1247.7142,350.4037646000719,-56.566352346589895,757.3738815467336
Panchmahal,2018,1253.7558,280.82159013300776,-126.06726207778985,687.7104423438054
Panchmahal,2019,1295.1505,235.7441235280759,-171.06663286960608,642.5548799257579
Panchmahal,2020,1322.8426,182.89446740068965,-223.84118028901284,589.6301150903921
Panchmahal,2021,1433.8979,186.20015877954975,-220.4631991380683,592.8635166971678
Panchmahal,2022,1536.0099,185.2219590028347,-221.3717723006235,591.8156903062929
Panchmahal,2023,1570.7145,141.1827259007086,-265.3438974391483,547.7093492405654
Panchmahal,2024,1666.5938,138.53761529009608,-267.924284498754,544.9995150789462
Panchmahal,2025,1484.7972,-46.268250702841286,-452.6676864883827,360.13118508270014
Panna,2006,453.58,383.23081002528687,154.37787840859622,612.0837416419776
Panna,2007,307.43,285.483278441419,56.63034682472832,514.3362100581096
Panna,2008,514.36,460.79418453796734,231.94125292127669,689.647116154658
Panna,2009,490.57,423.90187071347657,195.04893909678592,652.7548023301672
Panna,2010,960.89,480.964881188734,252.11194957204336,709.8178128054246
Panna,2011,995.11,820.9568731509327,592.103941534242,1049.8098047676233
Panna,2012,1019.96,781.8673659072658,553.0144342905752,1010.7202975239564
Panna,2013,1134.66,1077.1189040042846,848.2659723875939,1305.9718356209753
Panna,2014,1369.11,830.1404269889512,601.2874953722605,1058.9933586056418
Panna,2015,315.09,1047.5909001079478,818.7379684912572,1276.4438317246386
Panna,2016,1049.6707,849.1779076984551,620.3249760817645,1078.0308393151458
Panna,2017,992.1854,904.7054731103168,675.8525414936262,1133.5584047270074
Panna,2018,1177.3363,986.4209284120004,757.5679967953098,1215.2738600286912
Panna,2019,1317.3745,1095.8172081746102,866.9642765579196,1324.670139791301
Panna,2020,1227.137,1150.1042345093358,921.2513028926452,1378.9571661260266
Panna,2021,1503.8733,1254.4250653413656,1025.5721337246748,1483.2779969580563
Panna,2022,1427.1161,1323.6626255830552,1094.8096939663644,1552.515557199746
Panna,2023,1446.0773,1363.177757029306,1134.3248254126152,1592.0306886459966
Panna,2024,1600.4273,1434.0950670686643,1205.2421354519736,1662.947998685355
Panna,2025,1831.5193,1560.3608879954643,1331.5079563787735,1789.213819612155
Parbhani,2006,429.75,421.2676240670876,-9.52654752694474,852.06179566112
Parbhani,2007,419.47,298.3126076074225,-132.48156398660984,729.1067792014549
Parbhani,2008,349.21,417.93773686767236,-12.856434726359964,848.7319084617047
Parbhani,2009,351.16,98.15870752519163,-332.6354640688407,528.952879119224
Parbhani,2010,484.31,757.0346256667071,326.2404540726748,1187.8287972607395
Parbhani,2011,347.83,256.74520930491144,-174.04896228912088,687.5393808989438
Parbhani,2012,165.0,193.9404284041343,-236.853743189898,624.7345999981667
Parbhani,2013,428.57,528.0417536506009,97.24758205656855,958.8359252446332
Parbhani,2016,344.4562,220.97106892572629,-209.82310266830603,651.7652405197587
Parbhani,2017,358.9602,315.91686334836595,-114.87730824566637,746.7110349423983
Parbhani,2018,356.6185,341.9070142335902,-88.88715736044213,772.7011858276226
Parbhani,2019,360.4625,345.6940295389836,-85.1001420550487,776.488201133016
Parbhani,2020,348.6543,346.8574240119933,-83.936747582039,777.6515956060257
Parbhani,2021,392.1269,346.81228881848756,-83.98188277554476,777.6064604125199
Parbhani,2022,349.1535,367.73469384145596,-63.059477752576356,798.5288654354883
Parbhani,2023,318.4552,338.2676583470395,-92.5265132469928,769.0618299410719
Parbhani,2024,336.7873,316.17305285600173,-114.62111873803059,746.9672244500341
Parbhani,2025,334.3983,323.7531148165158,-107.04105677751653,754.5472864105482
Patiala,2006,4085.65,4125.44068463096,3667.489876727144,4583.391492534776
Patiala,2007,4295.96,4128.429139115674,3670.4783312118575,4586.37994701949
Patiala,2008,4204.16,4127.610112836269,3669.6593049324524,4585.560920740085
Patiala,2009,4268.32,3833.4885257447736,3375.537717840957,4291.43933364859
Patiala,2010,3818.37,4536.631821073182,4078.681013169366,4994.582628976999
Patiala,2011,3930.11,3805.2026155359144,3347.251807632098,4263.153423439731
Patiala,2012,4054.97,4001.322921696283,3543.3721137924667,4459.2737296001
Patiala,2013,4109.07,4124.389582605581,3666.438774701765,4582.340390509398
Patiala,2014,3987.45,4299.99470286453,3842.0438949607137,4757.945510768346
Patiala,2015,4053.89,4056.4615554384764,3598.51074753466,4514.412363342293
Patiala,2016,3970.9895,3829.3284522559134,3371.377644352097,4287.27926015973
Patiala,2017,3967.6702,3945.455962067209,3487.5051541633925,4403.406769971025
Patiala,2018,3954.3085,3966.762335291568,3508.8115273877515,4424.713143195384
Patiala,2019,3938.9642,3959.215412157595,3501.2646042537785,4417.166220061412
Patiala,2020,3844.7762,4054.232123275834,3596.2813153720176,4512.18293117965
Patiala,2021,3847.907,3841.511828775013,3383.5610208711964,4299.462636678829
Patiala,2022,3817.0179,3872.805508533709,3414.8547006298927,4330.756316437526
Patiala,2023,3809.3969,3815.0296711958986,3357.078863292082,4272.980479099715
Patiala,2024,3781.7063,3830.87378977578,3372.9229818719637,4288.824597679597
Patiala,2025,3815.4563,3721.6744271116345,3263.723619207818,4179.625235015451
Patna,2006,2026.43,1105.5375094763338,310.50562904538515,1900.5693899072824
Patna,2007,971.01,1779.3951348723706,984.3632544414249,2574.4270153033162
Patna,2008,1463.3,1201.0877782121036,406.05589778115916,1996.1196586430478
Patna,2009,993.13,1129.7625541102323,334.73067367928843,1924.794434541176
Patna,2010,1167.18,995.1634910075124,200.13161057656896,1790.1953714384558
Patna,2011,2759.97,1246.2700572284311,451.23817679748777,2041.3019376593745
Patna,2012,2751.57,1654.8737659345918,859.8418855036484,2449.905646365535
Patna,2013,2354.38,2466.7010402054666,1671.6691597745232,3261.73292063641
Patna,2014,2575.84,2210.8942092959023,1415.862328864959,3005.926089726846
Patna,2015,2946.06,2137.9721606742455,1342.9402802433021,2933.0040411051887
Patna,2016,3053.8942,2502.3103744743903,1707.278494043447,3297.342254905334
Patna,2017,3061.1424,2659.876428393094,1864.8445479621507,3454.9083088240377
Patna,2018,2955.58,2750.3691757387783,1955.337295307835,3545.4010561697214
Patna,2019,3749.9729,2905.1678516157126,2110.135971184769,3700.199732046656
Patna,2020,3648.5044,3145.912893527465,2350.881013096521,3940.9447739584084
Patna,2021,4024.4076,3340.3909356362938,2545.35905520535,4135.422816067237
Patna,2022,4142.48,3558.7191169993494,2763.6872365684058,4353.750997430293
Patna,2023,4194.9369,3733.6875507261652,2938.655670295222,4528.719431157108
Patna,2024,4518.3114,3906.6151138694668,3111.583233438523,4701.64699430041
Patna,2025,4831.294,4128.786187274505,3333.7543068435616,4923.818067705449
Phulbani ( Kandhamal ),2006,1513.35,1657.756927369007,1298.0760434507667,2017.437811287247
Phulbani ( Kandhamal ),2007,1535.32,1548.2687316013826,1188.587847697139,1907.949615505626
Phulbani ( Kandhamal ),2008,1339.08,1484.2032575852022,1124.5223736888888,1843.8841414815156
Phulbani ( Kandhamal ),2009,1643.47,1126.266922209386,766.5860383175656,1485.9478061012064
Phulbani ( Kandhamal ),2010,1277.95,1103.701236404805,744.0203525155302,1463.3821202940799
Phulbani ( Kandhamal ),2011,1176.26,1353.879999693847,994.1991158060143,1713.5608835816795
Phulbani ( Kandhamal ),2012,2192.51,1347.150615346227,987.4697314592115,1706.8314992332423
Phulbani ( Kandhamal ),2013,1700.68,1662.7907172667742,1303.1098333802217,2022.4716011533267
Phulbani ( Kandhamal ),2014,2105.66,1714.906063548904,1355.2251796626138,2074.5869474351944
Phulbani ( Kandhamal ),2015,922.49,1480.175228796822,1120.4943449106804,1839.8561126829636
Phulbani ( Kandhamal ),2016,1629.0262,1339.2745105210179,979.5936266349605,1698.9553944070753
Phulbani ( Kandhamal ),2017,1482.0796,1300.7553836670036,941.074499780994,1660.4362675530133
Phulbani ( Kandhamal ),2018,1669.3667,1373.4449137886586,1013.7640299026759,1733.1257976746413
Phulbani ( Kandhamal ),2019,1756.8561,1433.2391768951943,1073.5582930092269,1792.9200607811617
Phulbani ( Kandhamal ),2020,1667.2284,1426.7673297747288,1067.08644588877,1786.4482136606875
Phulbani ( Kandhamal ),2021,1741.4759,1467.399292847455,1107.7184089615012,1827.0801767334087
Phulbani ( Kandhamal ),2022,1665.5402,1454.3144501095476,1094.6335662235965,1813.9953339954986
Phulbani ( Kandhamal ),2023,1712.919,1476.6211352430946,1116.9402513571451,1836.302019129044
Phulbani ( Kandhamal ),2024,1866.6168,1549.0263806309513,1189.3454967450027,1908.7072645168998
Phulbani ( Kandhamal ),2025,1426.3327,1396.2450921517825,1036.5642082658346,1755.9259760377304
Pilibhit,2006,2412.16,2501.7306582334986,2039.5971072152506,2963.8642092517466
Pilibhit,2007,2853.92,2320.5731925797454,1858.4396415614974,2782.7067435979934
Pilibhit,2008,2413.99,3065.8569513684715,2603.7234003502235,3527.9905023867195
Pilibhit,2009,2598.09,2158.221722882229,1696.0881718639812,2620.355273900477
Pilibhit,2010,2485.72,2866.3256372545284,2404.1920862362804,3328.4591882727764
Pilibhit,2011,2807.03,2513.3987770213093,2051.2652260030613,2975.5323280395573
Pilibhit,2012,2524.17,2657.4197128438927,2195.2861618256447,3119.5532638621407
Pilibhit,2013,2797.0,2377.2044539131266,1915.0709028948786,2839.3380049313746
Pilibhit,2014,2626.02,2614.3655163858366,2152.2319653675886,3076.4990674040846
Pilibhit,2015,3010.0,2660.1117583612186,2197.9782073429706,3122.2453093794666
Pilibhit,2016,2886.7838,2988.5865236415007,2526.4529726232527,3450.7200746597487
Pilibhit,2017,2829.487,2866.5848327510503,2404.4512817328023,3328.7183837692983
Pilibhit,2018,2933.8589,2830.0238195918564,2367.8902685736084,3292.1573706101044
Pilibhit,2019,2997.3382,2897.616258416536,2435.482707398288,3359.749809434784
Pilibhit,2020,2982.4037,2945.5686854446712,2483.4351344264232,3407.7022364629192
Pilibhit,2021,2866.5729,2922.2803829394597,2460.1468319212117,3384.4139339577077
Pilibhit,2022,3008.9047,2878.730924337763,2416.597373319515,3340.864475356011
Pilibhit,2023,3138.5905,2981.1719528241283,2519.0384018058803,3443.3055038423763
Pilibhit,2024,3129.5215,3076.480665700313,2614.347114682065,3538.614216718561
Pilibhit,2025,3233.243,3111.8386927048,2649.705141686552,3573.972243723048
Pithorgarh,2006,1258.13,1383.6272527073256,1246.0370957436057,1521.2174096710455
Pithorgarh,2007,1358.67,1237.0100480705205,1099.4198911068006,1374.6002050342404
Pithorgarh,2008,1286.81,1328.3170280445433,1190.7268710808235,1465.9071850082632
Pithorgarh,2009,1302.4,1246.5939061872518,1109.003749223532,1384.1840631509717
Pithorgarh,2010,1206.65,1309.417683485868,1171.8275265221482,1447.007840449588
Pithorgarh,2011,1276.15,1205.1144605469378,1067.5243035832177,1342.704617510658
Pithorgarh,2012,1304.08,1229.5208736993857,1091.9307167356656,1367.1110306631058
Pithorgarh,2013,1395.78,1338.9171312018302,1201.3269742381103,1476.50728816555
Pithorgarh,2014,1276.1,1427.2780700398978,1289.6879130761777,1564.868227003618
Pithorgarh,2015,1323.9,1307.817712123645,1170.227555159925,1445.4078690873648
Pithorgarh,2016,1311.2321,1301.0035517566544,1163.4133947929345,1438.5937087203743
Pithorgarh,2017,1318.0656,1307.2558754453203,1169.6657184816004,1444.8460324090402
Pithorgarh,2018,1347.2841,1297.2134788289654,1159.6233218652455,1434.8036357926853
Pithorgarh,2019,1330.5507,1351.3570946451437,1213.7669376814238,1488.9472516088636
Pithorgarh,2020,1332.5215,1337.6938847992756,1200.1037278355557,1475.2840417629955
Pithorgarh,2021,1331.2128,1338.3435356725915,1200.7533787088714,1475.9336926363117
Pithorgarh,2022,1346.4759,1325.128632219053,1187.5384752553332,1462.718789182773
Pithorgarh,2023,1350.0759,1342.2453067693577,1204.6551498056378,1479.8354637330776
Pithorgarh,2024,1366.3792,1339.5917961650596,1202.0016392013395,1477.1819531287797
Pithorgarh,2025,1359.2056,1368.9048077166012,1231.3146507528813,1506.4949646803211
Pratapgarh,2006,1849.72,1474.3353858423852,1081.342221110476,1867.3285505742945
Pratapgarh,2007,1920.08,1950.1020026443011,1557.108837912392,2343.09516737621
Pratapgarh,2008,2190.87,1944.8730653011953,1551.879900569286,2337.8662300331043
Pratapgarh,2009,2125.49,2029.621709760886,1636.6285450289768,2422.614874492795
Pratapgarh,2010,2009.65,1907.1279852925172,1514.134820560608,2300.1211500244262
Pratapgarh,2011,2316.94,2128.710474612778,1735.7173098808687,2521.703639344687
Pratapgarh,2012,2430.07,2162.02613456998,1769.0329698380708,2555.019299301889
Pratapgarh,2013,2395.87,2856.560751754778,2463.567587022869,3249.553916486687
Pratapgarh,2014,2263.11,2373.972894854751,1980.9797301228416,2766.96605958666
Pratapgarh,2015,1799.04,2152.4106002186254,1759.4174354867162,2545.4037649505344
Pratapgarh,2016,2387.0798,2001.6623489619924,1608.6691842300831,2394.6555136939014
Pratapgarh,2017,2308.4755,2204.405680185975,1811.412515454066,2597.398844917884
Pratapgarh,2018,2339.8694,2282.893733902485,1889.9005691705759,2675.886898634394
Pratapgarh,2019,2433.5958,2360.198857662095,1967.205692930186,2753.192022394004
Pratapgarh,2020,2396.0552,2389.0511817202932,1996.058016988384,2782.0443464522023
Pratapgarh,2021,2342.5627,2369.8142398297496,1976.8210750978403,2762.8074045616586
Pratapgarh,2022,2377.7479,2369.104046925653,1976.110882193744,2762.097211657562
Pratapgarh,2023,2444.7835,2404.744115142681,2011.7509504107718,2797.73727987459
Pratapgarh,2024,2527.7541,2466.8064002595856,2073.8132355276766,2859.7995649914947
Pratapgarh,2025,2507.3875,2495.62903940045,2102.635874668541,2888.622204132359
Pune,2006,1078.25,1477.5028763610492,870.4090707786168,2084.5966819434816
Pune,2007,1245.22,980.5898481075461,373.4960425251137,1587.6836536899787
Pune,2008,1233.66,1133.721208849105,526.6274032666727,1740.8150144315375
Pune,2009,817.57,1047.6971041143106,440.6032985318782,1654.790909696743
Pune,2010,1180.95,1130.9678623727827,523.8740567903503,1738.0616679552152
Pune,2011,1380.65,971.6051028172662,364.5112972348338,1578.6989083996987
Pune,2012,1368.04,1066.8451553401096,459.7513497576772,1673.938960922542
Pune,2013,1866.02,1448.6623254176247,841.5685198351923,2055.7561310000574
Pune,2014,1657.73,1653.5501776660446,1046.4563720836122,2260.643983248477
Pune,2015,1965.2,1537.9042675516444,930.8104619692119,2144.9980731340765
Pune,2016,1833.0147,1708.0807152632478,1100.9869096808154,2315.1745208456805
Pune,2017,1999.6261,1745.2051118064792,1138.1113062240468,2352.298917388912
Pune,2018,2105.3725,1853.4662833287887,1246.3724777463563,2460.560088911221
Pune,2019,2305.7552,1959.9882626545032,1352.8944570720707,2567.082068236936
Pune,2020,2373.7369,2118.41094944631,1511.3171438638776,2725.5047550287427
Pune,2021,2379.417,2227.6014020366783,1620.507596454246,2834.695207619111
Pune,2022,2418.0779,2279.9969658683976,1672.9031602859652,2887.0907714508303
Pune,2023,2642.5518,2324.0847220598566,1716.9909164774242,2931.178527642289
Pune,2024,2630.1732,2467.912713203284,1860.8189076208516,3075.0065187857163
Pune,2025,2786.0648,2525.5162378549767,1918.4224322725443,3132.6100434374093
Puri,2006,1484.13,1618.205203571377,1121.4626621963534,2114.9477449464007
Puri,2007,1639.22,1538.8698174709273,1042.127276268426,2035.6123586734286
Puri,2008,1293.49,1536.9916262375043,1040.2490851390558,2033.7341673359529
Puri,2009,1719.24,1322.1589185683079,825.4163775326163,1818.9014596039995
Puri,2010,1701.87,1256.711264040032,759.9687230421907,1753.453805037873
Puri,2011,1306.47,1519.395969251741,1022.6534282767284,2016.1385102267536
Puri,2012,2335.22,1471.46077072032,974.7182297590759,1968.203311681564
Puri,2013,1088.46,1615.0313257762132,1118.2887848232733,2111.773866729153
Puri,2014,2127.82,1607.8633082355477,1111.1207672876164,2104.605849183479
Puri,2015,1535.53,1571.4971390998205,1074.75459815491,2068.2396800447314
Puri,2016,1784.3845,1531.539656533319,1034.7971155902303,2028.2821974764076
Puri,2017,1875.6472,1576.6554348155207,1079.9128938735307,2073.3979757575107
Puri,2018,1909.2073,1616.3786964768617,1119.6361555355345,2113.1212374181887
Puri,2019,1770.3996,1607.77384641034,1111.0313054694125,2104.5163873512674
Puri,2020,1772.7679,1608.5296131822352,1111.7870722415487,2105.2721541229216
Puri,2021,1991.2102,1668.4908712499057,1171.7483303093647,2165.233412190447
Puri,2022,1900.0939,1679.5496996772315,1182.8071587367783,2176.292240617685
Puri,2023,1990.0487,1717.098835200868,1220.3562942604676,2213.8413761412685
Puri,2024,1894.0831,1715.728364693243,1218.9858237528747,2212.4709056336114
Puri,2025,2093.1957,1773.5699304645545,1276.8273895242053,2270.3124714049036
Purnea,2006,1052.09,1063.8664862028854,703.0875682885899,1424.645404117181
Purnea,2007,966.79,1030.0194738420855,669.2405559277902,1390.7983917563809
Purnea,2008,1029.43,990.3708072647134,629.5918893504181,1351.1497251790088
Purnea,2009,1189.2,1124.511809234978,763.7328913206827,1485.2907271492734
Purnea,2010,1251.24,1092.7539057086506,731.9749877943552,1453.532823622946
Purnea,2011,2012.23,1121.6016292619336,760.8227113476382,1482.380547176229
Purnea,2012,2309.35,1461.2572800448584,1100.478362130563,1822.0361979591537
Purnea,2013,2477.2,1743.6734618174728,1382.8945439031775,2104.4523797317684
Purnea,2014,2553.49,2009.5036838828105,1648.7247659685152,2370.282601797106
Purnea,2015,1988.61,2212.157629714511,1851.3787118002158,2572.9365476288067
Purnea,2016,2794.473,2188.7679714553797,1827.9890535410843,2549.5468893696752
Purnea,2017,2887.8021,2405.8787747441315,2045.0998568298362,2766.657692658427
Purnea,2018,2949.6839,2574.7690362092058,2213.99011829491,2935.5479541235013
Purnea,2019,3265.7205,2727.3157795657344,2366.536861651439,3088.09469748003
Purnea,2020,3450.4436,2927.9817946565595,2567.202876742264,3288.760712570855
Purnea,2021,3681.0638,3126.9353808686496,2766.156462954354,3487.714298782945
Purnea,2022,3924.8403,3338.6794905361658,2977.90057262187,3699.4584084504613
Purnea,2023,4062.0766,3552.577394591491,3191.7984766771956,3913.3563125057867
Purnea,2024,4118.5601,3731.0885337990767,3370.309615884781,4091.8674517133722
Purnea,2025,4343.4169,3880.0234522577025,3519.244534343407,4240.802370171998
Purulia,2006,2606.93,2391.094125473707,1905.3695993060483,2876.818651641366
Purulia,2007,2448.84,2495.900385918959,2010.1758597512999,2981.6249120866178
Purulia,2008,2472.43,2374.595368454806,1888.8708422871468,2860.3198946224647
Purulia,2009,2253.67,2254.5934359363623,1768.8689097687034,2740.3179621040213
Purulia,2010,1711.9,2316.2322404466977,1830.5077142790387,2801.9567666143566
Purulia,2011,2706.49,2155.4377726436733,1669.7132464760143,2641.162298811332
Purulia,2012,2527.25,2242.1171311440585,1756.3926049763995,2727.8416573117174
Purulia,2013,2415.28,2351.89435473539,1866.1698285677312,2837.618880903049
Purulia,2014,2142.93,2446.1607475558703,1960.4362213882114,2931.8852737235293
Purulia,2015,1838.97,2399.4719273449678,1913.7474011773088,2885.1964535126267
Purulia,2016,1900.5469,2037.3603358241235,1551.6358096564645,2523.0848619917824
Purulia,2017,2125.1989,2011.258910016857,1525.534383849198,2496.983436184516
Purulia,2018,1951.269,2033.2558494398759,1547.531323272217,2518.980375607535
Purulia,2019,2062.8827,2013.4215655149678,1527.6970393473089,2499.146091682627
Purulia,2020,1713.6709,1977.2105295702208,1491.486003402562,2462.93505573788
Purulia,2021,1821.2649,1874.2365178174036,1388.5119916497447,2359.9610439850626
Purulia,2022,1698.8494,1828.9415451563814,1343.2170189887224,2314.6660713240403
Purulia,2023,1674.806,1764.847736632626,1279.123210464967,2250.572262800285
Purulia,2024,1780.5776,1740.3687614086434,1254.6442352409845,2226.0932875763024
Purulia,2025,1663.1854,1738.2365618372778,1252.5120356696189,2223.9610880049368
Rae-Bareily,2006,1829.41,1977.8477840227504,1622.4229759917985,2333.2725920537023
Rae-Bareily,2007,2118.35,1912.286248224757,1556.861440193805,2267.711056255709
Rae-Bareily,2008,2262.99,2091.5666400890327,1736.1418320580808,2446.991448119985
Rae-Bareily,2009,2194.17,2128.5239593277065,1773.0991512967546,2483.948767358658
Rae-Bareily,2010,2118.4,2235.996392767449,1880.571584736497,2591.4212007984006
Rae-Bareily,2011,2272.94,2157.144096047863,1801.7192880169112,2512.5689040788147
Rae-Bareily,2012,2493.24,2093.980029020128,1738.555220989176,2449.40483705108
Rae-Bareily,2013,2387.15,2499.301957800578,2143.877149769626,2854.7267658315295
Rae-Bareily,2014,2119.94,2287.902810366866,1932.4780023359142,2643.327618397818
Rae-Bareily,2015,2085.17,2226.8798568644365,1871.4550488334846,2582.3046648953887
Rae-Bareily,2016,2385.5128,2199.4972618981647,1844.0724538672127,2554.9220699291163
Rae-Bareily,2017,2380.1629,2291.788520664433,1936.3637126334809,2647.213328695385
Rae-Bareily,2018,2342.5124,2317.784877368388,1962.3600693374362,2673.20968539934
Rae-Bareily,2019,2412.8219,2350.07594072987,1994.6511326989182,2705.500748760822
Rae-Bareily,2020,2363.1211,2357.299885797478,2001.8750777665261,2712.7246938284297
Rae-Bareily,2021,2403.6006,2367.7064560228046,2012.2816479918527,2723.1312640537562
Rae-Bareily,2022,2317.3151,2346.067627169158,1990.6428191382063,2701.49243520011
Rae-Bareily,2023,2585.2131,2424.662573112657,2069.237765081705,2780.0873811436086
Rae-Bareily,2024,2498.3613,2471.61984923329,2116.195041202338,2827.0446572642422
Rae-Bareily,2025,2512.7981,2483.5820077555763,2128.1571997246247,2839.006815786528
Raichur,2006,3063.56,3088.2588335304094,2089.0684286803717,4087.4492383804472
Raichur,2007,3156.36,3084.7183112598186,2085.5279171191623,4083.908705400475
Raichur,2008,3274.95,2977.5569542718654,1978.366567277857,3976.7473412658737
Raichur,2009,2946.29,3078.3534507118316,2079.1630684869674,4077.5438329366957
Raichur,2010,3114.24,3091.6043330969833,2092.4139540546926,4090.794712139274
Raichur,2011,3018.7,3114.9008859221026,2115.7105090036257,4114.0912628405795
Raichur,2012,3216.68,3067.400859327139,2068.210483825939,4066.5912348283396
Raichur,2013,3288.23,3095.2562887720765,2096.0659142166614,4094.4466633274915
Raichur,2014,3085.93,3049.7700370698394,2050.5796631455714,4048.9604109941074
Raichur,2015,3177.47,3134.016165510339,2134.8257920072515,4133.206539013426
Raichur,2016,3177.8184,3159.264374438223,2160.074001216201,4158.454747660246
Raichur,2017,3222.8406,3169.51212021396,2170.3217471794997,4168.70249324842
Raichur,2018,3213.8618,3177.87293930512,2178.6825663958243,4177.063312214415
Raichur,2019,3178.6158,3179.067397597867,2179.8770247720977,4178.257770423636
Raichur,2020,3193.4191,3181.2090561633736,2182.018683393343,4180.399428933404
Raichur,2021,3222.7413,3187.893031782705,2188.7026590498704,4187.083404515539
Raichur,2022,3222.964,3194.282664392379,2195.0922916843665,4193.473037100392
Raichur,2023,3217.3821,3198.6598745573438,2199.4695018658954,4197.850247248792
Raichur,2024,3245.1169,3206.283887073984,2207.0935143935894,4205.474259754378
Raichur,2025,3217.8761,3209.2217556592727,2210.031382986255,4208.412128332291
Raigad,2006,2378.97,2311.3058730647313,1831.6313952095586,2790.9803509199037
Raigad,2007,2514.05,2450.8249418222586,1971.150463967087,2930.49941967743
Raigad,2008,2719.58,2409.4345546729455,1929.7600768177745,2889.1090325281166
Raigad,2009,2526.3,2365.86301452934,1886.188536674169,2845.537492384511
Raigad,2010,2369.89,2609.4492441807943,2129.774766325623,3089.1237220359653
Raigad,2011,2414.51,2577.848742399263,2098.174264544092,3057.523220254434
Raigad,2012,2606.18,2396.4769940291562,1916.8025161739854,2876.151471884327
Raigad,2013,2860.83,2524.0654896316896,2044.3910117765188,3003.73996748686
Raigad,2014,2799.68,2557.8263015225175,2078.151823667347,3037.500779377688
Raigad,2015,2940.31,2548.9558037463753,2069.2813258912047,3028.630281601546
Raigad,2016,2915.7916,2821.048325491899,2341.3738476367284,3300.7228033470697
Raigad,2017,2971.9884,2854.8045244031564,2375.130046547986,3334.479002258327
Raigad,2018,2991.8823,2876.3528836074793,2396.6784057523087,3356.02736146265
Raigad,2019,3022.1356,2903.023819687559,2423.3493418323883,3382.6982975427295
Raigad,2020,3025.5481,2916.2100996094605,2436.53562175429,3395.884577464631
Raigad,2021,3105.6695,2968.092658318847,2488.4181804636764,3447.7671361740177
Raigad,2022,3175.6159,3024.0579140611117,2544.383436205941,3503.7323919162823
Raigad,2023,3255.7892,3090.433540700594,2610.7590628454236,3570.108018555765
Raigad,2024,3247.6511,3113.1537345143206,2633.47925665915,3592.828212369491
Raigad,2025,3313.5254,3165.845959680256,2686.1714818250853,3645.5204375354265
Raigarh,2006,1040.07,1080.1028503172172,790.7133108741926,1369.4923897602416
Raigarh,2007,1259.04,1026.4175382485062,737.027998806326,1315.8070776906864
Raigarh,2008,1183.18,994.9885145220893,705.5989750803537,1284.3780539638249
Raigarh,2009,1118.31,957.4218838514038,668.0323444099026,1246.811423292905
Raigarh,2010,1375.15,1200.889410480237,911.4998710388593,1490.2789499216149
Raigarh,2011,1430.41,1267.2437098607666,977.8541704194538,1556.6332493020793
Raigarh,2012,1517.28,1344.6003028183304,1055.2107633770518,1633.989842259609
Raigarh,2013,1387.92,1314.172988823217,1024.7834493819564,1603.5625282644778
Raigarh,2014,1608.68,1295.1888762356557,1005.7993367944046,1584.5784156769068
Raigarh,2015,1013.29,1319.3063724289468,1029.9168329877007,1608.695911870193
Raigarh,2016,1473.6201,1334.7311175765446,1045.3415781353012,1624.120657017788
Raigarh,2017,1534.9056,1389.1062063098852,1099.7166668686432,1678.4957457511273
Raigarh,2018,1540.4641,1417.716543208242,1128.3270037670006,1707.1060826494834
Raigarh,2019,1482.0489,1408.2296500416755,1118.8401106004346,1697.6191894829165
Raigarh,2020,1573.1592,1459.5707601806275,1170.1812207393868,1748.9602996218682
Raigarh,2021,1569.2727,1474.65559496806,1185.2660555268194,1764.0451344093008
Raigarh,2022,1601.875,1502.6552778957166,1213.265738454476,1792.0448173369573
Raigarh,2023,1603.0414,1516.2958370113572,1226.9062975701167,1805.6853764525977
Raigarh,2024,1655.135,1551.815275589443,1262.4257361482025,1841.2048150306834
Raigarh,2025,1732.4924,1604.4243810505347,1315.0348416092943,1893.8139204917752
Raipur,2006,1442.43,1336.6031725678886,849.3829146262613,1823.823430509516
Raipur,2007,1550.53,1322.368520728151,835.1482627865237,1809.5887786697783
Raipur,2008,1329.15,1337.211117556083,849.9908596144558,1824.4313754977104
Raipur,2009,1407.66,1215.2037559851933,727.983498043566,1702.4240139268206
Raipur,2010,1661.71,1494.0475098203888,1006.8272518787614,1981.267767762016
Raipur,2011,1483.67,1611.8448665105707,1124.6246085689434,2099.065124452198
Raipur,2012,1987.25,1577.6856076423128,1090.4653497006855,2064.90586558394
Raipur,2013,1733.23,1566.2452346018308,1079.0249766602035,2053.465492543458
Raipur,2014,2055.8,1643.1782892437338,1155.9580313021065,2130.398547185361
Raipur,2015,1431.57,1785.6162218742224,1298.3959639325951,2272.83647981585
Raipur,2016,1796.7814,1674.445211797823,1187.2249538561957,2161.6654697394506
Raipur,2017,1964.6991,1770.8190194772951,1283.5987615356678,2258.039277418922
Raipur,2018,2002.9873,1841.4494591786872,1354.22920123706,2328.6697171203145
Raipur,2019,1872.6059,1827.7912616391734,1340.571003697546,2315.0115195808007
Raipur,2020,1923.4488,1843.337467551606,1356.1172096099788,2330.557725493233
Raipur,2021,1951.0188,1863.3788433996185,1376.1585854579912,2350.599101341246
Raipur,2022,2210.3353,1984.2497292080222,1497.029471266395,2471.4699871496496
Raipur,2023,2145.452,2024.3944978787304,1537.174239937103,2511.6147558203575
Raipur,2024,2179.513,2063.7320144527066,1576.5117565110793,2550.9522723943337
Raipur,2025,2258.9254,2120.102258633781,1632.8820006921535,2607.3225165754084
Raisen,2006,669.36,647.4939492512167,406.7224034000978,888.2654951023355
Raisen,2007,696.67,625.6252493703187,384.85370351919977,866.3967952214375
Raisen,2008,630.32,688.2340623719365,447.4625165208176,929.0056082230553
Raisen,2009,968.04,495.12567816030605,254.35413230918715,735.8972240114249
Raisen,2010,1267.18,792.0793134484929,551.3077675973741,1032.8508592996118
Raisen,2011,1427.91,1117.060664589285,876.289118738166,1357.8322104404037
Raisen,2012,1284.1,1237.2082389304187,996.4366930792999,1477.9797847815375
Raisen,2013,863.61,1321.0967481704574,1080.3252023193386,1561.8682940215763
Raisen,2014,2501.24,1006.495803609213,765.7242577580942,1247.2673494603318
Raisen,2015,2289.6,1662.873969916658,1422.1024240655393,1903.645515767777
Raisen,2016,1884.1516,1878.2844574613036,1637.5129116101848,2119.0560033124225
Raisen,2017,2429.0147,1894.252010953218,1653.480465102099,2135.0235568043367
Raisen,2018,2471.4926,2114.3339416712397,1873.5623958201209,2355.1054875223585
Raisen,2019,2779.2467,2269.5524810150255,2028.7809351639066,2510.3240268661443
Raisen,2020,2899.0267,2482.006564158947,2241.2350183078283,2722.778110010066
Raisen,2021,3241.5751,2663.8261255386788,2423.05457968756,2904.5976713897976
Raisen,2022,3382.2791,2905.7828783645227,2665.011332513404,3146.5544242156416
Raisen,2023,3553.3514,3106.1743593087886,2865.4028134576697,3346.9459051599074
Raisen,2024,3765.0598,3295.7321983814827,3054.960652530364,3536.5037442326015
Raisen,2025,3912.2829,3492.1818148041784,3251.4102689530596,3732.9533606552973
Rajgarh,2006,577.32,738.6094845329401,386.22031115028597,1090.9986579155943
Rajgarh,2007,444.44,469.67799892628136,117.2888870426329,822.0671108099298
Rajgarh,2008,371.43,468.75863903482355,116.36957166030811,821.147706409339
Rajgarh,2009,500.0,435.6778591968671,83.28882403529565,788.0668943584385
Rajgarh,2010,800.0,424.5407468568653,72.15173500903006,776.9297587047006
Rajgarh,2011,833.33,745.3980287420463,393.00903376725614,1097.7870237168365
Rajgarh,2012,809.52,742.6841477859928,390.2951650228749,1095.0731305491106
Rajgarh,2013,666.67,991.3810620198738,638.9920880948148,1343.7700359449327
Rajgarh,2014,670.0,532.6297000703089,180.2407325416952,885.0186675989225
Rajgarh,2015,1330.0,676.9307554591119,324.54179255985343,1029.3197183583702
Rajgarh,2016,1104.6735,834.70846549099,482.31950594217557,1187.0974250398044
Rajgarh,2017,1053.2154,795.7128294906497,443.32387236668177,1148.1017866146176
Rajgarh,2018,1259.2045,955.5297676863538,603.1408123173414,1307.9187230553662
Rajgarh,2019,1286.6699,983.086289607264,630.6973355083812,1335.4752437061468
Rajgarh,2020,1352.3884,1040.4407281172957,688.0517749376551,1392.8296812969365
Rajgarh,2021,1385.5106,1073.6454062684181,721.2564537540688,1426.0343587827674
Rajgarh,2022,1432.0926,1117.3323457507176,764.9433937178654,1469.7212977835698
Rajgarh,2023,1501.3626,1179.1195240413097,826.7305723569357,1531.5084757256836
Rajgarh,2024,1656.9699,1309.3292217687508,956.940270336584,1661.7181732009176
Rajgarh,2025,1739.8502,1386.6416850413923,1034.2527337917577,1739.030636291027
Rajkot,2016,6764.8997,2372.2171380980844,1613.9391405959996,3130.4951356001693
Rajkot,2017,7126.5933,6213.078309948523,5454.8003124464385,6971.356307450608
Rajkot,2018,7462.0073,7020.333037409117,6262.055039907033,7778.611034911202
Rajkot,2019,7452.9185,7363.395874169589,6605.117876667504,8121.673871671674
Rajkot,2020,7224.1395,7365.8263267884195,6607.548329286335,8124.104324290504
Rajkot,2021,7629.6604,7265.120482625931,6506.842485123846,8023.398480128016
Rajkot,2022,7631.1044,7542.663115310161,6784.385117808076,8300.941112812245
Rajkot,2023,7939.1843,7627.264737356747,6868.986739854662,8385.542734858831
Rajkot,2024,7978.8462,7864.871494228375,7106.59349672629,8623.149491730459
Rajkot,2025,8444.8595,7996.171025037234,7237.8930275351495,8754.449022539318
Ramananthapuram,2006,2007.16,1905.6065571909248,845.533741675554,2965.679372706296
Ramananthapuram,2007,882.82,2010.4426864504817,950.3698715353501,3070.515501365613
Ramananthapuram,2008,1816.05,2108.1808639764763,1048.1080494294044,3168.253678523548
Ramananthapuram,2009,1840.31,1654.2463494375668,594.1735351161849,2714.319163758949
Ramananthapuram,2010,2183.57,1830.6964069278401,770.6235927448481,2890.7692211108324
Ramananthapuram,2011,3576.28,1714.0874677493975,654.0146536512648,2774.1602818475303
Ramananthapuram,2012,1139.12,1693.676474166395,633.603660120297,2753.7492882124934
Ramananthapuram,2013,752.46,1661.9589835803656,601.8861695661744,2722.031797594557
Ramananthapuram,2014,3618.84,1768.2744264390228,708.2016124443969,2828.347240433649
Ramananthapuram,2015,2794.49,2712.514345315218,1652.4415313325892,3772.5871592978474
Ramananthapuram,2016,2586.8181,2151.6694729720975,1091.596658996825,3211.7422869473703
Ramananthapuram,2017,3206.8651,2369.0304112246768,1308.957597253915,3429.1032251954384
Ramananthapuram,2018,3113.1859,2475.9094953999625,1415.8366814319668,3535.982309367958
Ramananthapuram,2019,3257.9154,2605.361375090876,1545.2885611245765,3665.434189057176
Ramananthapuram,2020,3077.5443,2648.015968937091,1587.9431549718315,3708.088782902351
Ramananthapuram,2021,3657.2541,2852.9690991698153,1792.8962852051934,3913.041913134437
Ramananthapuram,2022,3440.6783,2918.498760173522,1858.4259462092912,3978.5715741377526
Ramananthapuram,2023,3685.2063,3050.649497039839,1990.5766830758478,4110.72231100383
Ramananthapuram,2024,3496.0195,3086.9574767052463,2026.8846627414023,4147.03029066909
Ramananthapuram,2025,3866.2832,3229.4241593460683,2169.3513453823143,4289.496973309822
Rampur,2006,2098.2,2165.846784230503,1602.9518277248567,2728.7417407361495
Rampur,2007,2247.81,2027.0124495158439,1464.1174930101974,2589.9074060214903
Rampur,2008,1973.99,2475.9258184947375,1913.0308619890911,3038.820775000384
Rampur,2009,2239.06,1580.5225545692758,1017.6275980636293,2143.4175110749225
Rampur,2010,1921.82,2533.249927095458,1970.3549705898117,3096.1448836011045
Rampur,2011,2185.25,2053.3254988908693,1490.430542385223,2616.2204553965157
Rampur,2012,2273.01,1941.5385705713734,1378.643614065727,2504.43352707702
Rampur,2013,2241.0,2167.7772225936533,1604.8822660880069,2730.6721790992997
Rampur,2014,2260.0,2070.26734560738,1507.3723891017335,2633.1623021130263
Rampur,2015,2259.89,2230.656995954081,1667.7620394484347,2793.5519524597275
Rampur,2016,2279.3428,2256.4834113887778,1693.5884548831314,2819.378367894424
Rampur,2017,2322.5299,2249.0788861669434,1686.183929661297,2811.97384267259
Rampur,2018,2363.7458,2273.351288250683,1710.4563317450366,2836.2462447563294
Rampur,2019,2290.3368,2325.849824661321,1762.9548681556744,2888.744781166967
Rampur,2020,2351.2611,2279.437087826488,1716.5421313208417,2842.3320443321345
Rampur,2021,2363.0743,2307.259984069163,1744.3650275635164,2870.154940574809
Rampur,2022,2333.3088,2331.530160228771,1768.6352037231245,2894.4251167344173
Rampur,2023,2414.3251,2305.216131909955,1742.3211754043086,2868.1110884156014
Rampur,2024,2440.9275,2353.882699912381,1790.9877434067348,2916.7776564180276
Rampur,2025,2466.8082,2388.98340745705,1826.0884509514035,2951.8783639626963
Ranchi,2006,1394.23,1108.1086863533965,588.8529311076774,1627.3644415991157
Ranchi,2007,1785.36,1266.1677509843375,746.9119957386184,1785.4235062300568
Ranchi,2008,1746.09,1577.317024764218,1058.061269518499,2096.572780009937
Ranchi,2009,964.68,1541.3405326352356,1022.0847773895165,2060.5962878809546
Ranchi,2010,960.82,1267.6271331862854,748.3713779405663,1786.8828884320046
Ranchi,2011,2163.59,1156.853150350933,637.5973951052139,1676.1089055966522
Ranchi,2012,1954.64,1666.467891666073,1147.212136420354,2185.723646911792
Ranchi,2013,2024.25,1826.8154250362209,1307.5596697905016,2346.07118028194
Ranchi,2014,2078.92,1961.0451068804734,1441.7893516347544,2480.3008621261924
Ranchi,2015,952.98,2035.079136398743,1515.823381153024,2554.334891644462
Ranchi,2016,1597.4476,1385.3559742265727,866.1002189808536,1904.6117294722917
Ranchi,2017,1606.8913,1498.3258832919453,979.0701280462262,2017.5816385376643
Ranchi,2018,1813.9326,1549.5245062003855,1030.2687509546663,2068.7802614461048
Ranchi,2019,1858.0648,1690.9081276679697,1171.6523724222507,2210.1638829136887
Ranchi,2020,1971.4112,1776.69517962624,1257.439424380521,2295.950934871959
Ranchi,2021,1932.5471,1881.0022636157478,1361.7465083700286,2400.258018861467
Ranchi,2022,1754.0551,1908.5001303830416,1389.2443751373225,2427.7558856287606
Ranchi,2023,1892.8161,1814.6727031876808,1295.4169479419616,2333.9284584334
Ranchi,2024,1843.7169,1854.2782804051994,1335.0225251594802,2373.5340356509187
Ranchi,2025,1985.5017,1840.5003497464006,1321.2445945006816,2359.7561049921196
Ratlam,2006,732.72,778.4616637436479,605.6850915492671,951.2382359380288
Ratlam,2007,471.43,664.2997388561262,491.5231666617453,837.076311050507
Ratlam,2008,477.78,610.8827848559527,438.10621266157176,783.6593570503335
Ratlam,2009,722.22,262.1994952976411,89.42292310326019,434.97606749202197
Ratlam,2010,764.71,707.5621976491184,534.7856254547376,880.3387698434992
Ratlam,2011,947.37,891.739097651945,718.9625254575642,1064.5156698463259
Ratlam,2012,1139.71,875.0670642573641,702.2904920629833,1047.843636451745
Ratlam,2013,1201.55,1095.0058071787507,922.2292349843699,1267.7823793731316
Ratlam,2016,1316.297,1088.7361150950624,915.9595429006815,1261.5126872894432
Ratlam,2017,1354.4836,1206.2084610873098,1033.431888892929,1378.9850332816907
Ratlam,2018,1376.9678,1284.7115375175372,1111.9349653231563,1457.488109711918
Ratlam,2019,1462.6889,1345.5266286086303,1172.7500564142495,1518.3032008030111
Ratlam,2020,1541.0242,1416.9485911008665,1244.1720189064856,1589.7251632952473
Ratlam,2021,1666.0204,1497.7955237885894,1325.0189515942086,1670.5720959829703
Ratlam,2022,1552.1501,1567.4768303261599,1394.700258131779,1740.2534025205407
Ratlam,2023,1734.9897,1591.089194988359,1418.312622793978,1763.8657671827398
Ratlam,2024,1761.9652,1668.142190623622,1495.365618429241,1840.9187628180027
Ratlam,2025,1854.7469,1730.6381513286105,1557.8615791342297,1903.4147235229914
Ratnagiri,2006,2808.67,2738.3282735960993,2287.407307325569,3189.2492398666295
Ratnagiri,2007,2633.03,2728.9716069357723,2278.050640665242,3179.8925732063026
Ratnagiri,2008,2673.72,2654.423499886742,2203.5025336162116,3105.344466157272
Ratnagiri,2009,2614.18,2555.8471272096845,2104.926160939154,3006.7680934802147
Ratnagiri,2010,2757.12,2775.364343975205,2324.4433777046747,3226.285310245735
Ratnagiri,2011,2813.12,2750.3054521011845,2299.3844858306543,3201.2264183717148
Ratnagiri,2012,2841.27,2663.9196110950165,2212.9986448244863,3114.840577365547
Ratnagiri,2013,3032.91,2839.951157900157,2389.0301916296266,3290.872124170687
Ratnagiri,2014,3145.96,2823.7235338843016,2372.8025676137713,3274.644500154832
Ratnagiri,2015,2678.73,2883.724063956196,2432.8030976856658,3334.6450302267262
Ratnagiri,2016,3034.2897,2840.532795313439,2389.6118290429085,3291.453761583969
Ratnagiri,2017,2992.5669,2899.8098789892697,2448.8889127187394,3350.7308452598
Ratnagiri,2018,3012.5777,2924.3461886223868,2473.4252223518565,3375.267154892917
Ratnagiri,2019,3042.3116,2948.4654387224136,2497.5444724518834,3399.386404992944
Ratnagiri,2020,3042.7687,2970.2986638556713,2519.377697585141,3421.2196301262015
Ratnagiri,2021,3079.8179,2988.607666965166,2537.686700694636,3439.5286332356964
Ratnagiri,2022,3133.4806,3017.9398008807807,2567.0188346102505,3468.860767151311
Ratnagiri,2023,3166.268,3054.661806015344,2603.740839744814,3505.5827722858744
Ratnagiri,2024,3198.5312,3089.5511673675755,2638.6302010970453,3540.472133638106
Ratnagiri,2025,3203.4958,3118.827007684748,2667.9060414142177,3569.747973955278
Rewa,2006,647.61,712.4619539048344,414.6287782879306,1010.2951295217383
Rewa,2007,346.05,508.8633800053003,211.03020523418428,806.6965547764164
Rewa,2008,644.56,659.1065986182666,361.2734243888342,956.939772847699
Rewa,2009,638.91,627.2636361557752,329.43046227326334,925.096810038287
Rewa,2010,661.12,709.7237229094162,411.89054924908913,1007.5568965697432
Rewa,2011,1177.74,830.0120251624703,532.1788516444412,1127.8451986804994
Rewa,2012,1616.47,741.082935287769,443.24976186087446,1038.9161087146636
Rewa,2013,1789.92,1100.703354378954,802.8701810104263,1398.5365277474816
Rewa,2014,1808.82,910.3282349350357,612.4950616038891,1208.1614082661822
Rewa,2015,947.69,1091.0208463962472,793.1876730890413,1388.854019703453
Rewa,2016,1597.0575,1217.60874198908,919.775568697207,1515.4419152809533
Rewa,2017,1955.8299,1404.56713711039,1106.7339638283365,1702.4003103924433
Rewa,2018,2075.4892,1525.101639314952,1227.2684660391878,1822.9348125907163
Rewa,2019,2006.008,1565.7570209379637,1267.9238476662274,1863.5901942097
Rewa,2020,2364.9007,1764.9169468727532,1467.0837736035965,2062.75012014191
Rewa,2021,2315.2847,1823.8558296241931,1526.0226563566885,2121.689002891698
Rewa,2022,2444.9956,1936.6786597503706,1638.845486483924,2234.511833016817
Rewa,2023,2881.7684,2182.2339614410726,1884.4007881753037,2480.0671347068414
Rewa,2024,2724.4185,2215.659900554711,1917.826727289376,2513.4930738200455
Rewa,2025,2750.5084,2288.2861263582495,1990.4529530931927,2586.1192996233062
Rohtak,2006,2339.8,2083.694420278515,1542.5531066574094,2624.83573389962
Rohtak,2007,2534.21,2307.18718469288,1766.0458710717744,2848.328498313985
Rohtak,2008,1618.59,2580.830749016094,2039.6894353949888,3121.9720626371995
Rohtak,2009,2089.09,1597.6685415896573,1056.5272279685519,2138.8098552107626
Rohtak,2010,1971.63,2169.9994810620487,1628.8581674409434,2711.140794683154
Rohtak,2011,2304.13,1980.4777466226783,1439.336433001573,2521.6190602437837
Rohtak,2012,2192.65,2147.564248652184,1606.4229350310784,2688.705562273289
Rohtak,2013,2335.07,2256.717746721503,1715.5764331003975,2797.8590603426082
Rohtak,2014,2427.74,2270.5368669066856,1729.3955532855803,2811.678180527791
Rohtak,2015,2503.34,2419.575796712151,1878.4344830910454,2960.717110333256
Rohtak,2016,2297.5741,2429.1170852000255,1887.97577157892,2970.258398821131
Rohtak,2017,2316.9951,2328.918615905681,1787.7773022845754,2870.059929526786
Rohtak,2018,2363.1658,2313.5135071914065,1772.372193570301,2854.654820812512
Rohtak,2019,2535.7312,2331.492831882437,1790.3515182613314,2872.634145503542
Rohtak,2020,2609.2324,2471.19967462528,1930.0583610041745,3012.340988246385
Rohtak,2021,2462.7553,2582.6465766095043,2041.505262988399,3123.7878902306097
Rohtak,2022,2607.8022,2479.5219083330985,1938.3805947119931,3020.663221954204
Rohtak,2023,2592.3275,2571.945278521996,2030.8039649008906,3113.0865921431014
Rohtak,2024,2505.9938,2592.149200404389,2051.0078867832835,3133.2905140254943
Rohtak,2025,2793.1534,2500.6607570207493,1959.519443399644,3041.8020706418547
Roopnagar / Ropar,2006,3409.52,3703.258677743403,3042.514890803898,4364.002464682908
Roopnagar / Ropar,2007,3652.63,3484.0874033830282,2823.3436164435234,4144.831190322533
Roopnagar / Ropar,2008,3696.97,3473.164550174178,2812.4207632346734,4133.908337113683
Roopnagar / Ropar,2009,3471.7,3344.3304948242453,2683.5867078847405,4005.07428176375
Roopnagar / Ropar,2010,3725.66,3650.371111869161,2989.627324929656,4311.114898808665
Roopnagar / Ropar,2011,3453.7,3662.8506760949804,3002.1068891554755,4323.594463034485
Roopnagar / Ropar,2012,3803.74,3511.6920666821156,2850.948279742611,4172.4358536216205
Roopnagar / Ropar,2013,3475.25,3731.6968889584186,3070.953102018914,4392.440675897923
Roopnagar / Ropar,2014,3485.15,3639.4641611325915,2978.7203741930866,4300.207948072096
Roopnagar / Ropar,2015,4252.43,3627.380479857322,2966.636692917817,4288.124266796826
Roopnagar / Ropar,2016,3850.6789,3923.5181309796358,3262.774344040131,4584.261917919141
Roopnagar / Ropar,2017,3871.322,3891.038228122145,3230.29444118264,4551.78201506165
Roopnagar / Ropar,2018,3915.4992,3885.297580395005,3224.5537934555,4546.041367334509
Roopnagar / Ropar,2019,3957.5804,3909.606284627347,3248.8624976878423,4570.3500715668515
Roopnagar / Ropar,2020,3965.4488,3951.5825093942285,3290.8387224547237,4612.326296333733
Roopnagar / Ropar,2021,4005.7429,3966.5556032776067,3305.811816338102,4627.299390217111
Roopnagar / Ropar,2022,4092.1661,3987.1274257027317,3326.383638763227,4647.871212642236
Roopnagar / Ropar,2023,4008.467,4081.878850007102,3421.135063067597,4742.622636946607
Roopnagar / Ropar,2024,4097.8861,4034.903565234329,3374.1597782948243,4695.6473521738335
Roopnagar / Ropar,2025,4243.7511,4057.323497590659,3396.579710651154,4718.067284530163
S.P.S. Nellore,2006,3532.66,3444.5840684363648,2885.610057242834,4003.5580796298955
S.P.S. Nellore,2007,3645.23,3462.285701843008,2903.3116906494774,4021.259713036539
S.P.S. Nellore,2008,3843.64,3601.688565125454,3042.714553931923,4160.662576318984
S.P.S. Nellore,2009,3765.82,3614.6806662505755,3055.706655057045,4173.654677444107
S.P.S. Nellore,2010,3640.34,3930.360213232407,3371.3862020388765,4489.334224425938
S.P.S. Nellore,2011,3984.22,3597.1637396286997,3038.189728435169,4156.13775082223
S.P.S. Nellore,2012,4054.89,3889.769795381312,3330.7957841877815,4448.743806574843
S.P.S. Nellore,2013,4011.42,3999.2631079706457,3440.289096777115,4558.237119164176
S.P.S. Nellore,2014,4001.19,3950.887653173446,3391.913641979915,4509.861664366977
S.P.S. Nellore,2015,4449.4,3972.448424447884,3413.4744132543533,4531.422435641414
S.P.S. Nellore,2016,4297.1998,4256.660695437087,3697.6866842435566,4815.634706630618
S.P.S. Nellore,2017,4358.1872,4276.617167819941,3717.64315662641,4835.591179013471
S.P.S. Nellore,2018,4454.2709,4324.860527906367,3765.886516712836,4883.8345390998975
S.P.S. Nellore,2019,4541.8329,4399.70407149865,3840.730060305119,4958.67808269218
S.P.S. Nellore,2020,4673.9635,4487.673286227038,3928.6992750335075,5046.647297420569
S.P.S. Nellore,2021,4673.9217,4584.125726041492,4025.1517148479616,5143.099737235023
S.P.S. Nellore,2022,4786.9984,4639.3242514794965,4080.350240285966,5198.298262673027
S.P.S. Nellore,2023,4941.4136,4733.388949898555,4174.414938705025,5292.362961092086
S.P.S. Nellore,2024,4944.8993,4842.877201933701,4283.90319074017,5401.851213127232
S.P.S. Nellore,2025,5035.9134,4902.309148423673,4343.335137230142,5461.283159617204
Sabarkantha,2006,1790.12,2144.1814446684834,1540.8421478752034,2747.5207414617635
Sabarkantha,2007,2174.76,1769.9203887992956,1166.5810920060558,2373.2596855925353
Sabarkantha,2008,1821.78,1604.119024598658,1000.7797278054371,2207.4583213918786
Sabarkantha,2009,2447.76,1704.556179138612,1101.2168823454,2307.895475931824
Sabarkantha,2010,2142.86,2103.4623154571955,1500.1230186639882,2706.8016122504027
Sabarkantha,2011,2373.13,1990.2025236565046,1386.8632268632991,2593.54182044971
Sabarkantha,2012,2216.22,2007.5393928352564,1404.2000960420519,2610.878689628461
Sabarkantha,2013,2119.05,2322.143683497042,1718.8043867038377,2925.482980290246
Sabarkantha,2014,1723.26,1913.4009539947383,1310.0616572015347,2516.740250787942
Sabarkantha,2015,2678.65,1778.4425772928862,1175.1032804996826,2381.78187408609
Sabarkantha,2016,2246.6812,2014.128694728756,1410.7893979355524,2617.4679915219594
Sabarkantha,2017,2331.2472,2081.544273130848,1478.2049763376444,2684.8835699240517
Sabarkantha,2018,2505.9915,2239.0600499265197,1635.720753133316,2842.3993467197233
Sabarkantha,2019,2398.2642,2136.4764536256216,1533.137156832418,2739.8157504188252
Sabarkantha,2020,2623.9248,2345.5517866742302,1742.2124898810266,2948.891083467434
Sabarkantha,2021,2408.1923,2145.048922756024,1541.7096259628202,2748.3882195492274
Sabarkantha,2022,2462.1995,2193.246091422425,1589.9067946292212,2796.5853882156284
Sabarkantha,2023,2549.5911,2274.643479089914,1671.3041822967102,2877.9827758831175
Sabarkantha,2024,2521.038,2248.9529019791294,1645.6136051859257,2852.292198772333
Sabarkantha,2025,2582.0285,2306.519716608738,1703.1804198155342,2909.8590134019414
Sagar,2006,513.74,515.6541607925734,306.23910119784676,725.0692203873
Sagar,2007,360.61,427.79675272089924,218.45050629653926,637.1429991452592
Sagar,2008,350.0,568.0853423414067,358.80449033739615,777.3661943454172
Sagar,2009,616.67,411.024733684072,201.80610595705375,620.2433614110902
Sagar,2010,750.0,524.4417879699215,315.2824394484204,733.6011364914226
Sagar,2011,794.12,637.1363073526728,428.03349722296866,846.239117482377
Sagar,2012,633.08,537.7656461846433,328.7168194283995,746.8144729408871
Sagar,2013,437.24,705.5927217072904,496.5954926791107,914.58995073547
Sagar,2014,1066.0,502.3669683089754,293.4191060892549,711.3148305286959
Sagar,2015,285.71,516.3517194683175,307.45113476596237,725.2523041706726
Sagar,2016,571.2774,547.9463983363571,339.09113174864854,756.8016649240657
Sagar,2017,643.3022,564.7678167524086,355.9560282166803,773.5796052881369
Sagar,2018,741.1735,587.3850022009739,378.61496149580296,796.1550429061448
Sagar,2019,666.5177,580.0212894332332,371.2913676062798,788.7512112601866
Sagar,2020,819.0119,612.6937575260956,404.00241914218657,821.3850959100047
Sagar,2021,846.8462,624.8767833198358,416.222579436875,833.5309872027966
Sagar,2022,720.8323,609.2388097655202,400.62037155773305,817.8572479733073
Sagar,2023,727.9229,615.7810827094486,407.19711566766534,824.3650497512318
Sagar,2024,898.9301,652.1618532881714,443.61113193560186,860.712574640741
Sagar,2025,835.7357,648.1953409138231,439.67670398329994,856.7139778443462
Saharanpur,2006,2151.0,2220.40752749135,1774.9201110137408,2665.894943968959
Saharanpur,2007,2267.23,2169.60473701746,1724.117320539851,2615.0921534950694
Saharanpur,2008,2221.16,2311.2070205883583,1865.7196041107493,2756.6944370659676
Saharanpur,2009,2252.5,2132.380709221758,1686.893292744149,2577.8681256993673
Saharanpur,2010,2041.16,2372.790607008416,1927.303190530807,2818.278023486025
Saharanpur,2011,2222.86,2108.7559147164857,1663.2684982388766,2554.243331194095
Saharanpur,2012,2545.1,2004.1748716718967,1558.6874551942876,2449.662288149506
Saharanpur,2013,2365.62,2553.4933642026353,2108.005947725026,2998.9807806802446
Saharanpur,2014,2442.97,2264.503786583423,1819.0163701058138,2709.991203061032
Saharanpur,2015,2259.73,2410.896996427388,1965.4095799497788,2856.384412904997
Saharanpur,2016,2428.3517,2381.427620379258,1935.9402039016488,2826.915036856867
Saharanpur,2017,2435.9821,2403.2374759184245,1957.7500594408154,2848.7248923960337
Saharanpur,2018,2452.5162,2420.9002639064784,1975.4128474288693,2866.3876803840876
Saharanpur,2019,2460.7605,2433.672224259497,1988.184807781888,2879.159640737106
Saharanpur,2020,2551.1451,2485.328656687999,2039.8412402103897,2930.816073165608
Saharanpur,2021,2559.7823,2519.17876024112,2073.6913437635108,2964.6661767187293
Saharanpur,2022,2527.5627,2516.926618288009,2071.4392018104,2962.4140347656185
Saharanpur,2023,2586.1509,2542.423763862689,2096.93634738508,2987.9111803402984
Saharanpur,2024,2562.7695,2546.555899217132,2101.0684827395226,2992.043315694741
Saharanpur,2025,2567.5378,2548.173418960076,2102.686002482467,2993.6608354376854
Saharsa,2006,1091.52,524.1979615122722,-850.850732869115,1899.2466558936594
Saharsa,2007,1726.73,1362.7591819923314,-11.84862575948273,2737.3669897441455
Saharsa,2008,1964.61,680.7813063292301,-693.4072805656431,2054.9698932241035
Saharsa,2009,1208.04,659.3252674396524,-714.4642065633184,2033.1147414426232
Saharsa,2010,1174.88,296.7296284343924,-1076.679428688794,1670.1386855575788
Saharsa,2011,1691.04,717.017717349689,-656.0283361273458,2090.0637708267236
Saharsa,2012,1742.79,550.2533598091893,-822.4459352090234,1922.952654827402
Saharsa,2013,1616.24,1913.0105592914251,540.6428434057577,3285.3782751770923
Saharsa,2014,1814.87,1205.8904262249125,-166.15991524308947,2577.9407676929145
Saharsa,2015,1934.94,726.3313313007742,-645.4149475420735,2098.0776101436218
Saharsa,2016,1919.9176,1016.1193365681452,-355.33537182549844,2387.574044961789
Saharsa,2017,2018.2939,1071.646755331852,-299.52812110620766,2442.8216317699116
Saharsa,2018,2123.8977,1131.5028712604324,-239.40321746800396,2502.4089599888684
Saharsa,2019,2011.3518,1080.2281426413674,-290.4195620648534,2450.875847347588
Saharsa,2020,2070.8275,1115.3691410998504,-255.0299913104368,2485.7682735101375
Saharsa,2021,2258.2156,1216.090559512509,-154.06926444142323,2586.2503834664412
Saharsa,2022,2259.556,1222.9728495307686,-146.9564219670342,2592.9021210285714
Saharsa,2023,2313.0793,1256.0666571831516,-113.64034647330095,2625.7736608396044
Saharsa,2024,2306.8754,1258.5480357928384,-110.94454649216937,2628.0406180778464
Saharsa,2025,2397.4278,1310.1919600233716,-59.09363957648088,2679.477559623224
Salem,2006,3485.61,3093.8104582185965,2561.090355369025,3626.530561068168
Salem,2007,3477.84,3494.119060763857,2961.3989579142853,4026.8391636134284
Salem,2008,4030.32,3534.8486779046243,3002.1285750550524,4067.5687807541963
Salem,2009,4133.44,3872.757258832576,3340.0371559830046,4405.477361682148
Salem,2010,4217.65,4206.6083251261225,3673.8882222765506,4739.3284279756945
Salem,2011,4584.04,4085.133086512277,3552.4129836627053,4617.853189361848
Salem,2012,4127.31,4367.321856040062,3834.60175319049,4900.041958889634
Salem,2013,4945.99,4195.844699815015,3663.124596965443,4728.564802664587
Salem,2014,5129.68,4962.357960869497,4429.637858019925,5495.078063719069
Salem,2015,4681.42,5270.284159326243,4737.564056476671,5803.004262175815
Salem,2016,5149.3319,4605.213485463157,4072.493382613585,5137.933588312729
Salem,2017,5356.9668,5109.305049364782,4576.58494651521,5642.0251522143535
Salem,2018,5559.7666,5344.829271998245,4812.109169148673,5877.549374847817
Salem,2019,5639.458,5495.606725756393,4962.886622906821,6028.326828605965
Salem,2020,5790.6508,5614.638820667362,5081.91871781779,6147.358923516934
Salem,2021,6023.0435,5799.080518675023,5266.360415825451,6331.800621524595
Salem,2022,6303.0227,6048.015299659321,5515.295196809749,6580.735402508893
Salem,2023,6312.5751,6203.251969196304,5670.531866346732,6735.972072045876
Salem,2024,6488.1024,6302.203833023381,5769.483730173809,6834.923935872953
Salem,2025,6819.9766,6540.268137788656,6007.548034939084,7072.988240638228
Sambalpur,2006,1949.77,1860.0246479951802,1345.9322183938289,2374.1170775965315
Sambalpur,2007,2047.78,1843.758138437328,1329.665708836046,2357.8505680386097
Sambalpur,2008,2036.28,1837.1267776770464,1323.0343480757983,2351.2192072782946
Sambalpur,2009,1737.9,1779.060902348589,1264.968472747357,2293.153331949821
Sambalpur,2010,1802.83,1561.472975398332,1047.380545797108,2075.565404999556
Sambalpur,2011,1959.69,1799.2591280043548,1285.1666984031344,2313.351557605575
Sambalpur,2012,3059.04,1922.4378081191467,1408.345378517928,2436.530237720365
Sambalpur,2013,2137.16,2361.5742897596706,1847.4818601584532,2875.6667193608882
Sambalpur,2014,2614.65,2283.7187024975406,1769.6262728963234,2797.8111320987578
Sambalpur,2015,1525.8,2115.063212105832,1600.9707825046153,2629.1556417070487
Sambalpur,2016,2063.3791,1894.7852877283021,1380.6928581270854,2408.877717329519
Sambalpur,2017,2371.9367,2017.1772299567483,1503.0848003555316,2531.269659557965
Sambalpur,2018,2257.5578,2041.8224333850148,1527.730003783798,2555.9148629862316
Sambalpur,2019,2238.4165,2058.9281621821756,1544.8357325809588,2573.0205917833923
Sambalpur,2020,2571.3962,2193.548490347149,1679.456060745932,2707.6409199483655
Sambalpur,2021,2195.2124,2129.635594802733,1615.5431652015163,2643.72802440395
Sambalpur,2022,2450.2851,2201.162153250718,1687.0697236495012,2715.2545828519346
Sambalpur,2023,2363.7548,2203.8190227799696,1689.7265931787529,2717.9114523811863
Sambalpur,2024,2506.0231,2262.8849037640134,1748.7924741627967,2776.97733336523
Sambalpur,2025,2475.59,2284.1999072832828,1770.107477682066,2798.2923368844995
Sangli,2006,1596.69,2724.3987371664853,1885.8175433598838,3562.979930973087
Sangli,2007,2332.09,1975.7503912645946,1137.1691974579958,2814.3315850711933
Sangli,2008,2069.52,2058.3499317640726,1219.768737957475,2896.9311255706702
Sangli,2009,1875.4,2002.0596441622654,1163.4784503556682,2840.640837968863
Sangli,2010,2666.83,2155.7243644649698,1317.1431706583726,2994.305558271567
Sangli,2011,1861.88,2083.7051696858357,1245.123975879239,2922.2863634924324
Sangli,2012,1928.0,1850.505203463104,1011.9240096565071,2689.0863972697007
Sangli,2013,1758.62,2123.7776510571093,1285.1964572505126,2962.358844863706
Sangli,2014,2025.81,1950.8918129402723,1112.3106191336756,2789.473006746869
Sangli,2015,1920.35,1820.4115561372755,981.8303623306787,2658.9927499438722
Sangli,2016,2161.7824,1868.2654289043514,1029.6842350977545,2706.8466227109484
Sangli,2017,1943.8049,1894.2023254766173,1055.6211316700205,2732.783519283214
Sangli,2018,1847.829,1857.4429072105102,1018.8617134039133,2696.024101017107
Sangli,2019,1853.9514,1817.3042333089213,978.7230395023245,2655.8854271155183
Sangli,2020,1980.1832,1812.4713254644907,973.8901316578939,2651.0525192710875
Sangli,2021,1887.924,1816.3327148443905,977.7515210377936,2654.913908650987
Sangli,2022,1772.6232,1783.8603924049473,945.2791985983505,2622.4415862115443
Sangli,2023,1954.8899,1771.9622205182911,933.3810267116943,2610.543414324888
Sangli,2024,1883.593,1784.3883863006415,945.8071924940447,2622.9695801072385
Sangli,2025,1895.4393,1782.0693279006666,943.4881340940698,2620.6505217072636
Sangrur,2006,4513.45,4756.739071755928,4072.2329396245705,5441.245203887286
Sangrur,2007,4632.98,4551.9197861442935,3867.4136540129352,5236.425918275651
Sangrur,2008,4648.86,4284.733267595991,3600.2271354646327,4969.239399727348
Sangrur,2009,4714.26,4287.650886436371,3603.144754305013,4972.157018567729
Sangrur,2010,4374.6,4916.422151694544,4231.916019563186,5600.928283825901
Sangrur,2011,4343.63,4358.966359336602,3674.460227205244,5043.47249146796
Sangrur,2012,4679.39,4468.196999562127,3783.690867430769,5152.7031316934845
Sangrur,2013,4699.34,4633.615515110032,3949.1093829786737,5318.12164724139
Sangrur,2014,4711.1,4945.988400392237,4261.482268260879,5630.494532523595
Sangrur,2015,4798.71,4871.741857899015,4187.235725767657,5556.247990030372
Sangrur,2016,4728.4486,4658.567965308217,3974.061833176859,5343.074097439575
Sangrur,2017,4732.9991,4750.9143704213075,4066.408238289949,5435.420502552665
Sangrur,2018,4713.4012,4807.3750553032105,4122.868923171853,5491.881187434568
Sangrur,2019,4735.3425,4763.857754374577,4079.3516222432186,5448.363886505935
Sangrur,2020,4783.103,4738.594883886202,4054.0887517548445,5423.10101601756
Sangrur,2021,4779.4022,4821.9067290105495,4137.400596879192,5506.412861141907
Sangrur,2022,4802.6928,4813.64627196583,4129.140139834472,5498.152404097188
Sangrur,2023,4829.3846,4824.032389601356,4139.526257469998,5508.538521732714
Sangrur,2024,4903.3526,4793.894315697873,4109.388183566515,5478.400447829231
Sangrur,2025,4903.3122,4919.526589564,4235.020457432642,5604.032721695357
Santhal Paragana / Dumka,2006,2153.79,1445.6013814983212,922.9531878028035,1968.2495751938388
Santhal Paragana / Dumka,2007,2031.65,1918.2812344826102,1395.6330407870926,2440.9294281781276
Santhal Paragana / Dumka,2008,2035.5,2015.4150163311324,1492.7668226356147,2538.0632100266503
Santhal Paragana / Dumka,2009,993.14,1898.4440718047776,1375.79587810926,2421.092265500295
Santhal Paragana / Dumka,2010,1252.48,1389.822911138799,867.1747174432815,1912.4711048343167
Santhal Paragana / Dumka,2011,2137.53,1272.7559340526448,750.1077403571271,1795.4041277481624
Santhal Paragana / Dumka,2012,1938.39,1825.2478672727452,1302.5996735772276,2347.8960609682626
Santhal Paragana / Dumka,2013,1802.84,1919.1816508936574,1396.5334571981398,2441.829844589175
Santhal Paragana / Dumka,2014,1927.0,1855.1092598523653,1332.4610661568477,2377.757453547883
Santhal Paragana / Dumka,2015,1020.93,1911.6715934319059,1389.0233997363882,2434.3197871274233
Santhal Paragana / Dumka,2016,1485.4468,1274.0208370749929,751.3726433794752,1796.6690307705105
Santhal Paragana / Dumka,2017,1380.2129,1422.450567878748,899.8023741832303,1945.0987615742656
Santhal Paragana / Dumka,2018,1368.4899,1388.7601675496062,866.1119738540885,1911.4083612451238
Santhal Paragana / Dumka,2019,1308.3839,1373.7589974807847,851.1108037852671,1896.4071911763024
Santhal Paragana / Dumka,2020,1307.1779,1323.3067527209937,800.658559025476,1845.9549464165113
Santhal Paragana / Dumka,2021,1257.9738,1310.3852290569516,787.737035361434,1833.0334227524693
Santhal Paragana / Dumka,2022,1171.5104,1275.1137591579054,752.4655654623878,1797.761952853423
Santhal Paragana / Dumka,2023,1070.6838,1205.5041568154916,682.8559631199739,1728.1523505110092
Santhal Paragana / Dumka,2024,840.4037,1123.7663269133602,601.1181332178426,1646.4145206088779
Santhal Paragana / Dumka,2025,695.2745,933.1532155303221,410.50502183480444,1455.8014092258397
Saran,2006,1247.83,1098.8439892646188,695.4749976861684,1502.212980843069
Saran,2007,1117.54,1289.7525835609608,886.3835919825104,1693.121575139411
Saran,2008,1311.18,1135.8593323895848,732.4903408111344,1539.228323968035
Saran,2009,671.97,1078.989074326642,675.6200827481915,1482.3580659050922
Saran,2010,1019.96,935.2855557968126,531.9165642183622,1338.654547375263
Saran,2011,1908.73,1042.3161385304454,638.947146951995,1445.685130108896
Saran,2012,2290.19,1323.0697748430073,919.7007832645569,1726.4387664214578
Saran,2013,1662.38,1863.4231219771905,1460.0541303987402,2266.7921135556408
Saran,2014,2086.01,1710.2644036262818,1306.8954120478315,2113.633395204732
Saran,2015,1180.61,1782.5111806184937,1379.1421890400434,2185.880172196944
Saran,2016,1848.0579,1556.9178328242344,1153.548841245784,1960.286824402685
Saran,2017,2037.9706,1664.7661691834653,1261.3971776050148,2068.135160761916
Saran,2018,1993.5109,1800.8111784119435,1397.442186833493,2204.180169990394
Saran,2019,2165.7347,1871.6617186630015,1468.2927270845512,2275.0307102414517
Saran,2020,2040.2965,1977.276500265702,1573.9075086872517,2380.6454918441523
Saran,2021,2352.806,2001.1320874951343,1597.763095916684,2404.5010790735846
Saran,2022,2260.4918,2128.6231856616314,1725.2541940831811,2531.9921772400817
Saran,2023,2281.1338,2175.1279710885,1771.7589795100498,2578.4969626669504
Saran,2024,2633.4447,2215.47954466151,1812.1105530830596,2618.84853623996
Saran,2025,2561.421,2367.9667607609945,1964.5977691825442,2771.3357523394448
Satara,2006,2073.33,2229.9680532498396,1724.035603398648,2735.900503101031
Satara,2007,2064.52,1695.8285984811837,1189.896148629992,2201.761048332375
Satara,2008,2199.2,1717.3014876473817,1211.36903779619,2223.233937498573
Satara,2009,1519.76,1834.7637293249354,1328.8312794737437,2340.696179176127
Satara,2010,1618.9,1969.3753858175633,1463.4429359663716,2475.3078356687547
Satara,2011,1643.56,1524.2285842380825,1018.2961343868908,2030.1610340892742
Satara,2012,1373.33,1333.8622050485046,827.9297551973129,1839.7946548996963
Satara,2013,1500.0,1696.742208106988,1190.8097582557964,2202.6746579581795
Satara,2014,1790.17,1489.0538675272755,983.1214176760839,1994.9863173784672
Satara,2015,1512.33,1387.7978702486535,881.8654203974618,1893.7303200998451
Satara,2016,1317.9796,1429.3289662906118,923.3965164394201,1935.2614161418035
Satara,2017,1304.4613,1353.5877760943322,847.6553262431405,1859.5202259455239
Satara,2018,1305.8846,1311.1363597819882,805.2039099307965,1817.0688096331799
Satara,2019,1208.9069,1233.1265675449877,727.194117693796,1739.0590173961793
Satara,2020,1004.6254,1089.3476251873544,583.4151753361627,1595.280075038546
Satara,2021,1092.8913,1079.5279943916084,573.5955445404168,1585.4604442428001
Satara,2022,968.5249,994.2135370896049,488.2810872384132,1500.1459869407965
Satara,2023,1018.8509,987.728742680506,481.7962928293143,1493.6611925316977
Satara,2024,845.1817,882.8898071875201,376.9573573363284,1388.8222570387118
Satara,2025,809.5135,824.9859906439478,319.05354079275617,1330.9184404951395
Satna,2006,641.8,1002.4071593119359,723.4362009419102,1281.3781176819616
Satna,2007,249.39,654.7832155105496,375.8122571405239,933.7541738805752
Satna,2008,432.0,566.4045444332378,287.43358606321215,845.3755028032634
Satna,2009,647.7,475.4304579414811,196.45949957145547,754.4014163115068
Satna,2010,1036.26,597.8167014836108,318.8457431135852,876.7876598536365
Satna,2011,1649.27,943.6456898158358,664.6747314458102,1222.6166481858613
Satna,2012,2315.18,1235.1814729374612,956.2105145674356,1514.152431307487
Satna,2013,2297.55,2057.7373986156117,1778.7664402455862,2336.7083569856372
Satna,2014,1935.87,1934.26425811419,1655.2932997441644,2213.2352164842155
Satna,2015,2288.46,1943.04407966724,1664.0731212972146,2222.0150380372656
Satna,2016,2692.9382,2254.8421882957637,1975.8712299257381,2533.813146665789
Satna,2017,3029.6889,2537.78096269028,2258.8100043202544,2816.7519210603054
Satna,2018,3238.7024,2817.956164797673,2538.9852064276474,3096.9271231676985
Satna,2019,3594.1059,3095.989747424198,2817.0187890541724,3374.9607057942235
Satna,2020,3762.493,3369.1703537585254,3090.1993953885,3648.141312128551
Satna,2021,4059.441,3616.7731364458773,3337.8021780758518,3895.744094815903
Satna,2022,4144.9014,3837.5172787517963,3558.546320381771,4116.488237121822
Satna,2023,4373.4276,4019.3534853325946,3740.382526962569,4298.324443702621
Satna,2024,4746.3618,4264.558333398031,3985.5873750280057,4543.529291768057
Satna,2025,4890.5277,4522.349998492917,4243.379040122891,4801.320956862943
Sehore,2006,664.97,769.3692100700473,565.1106283107463,973.6277918293483
Sehore,2007,500.0,665.3198661362737,461.0612843769727,869.5784478955748
Sehore,2008,503.92,610.4944637228466,406.2358819635456,814.7530454821476
Sehore,2009,1000.0,409.68959992040277,205.43101816110178,613.9481816797038
Sehore,2010,1090.91,796.4845011720674,592.2259194127664,1000.7430829313685
Sehore,2011,1687.02,1026.980915771309,822.7223340120079,1231.23949753061
Sehore,2012,2551.17,1292.5996484908069,1088.3410667315059,1496.858230250108
Sehore,2013,3068.38,1882.248217283443,1677.989635524142,2086.5067990427438
Sehore,2014,3202.83,2259.768764228769,2055.5101824694684,2464.02734598807
Sehore,2015,3535.45,2694.1180985870624,2489.8595168277616,2898.376680346363
Sehore,2016,3886.2548,3078.2637621531026,2874.0051803938018,3282.5223439124034
Sehore,2017,4226.4981,3426.38435766343,3222.125775904129,3630.6429394227307
Sehore,2018,4691.0724,3784.2425453435385,3579.9839635842377,3988.5011271028393
Sehore,2019,5071.578,4179.5049903474755,3975.2464085881747,4383.763572106776
Sehore,2020,5391.9507,4562.009354615474,4357.750772856173,4766.267936374775
Sehore,2021,5826.4602,4929.623518396477,4725.3649366371765,5133.882100155778
Sehore,2022,6110.1089,5310.303627240129,5106.045045480828,5514.5622089994295
Sehore,2023,6604.2419,5671.148778712781,5466.89019695348,5875.407360472082
Sehore,2024,6919.0544,6070.864665196835,5866.606083437534,6275.1232469561355
Sehore,2025,7239.8606,6434.373066507649,6230.114484748348,6638.63164826695
Seoni / Shivani,2006,1137.53,797.5316165021702,325.3729444110848,1269.6902885932557
Seoni / Shivani,2007,820.25,551.9779962152983,79.97411360043048,1023.9818788301661
Seoni / Shivani,2008,669.72,957.654036248807,485.79726159957755,1429.5108108980364
Seoni / Shivani,2009,1047.95,742.6345973285456,270.917807108489,1214.3513875486024
Seoni / Shivani,2010,1323.3,906.4331968822062,434.8497727641235,1378.016621000289
Seoni / Shivani,2011,1455.45,1292.4595559726695,821.0033381670667,1763.9157737782723
Seoni / Shivani,2012,2057.93,1019.3171296222482,547.9823754737129,1490.6518837707836
Seoni / Shivani,2013,2935.24,1337.0056773263416,865.7870244800621,1808.2243301726212
Seoni / Shivani,2014,1434.03,782.1994969118138,311.0919304579562,1253.3070633656712
Seoni / Shivani,2015,1412.25,790.320160327485,319.31898341880304,1261.321337236167
Seoni / Shivani,2016,2215.6614,1137.8187003488374,666.9195078600311,1608.7178928376438
Seoni / Shivani,2017,2077.1144,1049.8553557131982,579.0540105718101,1520.6567008545862
Seoni / Shivani,2018,2431.6155,1196.501960985057,725.7945728552158,1667.209349114898
Seoni / Shivani,2019,2404.2936,1163.9789366114437,693.3618426552565,1634.5960305676308
Seoni / Shivani,2020,2655.9401,1264.6768314780002,794.1465789562301,1735.2070839997702
Seoni / Shivani,2021,2841.1592,1335.9625775729228,865.5159080778956,1806.40924706795
Seoni / Shivani,2022,3102.2913,1445.2203860321388,974.8542211725141,1915.5865508917634
Seoni / Shivani,2023,3138.5154,1449.0608800256794,978.772308405558,1919.3494516458009
Seoni / Shivani,2024,3100.6159,1417.4516043311664,947.2378696855878,1887.665338976745
Seoni / Shivani,2025,3516.722,1602.5537570542933,1132.4122474200344,2072.6952666885522
Shahabad (now part of Bhojpur district),2006,2549.9,2221.336817672067,1537.3313042435566,2905.342331100577
Shahabad (now part of Bhojpur district),2007,2449.19,2390.124028983772,1706.1185155552616,3074.1295424122823
Shahabad (now part of Bhojpur district),2008,2517.09,2387.0333763664416,1703.0278629379313,3071.038889794952
Shahabad (now part of Bhojpur district),2009,1699.83,2343.31758340141,1659.3120699728997,3027.3230968299204
Shahabad (now part of Bhojpur district),2010,1793.84,2169.0408737178386,1485.0353602893283,2853.046387146349
Shahabad (now part of Bhojpur district),2011,3759.89,1988.6060105231963,1304.600497094686,2672.6115239517067
Shahabad (now part of Bhojpur district),2012,3764.19,2673.7843746620115,1989.7788612335012,3357.789888090522
Shahabad (now part of Bhojpur district),2013,3423.03,3299.992209275223,2615.986695846713,3983.9977227037334
Shahabad (now part of Bhojpur district),2014,3367.97,3276.627302982249,2592.621789553739,3960.6328164107595
Shahabad (now part of Bhojpur district),2015,3361.18,3277.09755462861,2593.0920412000996,3961.1030680571203
Shahabad (now part of Bhojpur district),2016,3764.3032,3323.87878814517,2639.8732747166596,4007.88430157368
Shahabad (now part of Bhojpur district),2017,3820.0332,3516.047940817734,2832.0424273892236,4200.053454246245
Shahabad (now part of Bhojpur district),2018,4037.2689,3641.6212455214463,2957.615732092936,4325.626758949957
Shahabad (now part of Bhojpur district),2019,4308.1415,3801.688868077787,3117.6833546492767,4485.694381506297
Shahabad (now part of Bhojpur district),2020,4054.4059,4040.6907268933237,3356.6852134648134,4724.696240321834
Shahabad (now part of Bhojpur district),2021,4367.1618,4040.199781603911,3356.194268175401,4724.205295032421
Shahabad (now part of Bhojpur district),2022,4442.5527,4184.1932743736215,3500.187760945111,4868.198787802132
Shahabad (now part of Bhojpur district),2023,5099.2097,4263.184825774604,3579.179312346094,4947.1903392031145
Shahabad (now part of Bhojpur district),2024,4818.8186,4640.148669964472,3956.1431565359617,5324.154183392982
Shahabad (now part of Bhojpur district),2025,5078.7373,4711.187649903502,4027.1821364749912,5395.193163332012
Shahdol,2006,825.01,659.7204271657674,408.559744528726,910.8811098028089
Shahdol,2007,393.01,478.0086734248425,226.84822766262062,729.1691191870644
Shahdol,2008,592.73,690.5068278317794,439.34656269512163,941.6670929684373
Shahdol,2009,702.97,580.4851896891614,329.32506228641955,831.6453170919033
Shahdol,2010,959.85,716.9294139498088,465.76939157470736,968.0894363249103
Shahdol,2011,1367.75,910.7337862900636,659.5738440029002,1161.893728577227
Shahdol,2012,1489.54,784.5955051291967,533.435623912497,1035.7553863458963
Shahdol,2013,1885.37,1104.4715405185834,853.3117058707627,1355.6313751664043
Shahdol,2014,1898.4,831.5553911257712,580.3955919887702,1082.715190262772
Shahdol,2015,1650.66,968.3127997977913,717.1530277393699,1219.4725718562127
Shahdol,2016,2082.3564,1275.7684220276178,1024.6086706178276,1526.928173437408
Shahdol,2017,2212.9649,1373.2935680882338,1122.1338324239564,1624.4533037525111
Shahdol,2018,2393.7558,1506.904809739979,1255.7450860823687,1758.0645333975895
Shahdol,2019,2652.3544,1695.956005073936,1444.796290571955,1947.115719575917
Shahdol,2020,2648.0544,1726.6922520844269,1475.532544564031,1977.8519596048227
Shahdol,2021,2966.8031,1958.360360370947,1707.200658174329,2209.520062567565
Shahdol,2022,2970.7955,2000.979971808495,1749.820273671501,2252.139669945489
Shahdol,2023,3253.0628,2215.5939328338395,1964.4342377924947,2466.753627875184
Shahdol,2024,3359.2696,2326.8686899185955,2075.7089972378253,2578.0283825993656
Shahdol,2025,3672.5728,2569.1377164929,2317.978025612176,2820.2974073736236
Shahjahanpur,2006,2206.51,2210.6144183118263,1777.3700150628426,2643.8588215608097
Shahjahanpur,2007,2396.79,2154.5791289188146,1721.334725669831,2587.8235321677985
Shahjahanpur,2008,2262.0,2550.9545257696223,2117.710122520639,2984.1989290186057
Shahjahanpur,2009,2647.36,1946.0974636565154,1512.8530604075318,2379.341866905499
Shahjahanpur,2010,2138.04,2807.9744772634103,2374.7300740144265,3241.218880512394
Shahjahanpur,2011,2604.0,2276.5500743061475,1843.3056710571639,2709.7944775551314
Shahjahanpur,2012,2771.02,2353.0121175956638,1919.7677143466801,2786.2565208446476
Shahjahanpur,2013,2683.91,2707.4603585314835,2274.2159552824996,3140.7047617804674
Shahjahanpur,2014,2804.95,2559.6318726822296,2126.387469433246,2992.876275931213
Shahjahanpur,2015,3149.05,2768.7795096954756,2335.535106446492,3202.023912944459
Shahjahanpur,2016,3086.5039,3040.0428246240294,2606.798421375046,3473.287227873013
Shahjahanpur,2017,3138.3019,3060.0320034881834,2626.7876002391995,3493.2764067371672
Shahjahanpur,2018,3168.3896,3102.006386679239,2668.761983430255,3535.2507899282227
Shahjahanpur,2019,3281.9798,3137.2538691458467,2704.009465896863,3570.4982723948306
Shahjahanpur,2020,3379.4559,3227.503866607266,2794.259463358282,3660.74826985625
Shahjahanpur,2021,3426.372,3321.847348139188,2888.6029448902045,3755.0917513881714
Shahjahanpur,2022,3502.7038,3383.2630514041343,2950.018648155151,3816.5074546531177
Shahjahanpur,2023,3571.705,3455.1073018543466,3021.8628986053627,3888.3517051033305
Shahjahanpur,2024,3753.4848,3527.171015051272,3093.926611802289,3960.4154183002556
Shahjahanpur,2025,3894.3787,3675.880069058131,3242.635665809147,4109.124472307115
Shajapur,2006,433.33,677.9336027375953,484.96316115042987,870.9040443247607
Shajapur,2007,350.0,441.0541896234754,248.08374803631014,634.0246312106407
Shajapur,2008,350.0,420.4284767852705,227.45803519810536,613.3989183724357
Shajapur,2009,500.0,340.93883306197677,147.96839147481165,533.9092746491419
Shajapur,2010,1000.0,407.1947373726757,214.22429578551063,600.1651789598408
Shajapur,2011,1000.0,796.8985542776668,603.9281126905017,989.8689958648318
Shajapur,2012,571.43,854.3539050081599,661.3834634209949,1047.324346595325
Shajapur,2013,500.0,918.9969501865828,726.0265085994178,1111.967391773748
Shajapur,2016,841.4475,695.1355150145282,502.16507342736315,888.1059566016933
Shajapur,2017,745.9804,723.9666543162443,530.9962127290793,916.9370959034094
Shajapur,2018,915.2845,797.1679433952661,604.197501808101,990.1383849824311
Shajapur,2019,913.7798,847.3189592122353,654.3485176250703,1040.2894007994005
Shajapur,2020,870.3097,865.4590445033011,672.4886029161361,1058.4294860904663
Shajapur,2021,993.4286,917.3212224885403,724.3507809013753,1110.2916640757055
Shajapur,2022,1044.1721,970.1138765617391,777.143434974574,1163.0843181489042
Shajapur,2023,941.0038,971.1024595416836,778.1320179545186,1164.0729011288488
Shajapur,2024,948.8076,972.457999737009,779.487558149844,1165.4284413241742
Shajapur,2025,973.1032,981.5406989520852,788.5702573649202,1174.5111405392504
Shimla,2006,1145.45,1171.6211597438403,713.9532624290475,1629.289057058633
Shimla,2007,975.61,1138.5815493490913,681.0800788260727,1596.08301987211
Shimla,2008,1000.0,1190.5648404242083,733.2210911857962,1647.9085896626204
Shimla,2009,867.77,1082.0429410420736,624.8488721836757,1539.2370099004715
Shimla,2010,916.67,1229.2185545210702,772.1667237670746,1686.270385275066
Shimla,2011,915.97,1203.5109646932872,746.5944704118257,1660.4274589747488
Shimla,2012,925.0,1152.6255680521328,695.8379981248934,1609.4131379793723
Shimla,2013,922.41,1122.8886042768886,666.2239908739186,1579.5532176798586
Shimla,2014,1008.7,992.2177043195065,535.670483779103,1448.76492485991
Shimla,2015,912.28,1021.3968213061684,564.9617984435777,1477.831844168759
Shimla,2016,876.0412,1063.9573355823313,607.6296518532474,1520.2850193114152
Shimla,2017,850.1056,1044.866782536013,588.6418875658233,1501.0916775062028
Shimla,2018,853.3196,1043.7904049625063,587.6640310231257,1499.9167789018868
Shimla,2019,900.0566,1069.8431025236416,613.8112415991563,1525.874963448127
Shimla,2020,861.3586,1043.451798871014,587.5106820032929,1499.3929157387352
Shimla,2021,813.4096,1011.1612177502676,555.3072963978493,1467.015139102686
Shimla,2022,786.8514,991.8902722656322,536.1202014448934,1447.660343086371
Shimla,2023,836.4552,1019.7457835024105,564.0564065103631,1475.435160494458
Shimla,2024,784.014,984.8416616258303,529.2299961697653,1440.4533270818952
Shimla,2025,787.93,984.5991513073765,529.0623768886969,1440.135925726056
Shimoge,2006,2372.02,2168.0948105267107,1626.1227648579343,2710.066856195487
Shimoge,2007,2491.61,2557.3062351748763,2015.3343528829014,3099.278117466851
Shimoge,2008,2447.55,2327.8788652866856,1785.9071032775087,2869.8506272958625
Shimoge,2009,2399.9,2491.8683039069397,1949.8966304535763,3033.8399773603032
Shimoge,2010,2769.02,2447.6622936698896,1905.6906854140266,2989.6339019257525
Shimoge,2011,2919.68,2297.6310012435233,1755.6594409880815,2839.602561498965
Shimoge,2012,2667.26,2095.9618348838767,1553.9903099678465,2637.9333597999066
Shimoge,2013,3055.77,2571.4816872993297,2029.5101884012875,3113.453186197372
Shimoge,2014,3036.1,2695.6166764526897,2153.6451967099138,3237.5881561954657
Shimoge,2015,2606.2,2559.9827273934616,2018.0112617534014,3101.9541930335217
Shimoge,2016,2947.6404,2540.09052594821,1998.1190706910184,3082.061981205402
Shimoge,2017,3087.1188,2673.75460444047,2131.783156827477,3215.726052053463
Shimoge,2018,3205.3673,2784.893638737417,2242.922196752328,3326.865080722506
Shimoge,2019,3168.5884,2726.4927470751227,2184.521309233476,3268.464184916769
Shimoge,2020,3206.0648,2752.853677990673,2210.882243199562,3294.8251127817844
Shimoge,2021,3283.3024,2824.5252888958667,2282.553856350657,3366.4967214410763
Shimoge,2022,3364.3148,2901.147509544794,2359.1760786530895,3443.1189404364986
Shimoge,2023,3408.9641,2938.3905716671725,2396.419141992831,3480.362001341514
Shimoge,2024,3449.0975,2971.7185076036203,2429.747078825541,3513.6899363816997
Shimoge,2025,3485.7232,3002.151126902415,2460.179698784192,3544.1225550206377
Shivpuri,2006,927.73,1257.8532229497239,783.2294513264884,1732.4769945729595
Shivpuri,2007,503.92,876.998767746978,402.3750085246999,1351.6225269692561
Shivpuri,2008,751.25,814.743534320444,340.1197835773397,1289.3672850635485
Shivpuri,2009,1362.5,794.6155848906499,319.9918399451942,1269.2393298361055
Shivpuri,2010,1590.36,855.7467232998977,381.12298231859376,1330.3704642812015
Shivpuri,2011,1577.78,1291.3108530608015,816.687114789993,1765.9345913316101
Shivpuri,2012,1483.58,1311.9619205603688,837.338184142866,1786.5856569778716
Shivpuri,2013,1166.1,1676.337456238386,1201.7137210880842,2150.961191388688
Shivpuri,2014,1237.86,1074.541204762543,599.917470478692,1549.164939046394
Shivpuri,2015,2484.55,1265.773745380461,791.1500116890472,1740.3974790718746
Shivpuri,2016,2146.0836,1551.8125690620484,1077.1888357757148,2026.436302348382
Shivpuri,2017,1945.1176,1519.6716928464111,1045.0479598370516,1994.2954258557706
Shivpuri,2018,2165.4299,1649.5329056212593,1174.909172801281,2124.156638441237
Shivpuri,2019,2655.8958,1917.6825221055772,1443.058789415089,2392.3062547960653
Shivpuri,2020,2346.1059,1861.068836777326,1386.4451041753769,2335.692569379275
Shivpuri,2021,2634.7596,2032.259663886599,1557.6359313451885,2506.8833964280093
Shivpuri,2022,2690.011,2117.8521323227396,1643.2283998227226,2592.4758648227566
Shivpuri,2023,2831.7675,2237.450648314123,1762.8269158424089,2712.0743807858375
Shivpuri,2024,2818.4818,2290.509734969579,1815.8860025172166,2765.133467421941
Shivpuri,2025,3280.1257,2547.666984555487,2073.043252116357,3022.290716994617
Sibsagar,2006,1415.69,1901.1654622923718,1651.5025403655675,2150.8283842191763
Sibsagar,2007,1641.44,1597.8201865713797,1348.1572646445754,1847.483108498184
Sibsagar,2008,2069.48,1640.5030780516738,1390.8401561248695,1890.165999978478
Sibsagar,2009,2124.46,1815.391567859279,1565.7286459324746,2065.054489786083
Sibsagar,2010,2201.85,2061.644376097106,1811.9814541703017,2311.3072980239103
Sibsagar,2011,2059.08,2134.6707830939663,1885.007861167162,2384.3337050207706
Sibsagar,2012,2344.73,2058.5034656584608,1808.8405437316565,2308.166387585265
Sibsagar,2013,2195.27,2266.3575542321373,2016.694632305333,2516.0204761589416
Sibsagar,2014,2102.63,2206.96545172911,1957.3025298023058,2456.6283736559144
Sibsagar,2015,2111.77,2150.5753004064686,1900.9123784796643,2400.238222333273
Sibsagar,2016,2394.9903,2111.9549725565403,1862.292050629736,2361.6178944833446
Sibsagar,2017,2386.8543,2285.1761611964157,2035.5132392696114,2534.83908312322
Sibsagar,2018,2515.3217,2333.409969716935,2083.7470477901306,2583.0728916437392
Sibsagar,2019,2567.8883,2439.2253352294674,2189.562413302663,2688.8882571562717
Sibsagar,2020,2642.2483,2511.0458028590915,2261.382880932287,2760.708724785896
Sibsagar,2021,2664.243,2592.0600242043643,2342.39710227756,2841.7229461311686
Sibsagar,2022,2731.3462,2632.2991036743188,2382.6361817475145,2881.962025601123
Sibsagar,2023,2793.2046,2688.8453132131845,2439.18239128638,2938.5082351399888
Sibsagar,2024,2826.9992,2752.6010626400325,2502.938140713228,3002.263984566837
Sibsagar,2025,3045.0091,2771.84766031256,2522.1847383857557,3021.5105822393643
Sidhi,2006,814.86,650.2197548787717,424.64928435573677,875.7902254018067
Sidhi,2007,432.3,555.5346547678196,329.96418424478463,781.1051252908545
Sidhi,2008,393.06,701.3631119504266,475.7926414273917,926.9335824734616
Sidhi,2009,630.58,488.29993552621136,262.7294650031764,713.8704060492463
Sidhi,2010,890.73,655.594377484088,430.02390696105306,881.1648480071229
Sidhi,2011,962.41,893.0366838469772,667.4662133239423,1118.6071543700123
Sidhi,2012,2058.23,761.4580824496225,535.8876119265875,987.0285529726574
Sidhi,2013,1485.59,1390.1112755902896,1164.5408050672545,1615.6817461133246
Sidhi,2014,1260.0,1123.9045002738592,898.3340297508242,1349.474970796894
Sidhi,2015,1163.81,1171.3940631020525,945.8235925790176,1396.9645336250874
Sidhi,2016,1536.1155,1322.889762504431,1097.319291981396,1548.460233027466
Sidhi,2017,1685.4629,1425.593560025839,1200.023089502804,1651.164030548874
Sidhi,2018,1985.3865,1598.7618994233949,1373.1914289003598,1824.33236994643
Sidhi,2019,1843.0052,1662.5365790561557,1436.9661085331209,1888.1070495791905
Sidhi,2020,1877.5247,1712.556372191333,1486.985901668298,1938.1268427143677
Sidhi,2021,2341.5149,1908.5918416962816,1683.0213711732467,2134.1623122193164
Sidhi,2022,2394.6166,2058.552134417044,1832.9816638940088,2284.122604940079
Sidhi,2023,2470.0894,2180.607978496364,1955.037507973329,2406.178449019399
Sidhi,2024,2543.4947,2284.694926796853,2059.124456273818,2510.265397319888
Sidhi,2025,2539.4334,2350.0466045178023,2124.476133994767,2575.6170750408373
Singhbhum,2006,1671.28,1276.466121266208,790.8277955236003,1762.1044470088154
Singhbhum,2007,1705.0,1383.3286487184273,897.6903229758229,1868.9669744610317
Singhbhum,2008,1528.48,1564.489545225621,1078.851219483018,2050.1278709682238
Singhbhum,2009,903.75,1218.265697230877,732.6273714882747,1703.9040229734796
Singhbhum,2010,593.2,1250.3962578209146,764.7579320783124,1736.0345835635167
Singhbhum,2011,1913.67,1155.5290268471467,669.8907011045446,1641.1673525897488
Singhbhum,2012,1960.28,1264.046333546528,778.408007803926,1749.6846592891302
Singhbhum,2013,2170.67,1429.4833461622047,943.8450204196026,1915.1216719048068
Singhbhum,2014,2288.57,1810.842581917772,1325.2042561751698,2296.4809076603738
Singhbhum,2015,1005.7,2026.9124853163503,1541.2741595737482,2512.550811058952
Singhbhum,2016,1649.1272,1547.5183420750022,1061.8800163324001,2033.1566678176043
Singhbhum,2017,1570.5071,1571.660367491238,1086.022041748636,2057.29869323384
Singhbhum,2018,2082.2767,1543.1955579613168,1057.5572322187147,2028.833883703919
Singhbhum,2019,1822.7222,1728.1887792732866,1242.5504535306845,2213.8271050158887
Singhbhum,2020,2123.9438,1739.5211937110225,1253.8828679684204,2225.1595194536244
Singhbhum,2021,1993.7457,1865.8541960063499,1380.2158702637478,2351.4925217489517
Singhbhum,2022,2183.1619,1892.1342216038697,1406.4958958612676,2377.7725473464716
Singhbhum,2023,2015.4036,1986.20029514319,1500.561969400588,2471.838620885792
Singhbhum,2024,2070.9092,1980.8965651896794,1495.2582394470774,2466.5348909322815
Singhbhum,2025,2018.3772,2000.1896838332289,1514.5513580906268,2485.828009575831
Sirmaur,2006,2253.28,1453.33419330566,778.490421602761,2128.177965008559
Sirmaur,2007,2275.31,1663.0654179778685,988.221648526077,2337.90918742966
Sirmaur,2008,1357.77,1873.3774970428403,1198.5337290023374,2548.2212650833435
Sirmaur,2009,1124.34,1498.073537371407,823.2297702156842,2172.9173045271295
Sirmaur,2010,1184.07,1598.0010781065603,923.1573115055335,2272.844844707587
Sirmaur,2011,1000.0,1566.2418476697276,891.3980814164566,2241.0856139229986
Sirmaur,2012,1194.69,1419.9285413814432,745.0847753461912,2094.772307416695
Sirmaur,2013,1184.31,1381.8977434227909,707.0539775242215,2056.7415093213604
Sirmaur,2014,1300.18,1273.2178226303258,598.3740568174471,1948.0615884432045
Sirmaur,2015,1182.5,1270.5623212555656,595.7185554964091,1945.4060870147223
Sirmaur,2016,883.3437,1192.082550964623,517.2387852391463,1866.9263166900996
Sirmaur,2017,814.6762,1111.780591041349,436.93682533698745,1786.6243567457104
Sirmaur,2018,510.1635,1068.5154392521154,393.6716735609915,1743.359204943239
Sirmaur,2019,652.5873,905.2834911437212,230.4397254608965,1580.1272568265458
Sirmaur,2020,495.6081,849.5981804311232,174.75441475350135,1524.441946108745
Sirmaur,2021,342.0205,772.3441827392071,97.50041706484717,1447.187948413567
Sirmaur,2022,120.789,689.1071007399951,14.263335067680146,1363.95086641231
Sirmaur,2023,24.2428,558.858531867606,-115.98523380342692,1233.702297538639
Sirmaur,2024,15.8143,422.6918862141929,-252.15187945603623,1097.535651884422
Sirohi,2006,1000.0,1100.969211990804,620.7354636798835,1581.2029603017245
Sirohi,2015,1000.0,1135.8401327818578,656.268005921374,1615.4122596423417
Sirohi,2016,1000.0,1097.87068515403,618.8949857728458,1576.8463845352144
Sirohi,2017,1000.0,1103.5021354648848,625.0668541637524,1581.9374167660171
Sirohi,2018,1000.0,1104.2937070999733,626.3503710020881,1582.2370431978584
Sirohi,2019,1000.0,1105.5174428751388,628.0238213949734,1583.0110643553044
Sirohi,2020,1000.0,1108.5369303268226,631.4560073483973,1585.617853305248
Sirohi,2021,1000.0,1110.5413113880213,633.8404606424914,1587.2421621335511
Sirohi,2022,1000.0,1112.8475349404075,636.497852205913,1589.197217674902
Sirohi,2023,1000.0,1116.159384246348,640.135141890431,1592.1836266022651
Sirohi,2024,1000.0,1117.5535111370332,641.8317090542537,1593.2753132198127
Sirohi,2025,1000.0,1121.803913604443,646.3639068033516,1597.2439204055345
Sitapur,2006,1620.04,1419.000329271341,997.4464662582245,1840.5541922844573
Sitapur,2007,1748.73,1577.9367755443527,1156.3829125312363,1999.490638557469
Sitapur,2008,1735.98,1963.1581219413256,1541.6042589282092,2384.711984954442
Sitapur,2009,1839.41,1464.4875373284558,1042.9336743153394,1886.0414003415722
Sitapur,2010,1976.23,1928.2572059014637,1506.7033428883474,2349.81106891458
Sitapur,2011,2221.17,2027.8643352523723,1606.310472239256,2449.4181982654886
Sitapur,2012,2394.99,2021.5284074284118,1599.9745444152954,2443.082270441528
Sitapur,2013,2439.02,2370.9651700128143,1949.411306999698,2792.5190330259306
Sitapur,2014,2333.07,2230.5808122361796,1809.0269492230632,2652.134675249296
Sitapur,2015,2158.05,2345.879238493657,1924.3253754805405,2767.4331015067733
Sitapur,2016,2535.422,2150.8740127694655,1729.320149756349,2572.427875782582
Sitapur,2017,2585.7559,2377.4925152377127,1955.9386522245964,2799.046378250829
Sitapur,2018,2767.6344,2527.7270529980487,2106.1731899849324,2949.280916011165
Sitapur,2019,2757.8885,2640.333148266891,2218.7792852537746,3061.8870112800073
Sitapur,2020,2866.4797,2708.1639621095164,2286.6100990964,3129.717825122633
Sitapur,2021,2997.9686,2809.972739692834,2388.4188766797174,3231.52660270595
Sitapur,2022,3145.68,2936.3589427705083,2514.805079757392,3357.9128057836247
Sitapur,2023,3116.544,3022.825218936063,2601.2713559229464,3444.379081949179
Sitapur,2024,3180.1705,3061.141048934058,2639.5871859209415,3482.694911947174
Sitapur,2025,3366.4941,3153.6982842362886,2732.1444212231722,3575.252147249405
Solan,2006,2369.33,1899.1267713693235,1406.158184306937,2392.09535843171
Solan,2007,2328.74,2157.0907379899986,1664.1221509276124,2650.059325052385
Solan,2008,2481.22,2282.8907240723083,1789.9221370099222,2775.8593111346945
Solan,2009,2395.18,2030.5264480239043,1537.5578609615181,2523.4950350862905
Solan,2010,2520.68,2409.634733840355,1916.6661467779686,2902.603320902741
Solan,2011,2520.78,2477.6377795749677,1984.6691925125815,2970.606366637354
Solan,2012,2545.01,2461.8142981088135,1968.8457110464274,2954.7828851711997
Solan,2013,2525.13,2516.4771834513804,2023.5085963889942,3009.4457705137665
Solan,2014,2776.65,2542.0419026446725,2049.0733155822863,3035.0104897070587
Solan,2015,2523.08,2586.191269143688,2093.2226820813016,3079.159856206074
Solan,2016,2650.3093,2544.193650150145,2051.225063087759,3037.162237212531
Solan,2017,2682.7313,2580.764647012435,2087.796059950049,3073.733234074821
Solan,2018,2721.3763,2605.6000352606425,2112.6314481982563,3098.5686223230286
Solan,2019,2760.4186,2635.676663822043,2142.7080767596567,3128.645250884429
Solan,2020,2799.1389,2670.0982121569486,2177.1296250945625,3163.066799219335
Solan,2021,2838.9794,2704.535088296461,2211.5665012340746,3197.503675358847
Solan,2022,2856.9254,2776.466233099696,2283.49764603731,3269.4348201620824
Solan,2023,2870.3841,2832.515221622285,2339.546634559899,3325.483808684671
Solan,2024,2979.6861,2716.591718494479,2223.623131432093,3209.5603055568654
Solan,2025,2979.8988,2871.847516104985,2378.878929042599,3364.8161031673712
Solapur,2006,250.0,631.2413235913878,-199.56427208414948,1462.046919266925
Solapur,2007,1100.0,297.0315030887871,-533.7740925867502,1127.8370987643243
Solapur,2008,1000.0,744.7007932789707,-86.10480239656658,1575.5063889545079
Solapur,2009,100.0,278.08097177308923,-552.724623902448,1108.8865674486265
Solapur,2010,328.57,695.9395731866111,-134.8660224889261,1526.7451688621484
Solapur,2011,285.71,387.34051408771984,-443.4650815878174,1218.146109763257
Solapur,2012,225.0,117.00509140527925,-713.800504270258,947.8106870808165
Solapur,2013,250.0,508.3000700534658,-322.50552562207145,1339.105665729003
Solapur,2014,250.0,267.2899631850619,-563.5156324904754,1098.095558860599
Solapur,2016,285.8339,-8.763717966052809,-839.56931364159,822.0418777094844
Solapur,2018,16.1731,150.90494403391995,-679.9006516416173,981.7105397094572
Solapur,2019,24.7559,28.27593720116556,-802.5296584743717,859.0815328767028
Solapur,2020,257.4926,-88.74488641201879,-919.550482087556,742.0607092635184
Solapur,2022,72.674,74.16472111203484,-756.6408745635024,904.9703167875721
South Arcot / Cuddalore,2006,3550.84,2873.82326332049,2054.6558647288616,3692.990661912118
South Arcot / Cuddalore,2007,3285.46,3308.6439533104704,2489.476554718842,4127.811351902099
South Arcot / Cuddalore,2008,2652.75,3191.428690355629,2372.261291764001,4010.596088947257
South Arcot / Cuddalore,2009,3041.85,2874.46798572325,2055.300587131622,3693.635384314878
South Arcot / Cuddalore,2010,3061.22,3084.94954453065,2265.782145939022,3904.1169431222784
South Arcot / Cuddalore,2011,2869.8,2993.631072902194,2174.4636743105657,3812.798471493822
South Arcot / Cuddalore,2012,3233.66,2904.7231959395826,2085.5557973479545,3723.890594531211
South Arcot / Cuddalore,2013,4573.46,3134.7506904013644,2315.5832918097362,3953.9180889929926
South Arcot / Cuddalore,2014,4816.27,3905.195503757144,3086.0281051655156,4724.362902348772
South Arcot / Cuddalore,2015,3972.94,4339.162897379752,3519.995498788124,5158.33029597138
South Arcot / Cuddalore,2016,4209.1586,4226.21551512897,3407.0481165373417,5045.382913720598
South Arcot / Cuddalore,2017,4472.7843,4217.136060935575,3397.968662343947,5036.303459527204
South Arcot / Cuddalore,2018,4465.918,4359.982821059636,3540.815422468008,5179.150219651265
South Arcot / Cuddalore,2019,4821.4007,4419.975750099058,3600.80835150743,5239.143148690686
South Arcot / Cuddalore,2020,4967.6809,4644.782056217175,3825.6146576255464,5463.949454808802
South Arcot / Cuddalore,2021,4999.6833,4825.369978995601,4006.2025804039727,5644.537377587229
South Arcot / Cuddalore,2022,4786.2288,4922.188121355637,4103.020722764009,5741.355519947265
South Arcot / Cuddalore,2023,5394.8218,4847.434273612395,4028.266875020767,5666.601672204024
South Arcot / Cuddalore,2024,5444.4457,5153.704472623251,4334.537074031623,5972.871871214878
South Arcot / Cuddalore,2025,6095.0713,5317.836286481935,4498.668887890306,6137.003685073563
Srikakulam,2006,2496.33,2169.704432435008,1638.4648268144008,2700.9440380556152
Srikakulam,2007,3014.59,2407.2519310418425,1876.0123254212351,2938.49153666245
Srikakulam,2008,2104.12,2605.5673805468305,2074.3277749262234,3136.8069861674376
Srikakulam,2009,2128.29,2053.429592299757,1522.1899866791498,2584.6691979203642
Srikakulam,2010,1282.12,2585.8341632605375,2054.59455763993,3117.073768881145
Srikakulam,2011,1971.75,1557.3964967973725,1026.1568911767652,2088.6361024179796
Srikakulam,2012,2537.01,1840.5243164852654,1309.284710864658,2371.7639221058726
Srikakulam,2013,1914.64,2022.506288652873,1491.2666830322657,2553.74589427348
Srikakulam,2014,2251.58,1953.8890035958357,1422.6493979752283,2485.128609216443
Srikakulam,2015,2459.96,2347.8577009249234,1816.618095304316,2879.097306545531
Srikakulam,2016,2082.2291,2303.0111607506587,1771.7715551300514,2834.250766371266
Srikakulam,2017,2338.2007,2234.5693126144524,1703.329706993845,2765.8089182350595
Srikakulam,2018,2131.4837,2238.084334358272,1706.8447287376646,2769.323939978879
Srikakulam,2019,1804.5864,2107.041722340604,1575.8021167199965,2638.281327961211
Srikakulam,2020,1968.7211,1976.9044967251411,1445.6648911045338,2508.1441023457483
Srikakulam,2021,1688.8613,1906.950419993561,1375.7108143729536,2438.190025614168
Srikakulam,2022,1701.9453,1789.0545110803432,1257.8149054597359,2320.2941167009503
Srikakulam,2023,1679.1265,1731.8346730839194,1200.595067463312,2263.0742787045265
Srikakulam,2024,1937.5196,1751.3328155649042,1220.0932099442969,2282.5724211855113
Srikakulam,2025,1970.4192,1847.9617952378003,1316.722189617193,2379.2014008584074
Sultanpur,2006,1784.3,1997.9386310618042,1638.0539623324328,2357.823299791176
Sultanpur,2007,2056.11,1954.6174613699418,1594.7327926405703,2314.5021300993135
Sultanpur,2008,2197.97,2057.021111817475,1697.1364430881033,2416.9057805468465
Sultanpur,2009,2272.5,1960.314150798487,1600.4294820691155,2320.1988195278586
Sultanpur,2010,2272.28,2261.278698609831,1901.3940298804594,2621.1633673392025
Sultanpur,2011,2376.39,2317.329213711624,1957.4445449822526,2677.213882440996
Sultanpur,2012,2554.09,2274.5202044548896,1914.6355357255181,2634.4048731842613
Sultanpur,2013,2367.79,2833.832443772781,2473.9477750434094,3193.7171125021528
Sultanpur,2014,1677.64,2368.3086225901648,2008.4239538607933,2728.1932913195365
Sultanpur,2015,2039.13,1746.5781327243303,1386.6934639949588,2106.462801453702
Sultanpur,2016,2152.1031,1954.825281459318,1594.9406127299465,2314.7099501886896
Sultanpur,2017,2295.4127,2112.71755473957,1752.8328860101985,2472.6022234689417
Sultanpur,2018,2182.6452,2261.5978188763056,1901.7131501469341,2621.4824876056773
Sultanpur,2019,2240.9133,2205.2811891971396,1845.3965204677681,2565.1658579265113
Sultanpur,2020,2179.5558,2239.2304130380435,1879.345744308672,2599.115081767415
Sultanpur,2021,2270.6315,2197.609259637774,1837.7245909084024,2557.4939283671456
Sultanpur,2022,2229.276,2260.482147291752,1900.5974785623805,2620.3668160211237
Sultanpur,2023,2494.9078,2239.407786161715,1879.5231174323437,2599.292454891087
Sultanpur,2024,2345.2613,2445.322560132469,2085.437891403097,2805.2072288618406
Sultanpur,2025,2364.4737,2372.916265009966,2013.0315962805946,2732.800933739338
Sundargarh,2006,1233.74,1101.1848656817012,843.9248116976787,1358.4449196657238
Sundargarh,2007,1410.3,1091.3688379965524,834.1087880102351,1348.6288879828699
Sundargarh,2008,1375.94,1122.0207657093736,864.7607184137396,1379.2808130050075
Sundargarh,2009,719.39,946.9010368775153,689.6409913928644,1204.161082362166
Sundargarh,2010,661.98,875.2577550639348,617.997710798179,1132.5177993296907
Sundargarh,2011,1793.94,935.0698144008397,677.8097709554696,1192.32985784621
Sundargarh,2012,2320.75,1107.6906150353757,850.430572142172,1364.9506579285794
Sundargarh,2013,1951.71,1425.5160994027824,1168.2560568812182,1682.7761419243466
Sundargarh,2014,2535.06,1519.0198382854196,1261.75979601399,1776.2798805568493
Sundargarh,2015,1172.1,1516.3631707903987,1259.103128687324,1773.6232128934735
Sundargarh,2016,2138.0451,1452.0958311143586,1194.8357891245962,1709.355873104121
Sundargarh,2017,2264.5221,1555.7475171064898,1298.487475192993,1813.0075590199865
Sundargarh,2018,2173.1216,1635.8458323130399,1378.5857904508744,1893.1058741752054
Sundargarh,2019,2386.4269,1723.8252624451293,1466.5652206175125,1981.085304272746
Sundargarh,2020,2541.6917,1826.9314889115863,1569.6714471072228,2084.1915307159497
Sundargarh,2021,2410.1662,1903.0155033251517,1645.7554615364393,2160.275545113864
Sundargarh,2022,2433.6247,1961.4871350510075,1704.2270932728288,2218.747176829186
Sundargarh,2023,2716.0368,2046.5288218287833,1789.2687800576946,2303.788863599872
Sundargarh,2024,2834.3335,2146.189524569986,1888.9294828036693,2403.449566336303
Sundargarh,2025,3021.038,2257.878296638914,2000.6182548758088,2515.138338402019
Surat,2006,2041.18,2131.935655450561,1683.5351025027849,2580.3362083983375
Surat,2007,1997.74,1948.2282517922777,1499.8276988445014,2396.628804740054
Surat,2008,2085.71,1857.8594558467157,1409.4589028989394,2306.260008794492
Surat,2009,2212.32,2022.6915232663896,1574.2909703186133,2471.092076214166
Surat,2010,2213.44,2241.302059097149,1792.9015061493728,2689.7026120449254
Surat,2011,2462.05,2105.7639455507096,1657.3633926029333,2554.164498498486
Surat,2012,2448.06,2244.359320574109,1795.9587676263327,2692.7598735218853
Surat,2013,2432.11,2420.864086186385,1972.4635332386088,2869.2646391341614
Surat,2014,2397.99,2326.3418916511573,1877.941338703381,2774.7424445989336
Surat,2015,2181.89,2343.2853161503826,1894.8847632026063,2791.685869098159
Surat,2016,2526.0076,2386.7153311872235,1938.3147782394472,2835.1158841349998
Surat,2017,2513.9238,2414.4795669254727,1966.0790139776964,2862.880119873249
Surat,2018,2506.9203,2423.5633276579038,1975.1627747101275,2871.96388060568
Surat,2019,2586.8943,2487.9541382332545,2039.5535852854782,2936.354691181031
Surat,2020,2666.0154,2560.4545790230177,2112.0540260752414,3008.855131970794
Surat,2021,2626.0561,2548.6231113985486,2100.2225584507723,2997.023664346325
Surat,2022,2657.2784,2573.6061375580102,2125.205584610234,3022.0066905057865
Surat,2023,2772.2023,2664.0120275433355,2215.6114745955592,3112.412580491112
Surat,2024,2771.2903,2682.536800268388,2234.136247320612,3130.9373532161644
Surat,2025,2899.7772,2785.8196313883964,2337.41907844062,3234.2201843361727
Surendranagar,2006,1800.0,1815.193420164721,1214.7537538545957,2415.633086474846
Surendranagar,2007,1875.0,1905.2512531843213,1304.811586874196,2505.6909194944465
Surendranagar,2008,1111.11,1873.0425898770345,1272.6029235669093,2473.4822561871597
Surendranagar,2009,1000.0,1294.524704676891,694.0850383667656,1894.964370987016
Surendranagar,2011,2400.0,1259.4598846127647,659.0202183026394,1859.8995509228898
Surendranagar,2012,2000.0,1800.0834791564375,1199.6438128463124,2400.5231454665627
Surendranagar,2013,1565.22,2095.733281525816,1495.2936152156908,2696.172947835941
Surendranagar,2015,2515.15,1696.9995687344808,1096.5599024243556,2297.439235044606
Surendranagar,2016,2039.6114,2140.4185363864017,1539.9788700762765,2740.858202696527
Surendranagar,2017,2165.0198,2081.5399725977695,1481.1003062876443,2681.9796389078947
Surendranagar,2018,2322.2141,2125.683058213943,1525.2433919038176,2726.122724524068
Surendranagar,2019,2375.3794,2235.236851820542,1634.797185510417,2835.6765181306673
Surendranagar,2020,2439.0291,2312.9327111159373,1712.4930448058121,2913.3723774260625
Surendranagar,2021,2362.1299,2385.248179174986,1784.8085128648609,2985.687845485111
Surendranagar,2022,2203.2038,2375.154577191259,1774.7149108811336,2975.594243501384
Surendranagar,2023,2274.508,2277.2058959941314,1676.7662296840062,2877.6455623042566
Surendranagar,2024,2400.9477,2273.4668802941715,1673.0272139840463,2873.9065466042966
Surendranagar,2025,2658.6743,2340.5504374198817,1740.1107711097566,2940.990103730007
Surguja,2006,1054.18,1081.9177122746214,840.4270626365611,1323.4083619126816
Surguja,2007,1143.27,1026.562606065319,785.0719564272711,1268.0532557033669
Surguja,2008,1176.01,944.5500901436408,703.0594405055988,1186.0407397816828
Surguja,2009,720.05,861.3270408945486,619.8363912565094,1102.817690532588
Surguja,2010,1075.9,1131.1782865572495,889.6876369192116,1372.6689361952874
Surguja,2011,1405.53,1070.2437487297448,828.7530990917074,1311.734398367782
Surguja,2012,1632.47,1200.0667090740908,958.5760594360538,1441.5573587121278
Surguja,2013,1704.2,1378.423311249806,1136.932661611769,1619.913960887843
Surguja,2014,1801.22,1385.471935070057,1143.9812854320203,1626.9625847080938
Surguja,2015,1193.82,1407.0898745612676,1165.5992249232308,1648.5805241993044
Surguja,2016,1612.5902,1448.120004369228,1206.6293547311911,1689.6106540072647
Surguja,2017,1844.6353,1554.6843298223478,1313.193680184311,1796.1749794603845
Surguja,2018,1886.0636,1641.822585973783,1400.3319363357461,1883.3132356118197
Surguja,2019,1934.8517,1716.8884846751444,1475.3978350371076,1958.379134313181
Surguja,2020,1877.5402,1750.9746555628865,1509.4840059248497,1992.4653052009232
Surguja,2021,2162.1018,1861.851546364248,1620.3608967262112,2103.3421960022847
Surguja,2022,2020.9393,1895.878947986168,1654.3882983481312,2137.3695976242047
Surguja,2023,2229.1157,1982.720697367089,1741.2300477290523,2224.211347005126
Surguja,2024,2215.1712,2039.1167744208956,1797.6261247828588,2280.6074240589323
Surguja,2025,2262.9051,2092.4438987421063,1850.9532491040695,2333.934548380143
Swami Madhopur,2006,2336.9,1272.4649776886413,559.831509538442,1985.0984458388407
Swami Madhopur,2007,989.69,1169.5772647086617,456.9438961875878,1882.2106332297355
Swami Madhopur,2008,1916.33,1277.76227088104,565.1289733088386,1990.3955684532414
Swami Madhopur,2009,1078.26,795.1587603425303,82.52551329516007,1507.7920073899004
Swami Madhopur,2010,1431.45,1452.001444873525,739.3682338064217,2164.6346559406284
Swami Madhopur,2011,1411.48,1585.3009391290116,872.667753684555,2297.934124573468
Swami Madhopur,2012,1497.74,1338.3546185872942,625.7214513895098,2050.987785785079
Swami Madhopur,2013,1518.99,1644.334322836949,931.7011686331805,2356.9674770407173
Swami Madhopur,2014,1554.01,1394.7714236472248,682.138278696895,2107.4045685975543
Swami Madhopur,2015,1711.0,1366.0713721608045,653.4382338001337,2078.704510521475
Swami Madhopur,2016,1514.8518,1514.7328862026093,802.0997525346381,2227.36601987058
Swami Madhopur,2017,1461.0899,1517.751393565155,805.1182632390002,2230.38452389131
Swami Madhopur,2018,1393.3162,1508.1927466403445,795.5596186940003,2220.8258745866888
Swami Madhopur,2019,1401.5129,1509.7212382377816,797.088111986174,2222.354364489389
Swami Madhopur,2020,1389.9517,1507.031296237938,794.3981711932049,2219.6644212826714
Swami Madhopur,2021,1078.3472,1423.2580361360606,710.62491195078,2135.891160321341
Swami Madhopur,2022,1553.2065,1512.8433413330554,800.2102177598175,2225.476464906293
Swami Madhopur,2023,1188.4738,1439.5312129272927,726.8980897899094,2152.164336064676
Swami Madhopur,2024,1280.5174,1442.0907351850994,729.4576123581018,2154.723858012097
Swami Madhopur,2025,1407.2669,1467.8103751831957,755.177252577233,2180.4434977891583
Tehri Garhwal,2006,1451.47,1560.5434283572463,1259.539188832579,1861.5476678819136
Tehri Garhwal,2007,1595.93,1503.2934447407201,1202.2892052160605,1804.2976842653798
Tehri Garhwal,2008,1636.78,1557.7840232624894,1256.779783737832,1858.7882627871468
Tehri Garhwal,2009,1229.47,1253.944602186336,952.9403626616793,1554.9488417109926
Tehri Garhwal,2010,1461.4,1585.3260762500136,1284.3218367253571,1886.33031577467
Tehri Garhwal,2011,1487.08,1437.2205030124164,1136.21626348776,1738.2247425370729
Tehri Garhwal,2012,1441.04,1352.9491826913363,1051.94494316668,1653.9534222159925
Tehri Garhwal,2013,1550.66,1492.49465585783,1191.4904163331737,1793.4988953824861
Tehri Garhwal,2014,1682.02,1498.8308791154518,1197.8266395907956,1799.835118640108
Tehri Garhwal,2015,1709.37,1580.1629118801807,1279.1586723555245,1881.1671514048369
Tehri Garhwal,2016,1648.5572,1623.352747974397,1322.3485084497408,1924.3569874990533
Tehri Garhwal,2017,1636.1447,1653.0418536854404,1352.0376141607842,1954.0460932100966
Tehri Garhwal,2018,1661.6495,1640.5061951054631,1339.501955580807,1941.5104346301193
Tehri Garhwal,2019,1701.0036,1636.5908149351644,1335.5865754105082,1937.5950544598206
Tehri Garhwal,2020,1658.3615,1702.4541190705254,1401.4498795458692,2003.4583585951816
Tehri Garhwal,2021,1720.1331,1655.4486471367718,1354.4444076121156,1956.452886661428
Tehri Garhwal,2022,1717.3647,1696.9922544681394,1395.9880149434832,1997.9964939927956
Tehri Garhwal,2023,1728.954,1709.77512381433,1408.7708842896739,2010.7793633389863
Tehri Garhwal,2024,1737.2776,1724.0134081086417,1423.0091685839855,2025.0176476332979
Tehri Garhwal,2025,1819.2765,1690.4047462344624,1389.4005067098062,1991.4089857591187
Thane,2006,1835.95,2244.8798945374274,1525.0748884904528,2964.684900584402
Thane,2007,2199.5,2268.3917969820836,1548.58684435726,2988.1967496069074
Thane,2008,2157.89,2100.044819612783,1380.2399046974874,2819.849734528079
Thane,2009,2097.84,1805.1867011376594,1085.381812840701,2524.9915894346177
Thane,2010,2028.78,2380.585015877827,1660.7801463701785,3100.3898853854757
Thane,2011,2450.0,2366.189746336138,1646.384890091459,3085.9946025808167
Thane,2012,2599.86,2027.5844554835876,1307.7796086009548,2747.3893023662204
Thane,2013,2392.55,2334.348469783795,1614.5436295096301,3054.1533100579595
Thane,2014,2475.15,2058.9046511208358,1339.099815511447,2778.7094867302244
Thane,2015,2289.02,1858.3115738842157,1138.506741567593,2578.1164062008384
Thane,2016,2606.7356,2236.5505580143395,1516.74572802201,2956.355388006669
Thane,2017,2660.768,2266.753141168438,1546.9483128167776,2986.5579695200986
Thane,2018,2875.6669,2475.578623515881,1755.773796322334,3195.3834507094284
Thane,2019,2690.9364,2251.1512896033023,1531.3464632272426,2970.956115979362
Thane,2020,2758.1597,2306.826638626763,1587.0218128277502,3026.6314644257754
Thane,2021,2877.9086,2421.404696704692,1701.5998713130045,3141.2095220963793
Thane,2022,2924.5168,2457.358151640933,1737.5533265367676,3177.1629767450986
Thane,2023,2990.1682,2515.706365221699,1795.9015403204892,3235.5111901229084
Thane,2024,2999.3565,2513.863295662904,1794.0584709049565,3233.6681204208517
Thane,2025,3105.5497,2619.1838457184376,1899.3790210616157,3338.9886703752595
Thanjavur,2006,3595.75,1852.2010747742447,934.7455343089816,2769.656615239508
Thanjavur,2007,2421.46,3281.422961343478,2363.9674208782153,4198.878501808741
Thanjavur,2008,1583.66,2635.2769913265975,1717.8214508613344,3552.7325317918603
Thanjavur,2009,2794.29,1420.8979328113019,503.4423923460389,2338.3534732765647
Thanjavur,2010,2299.56,2819.796395898523,1902.3408554332598,3737.2519363637857
Thanjavur,2011,4027.91,2362.1858230899174,1444.7302826246546,3279.6413635551803
Thanjavur,2012,1854.48,3597.4737055121304,2680.0181650468676,4514.929245977393
Thanjavur,2013,4564.48,2341.791573491249,1424.3360330259861,3259.247113956512
Thanjavur,2014,4039.75,4107.169948950494,3189.7144084852307,5024.625489415756
Thanjavur,2015,3092.72,4045.8828924471463,3128.4273519818835,4963.338432912409
Thanjavur,2016,3600.9621,3204.3300678394285,2286.874527374165,4121.785608304692
Thanjavur,2017,3623.498,3524.2631135004467,2606.807573035184,4441.71865396571
Thanjavur,2018,3686.6307,3603.6141720258533,2686.15863156059,4521.069712491117
Thanjavur,2019,4130.0011,3631.009992612738,2713.5544521474753,4548.4655330780015
Thanjavur,2020,4434.2816,4003.291875929112,3085.8363354638486,4920.747416394375
Thanjavur,2021,4335.9959,4362.954572356611,3445.499031891348,5280.410112821874
Thanjavur,2022,4215.1702,4360.945878649557,3443.490338184294,5278.40141911482
Thanjavur,2023,4508.9783,4221.826830501559,3304.371290036296,5139.282370966822
Thanjavur,2024,4217.2934,4487.053832334219,3569.598291868956,5404.509372799482
Thanjavur,2025,5059.2341,4193.010209614116,3275.5546691488535,5110.465750079379
The Nilgiris,2006,3200.0,3131.6391173847933,1968.9065926359708,4294.371642133616
The Nilgiris,2007,3864.86,3158.453068240059,1995.7205434912366,4321.185592988882
The Nilgiris,2008,3910.26,3897.4496846628454,2734.717159914023,5060.182209411668
The Nilgiris,2009,3490.2,3976.104537458014,2813.3720127091915,5138.837062206836
The Nilgiris,2010,3589.74,3415.759672965492,2253.0271482166695,4578.492197714315
The Nilgiris,2011,4125.0,3569.327469239087,2406.5949444902644,4732.059993987909
The Nilgiris,2012,3965.52,4032.8461843695495,2870.113659620727,5195.578709118372
The Nilgiris,2013,4303.03,3921.935709100359,2759.2031843515365,5084.668233849181
The Nilgiris,2014,5000.0,4343.608792462953,3180.8762677141303,5506.341317211775
The Nilgiris,2015,4437.5,5082.457067524403,3919.7245427755806,6245.189592273226
The Nilgiris,2016,4736.6595,4395.361275420886,3232.6287506720637,5558.093800169709
The Nilgiris,2017,5007.6995,4745.526354441433,3582.7938296926104,5908.258879190255
The Nilgiris,2018,5108.8114,4975.810462614592,3813.07793786577,6138.542987363415
The Nilgiris,2019,5198.7725,5084.324538580675,3921.5920138318525,6247.057063329497
The Nilgiris,2020,5379.1259,5200.899599066663,4038.16707431784,6363.632123815485
The Nilgiris,2021,5481.1159,5354.296513012102,4191.5639882632795,6517.029037760924
The Nilgiris,2022,5674.0128,5485.732897443415,4323.000372694592,6648.465422192237
The Nilgiris,2023,5836.4163,5665.145845528137,4502.413320779315,6827.87837027696
The Nilgiris,2024,5814.2798,5777.687434760369,4614.954910011546,6940.419959509191
The Nilgiris,2025,5939.4445,5807.406065033218,4644.673540284395,6970.13858978204
Thirunelveli,2006,4231.68,4137.690799390091,3503.8511505506303,4771.530448229552
Thirunelveli,2007,3819.2,4050.353604982267,3416.513956142806,4684.193253821728
Thirunelveli,2008,4241.73,3982.5602903266827,3348.7206414872217,4616.399939166144
Thirunelveli,2009,4288.04,3904.2028065302147,3270.3631576907537,4538.042455369676
Thirunelveli,2010,4422.77,4427.77031200891,3793.930663169449,5061.609960848371
Thirunelveli,2011,3634.62,4229.806991201749,3595.967342362288,4863.64664004121
Thirunelveli,2012,4010.27,3730.9308257987486,3097.0911769592876,4364.77047463821
Thirunelveli,2013,5653.83,3935.9023880390832,3302.0627391996222,4569.742036878544
Thirunelveli,2014,5117.01,4981.644681587995,4347.805032748534,5615.484330427456
Thirunelveli,2015,4809.17,5151.724333444268,4517.884684604807,5785.563982283729
Thirunelveli,2016,4935.0653,4979.6399153260245,4345.8002664865635,5613.4795641654855
Thirunelveli,2017,5168.1797,4952.002730510736,4318.163081671275,5585.842379350197
Thirunelveli,2018,5549.7918,5067.34622596644,4433.506577126979,5701.185874805901
Thirunelveli,2019,5379.9149,5369.657783951695,4735.818135112234,6003.497432791156
Thirunelveli,2020,5468.813,5382.304964601121,4748.46531576166,6016.144613440582
Thirunelveli,2021,5536.8814,5440.587107009648,4806.747458170187,6074.426755849109
Thirunelveli,2022,5928.9842,5485.529967302672,4851.690318463211,6119.369616142133
Thirunelveli,2023,5936.1792,5754.859831921746,5121.020183082285,6388.699480761207
Thirunelveli,2024,6116.8068,5861.65410871148,5227.814459872019,6495.493757550941
Thirunelveli,2025,6132.4694,6020.992273751944,5387.152624912483,6654.831922591405
Thiruvananthapuram,2006,2618.18,2478.9165783491144,2242.052514629628,2715.7806420686006
Thiruvananthapuram,2007,2501.74,2456.2633545985664,2219.39929087908,2693.1274183180526
Thiruvananthapuram,2008,2423.33,2473.042658597932,2236.178594878446,2709.9067223174184
Thiruvananthapuram,2009,2571.43,2339.96674338581,2103.1026796663236,2576.830807105296
Thiruvananthapuram,2010,2369.86,2694.6037378481296,2457.7396741286434,2931.467801567616
Thiruvananthapuram,2011,2558.33,2358.9584207102835,2122.094356990797,2595.8224844297697
Thiruvananthapuram,2012,2252.75,2371.300925539794,2134.436861820308,2608.1649892592804
Thiruvananthapuram,2013,2665.0,2386.5311046001243,2149.667040880638,2623.3951683196105
Thiruvananthapuram,2014,2660.29,2599.4477076092767,2362.5836438897904,2836.311771328763
Thiruvananthapuram,2015,2570.75,2669.1943877236563,2432.33032400417,2906.0584514431425
Thiruvananthapuram,2016,2525.0062,2547.1887675868547,2310.3247038673685,2784.052831306341
Thiruvananthapuram,2017,2599.5567,2519.074537820533,2282.2104741010467,2755.938601540019
Thiruvananthapuram,2018,2620.652,2563.0089848420666,2326.1449211225804,2799.873048561553
Thiruvananthapuram,2019,2585.2921,2599.361029179852,2362.4969654603656,2836.225092899338
Thiruvananthapuram,2020,2543.6308,2590.8335135782913,2353.969449858805,2827.6975772977776
Thiruvananthapuram,2021,2666.0151,2540.856034132626,2303.99197041314,2777.7200978521123
Thiruvananthapuram,2022,2578.666,2626.6868159417727,2389.8227522222865,2863.550879661259
Thiruvananthapuram,2023,2562.1312,2593.4119254416496,2356.5478617221634,2830.275989161136
Thiruvananthapuram,2024,2636.5347,2559.534128126523,2322.6700644070365,2796.398191846009
Thiruvananthapuram,2025,2556.5885,2613.7506383500668,2376.8865746305805,2850.614702069553
Thrissur,2006,2381.55,2335.947542186611,2129.9663220143657,2541.928762358856
Thrissur,2007,2431.61,2327.1753406430244,2121.194120470779,2533.1565608152696
Thrissur,2008,2574.65,2468.44363743824,2262.4624172659946,2674.424857610485
Thrissur,2009,2509.83,2538.2822628874983,2332.301042715253,2744.2634830597435
Thrissur,2010,2619.94,2514.1083624651283,2308.127142292883,2720.0895826373735
Thrissur,2011,2943.79,2569.107740799931,2363.1265206276857,2775.088960972176
Thrissur,2012,2925.11,2877.689838586298,2671.7086184140526,3083.671058758543
Thrissur,2013,2992.82,2847.0967384804526,2641.1155183082074,3053.077958652698
Thrissur,2014,3147.83,2983.4499131457032,2777.468692973458,3189.4311333179485
Thrissur,2015,3203.0,3149.658232531149,2943.677012358904,3355.6394527033945
Thrissur,2016,3330.6682,3145.0926276164637,2939.1114074442185,3351.073847788709
Thrissur,2017,3415.2198,3282.9530100183574,3076.971789846112,3488.9342301906026
Thrissur,2018,3528.4912,3374.403553272132,3168.4223330998866,3580.384773444377
Thrissur,2019,3584.0916,3498.099275488073,3292.118055315828,3704.0804956603183
Thrissur,2020,3747.3572,3542.0335771820232,3336.052357009778,3748.0147973542685
Thrissur,2021,3759.9555,3714.7755266803047,3508.7943065080594,3920.75674685255
Thrissur,2022,3870.9115,3744.6160294880756,3538.6348093158304,3950.597249660321
Thrissur,2023,3992.9385,3829.2710569958977,3623.2898368236524,4035.252277168143
Thrissur,2024,4078.1279,3951.278093954921,3745.296873782676,4157.259314127166
Thrissur,2025,4171.4799,4044.60087221219,3838.619652039945,4250.582092384435
Tikamgarh,2006,394.75,380.4147049671251,99.19617719529725,661.633232738953
Tikamgarh,2007,112.82,280.98162740904536,-0.23690036278247817,562.2001551808733
Tikamgarh,2008,373.64,445.9844178221765,164.76589005034867,727.2029455940044
Tikamgarh,2009,409.45,149.34162983048327,-131.87689794134457,430.5601576023111
Tikamgarh,2010,450.0,440.43032375937764,159.2117959875498,721.6488515312055
Tikamgarh,2011,726.5,664.0595833800176,382.8410556081897,945.2781111518455
Tikamgarh,2012,475.79,529.4117458584433,248.19321808661545,810.6302736302712
Tikamgarh,2013,351.45,686.7155599641023,405.4970321922745,967.9340877359302
Tikamgarh,2014,410.0,232.92936722019294,-48.28916055163489,514.1478949920208
Tikamgarh,2015,111.67,308.5657386900848,27.347210918256962,589.7842664619127
Tikamgarh,2016,326.0595,285.1781106543426,3.9595828825147805,566.3966384261705
Tikamgarh,2017,407.3715,349.52431761158687,68.30578983975903,630.7428453834148
Tikamgarh,2018,432.3146,393.48324196822705,112.26471419639921,674.7017697400549
Tikamgarh,2019,350.5814,375.73614479867683,94.517617026849,656.9546725705047
Tikamgarh,2020,362.3518,375.5535785254301,94.33505075360227,656.772106297258
Tikamgarh,2021,293.842,340.8381317258186,59.61960395399075,622.0566594976465
Tikamgarh,2022,360.7985,358.2386112714412,77.02008349961335,639.4571390432691
Tikamgarh,2023,421.3047,394.8676839792547,113.64915620742687,676.0862117510826
Tikamgarh,2024,341.6967,372.5699817899549,91.35145401812707,653.7885095617828
Tikamgarh,2025,359.2074,372.65091802211464,91.4323902502868,653.8694457939425
Tiruchirapalli / Trichy,2006,3727.38,2924.263998827656,2385.908224349719,3462.619773305593
Tiruchirapalli / Trichy,2007,3454.82,3759.5009780370374,3221.1452035591005,4297.856752514974
Tiruchirapalli / Trichy,2008,3727.25,3617.276068330924,3078.920293852987,4155.631842808861
Tiruchirapalli / Trichy,2009,3912.95,3236.9274591340977,2698.571684656161,3775.2832336120346
Tiruchirapalli / Trichy,2010,3981.63,4280.222234640603,3741.8664601626665,4818.578009118541
Tiruchirapalli / Trichy,2011,4412.36,3823.1759698573323,3284.8201953793955,4361.531744335269
Tiruchirapalli / Trichy,2012,3032.89,4148.989993274683,3610.634218796746,4687.34576775262
Tiruchirapalli / Trichy,2013,5094.65,3180.182931927402,2641.827157449465,3718.538706405339
Tiruchirapalli / Trichy,2014,4849.1,5211.233788157686,4672.878013679749,5749.589562635623
Tiruchirapalli / Trichy,2015,4380.47,5059.046666237073,4520.690891759135,5597.40244071501
Tiruchirapalli / Trichy,2016,4496.194,4115.7257539987695,3577.3699795208327,4654.081528476707
Tiruchirapalli / Trichy,2017,4927.7118,4496.637197090624,3958.281422612687,5034.992971568561
Tiruchirapalli / Trichy,2018,4867.6708,4912.677075610634,4374.321301132697,5451.032850088572
Tiruchirapalli / Trichy,2019,5129.4315,4863.335363733153,4324.979589255216,5401.69113821109
Tiruchirapalli / Trichy,2020,5226.4592,5119.5094866554955,4581.153712177558,5657.865261133433
Tiruchirapalli / Trichy,2021,5414.1598,5219.60939283732,4681.253618359384,5757.965167315257
Tiruchirapalli / Trichy,2022,5431.402,5401.83211970751,4863.476345229574,5940.187894185447
Tiruchirapalli / Trichy,2023,5420.7688,5418.420287335151,4880.064512857214,5956.776061813089
Tiruchirapalli / Trichy,2024,5623.4902,5414.528148536668,4876.172374058731,5952.883923014604
Tiruchirapalli / Trichy,2025,5760.7955,5614.948998301908,5076.593223823971,6153.304772779846
Tumkur,2006,2577.53,2694.637852263724,1968.86580687528,3420.409897652168
Tumkur,2007,2863.85,2966.8626061343766,2241.091268976765,3692.633943291988
Tumkur,2008,2687.34,2585.8010803334982,1860.0302842993526,3311.571876367644
Tumkur,2009,2558.06,3262.934953276721,2537.164570689068,3988.705335864374
Tumkur,2010,2846.44,2734.0604790535654,2008.2904123613348,3459.830545745796
Tumkur,2011,2800.28,2578.1089550584857,1852.3391297278536,3303.8787803891178
Tumkur,2012,2533.24,2460.6538934054806,1734.884252488744,3186.423534322217
Tumkur,2013,2951.69,2706.9373629705424,1981.1678629565954,3432.7068629844894
Tumkur,2014,2831.76,2707.0972707477686,1981.327878391722,3432.866663103815
Tumkur,2015,2817.92,2482.8190629776273,1757.049752878511,3208.5883730767437
Tumkur,2016,2870.4731,2873.245465698141,2147.47621844816,3599.0147129481215
Tumkur,2017,2845.3615,2757.964256679639,2032.1950574501147,3483.7334559091637
Tumkur,2018,2832.8226,2685.058128319837,1959.2889657807914,3410.827290858883
Tumkur,2019,2921.6577,2869.6254144583763,2143.85627995304,3595.3945489637126
Tumkur,2020,2891.3144,2748.3547224597587,2022.5856093738487,3474.123835545669
Tumkur,2021,2930.0552,2808.847345923945,2083.078249203756,3534.6164426441337
Tumkur,2022,2952.4223,2826.245018566289,2100.4759343504907,3552.014102782088
Tumkur,2023,2980.2192,2857.637455114258,2131.8683804525626,3583.4065297759535
Tumkur,2024,3025.8665,2932.61397546409,2206.8449081023014,3658.3830428258784
Tumkur,2025,2966.804,2745.7562677700917,2019.9872059858699,3471.5253295543134
Udaipur,2006,938.0,1104.685674582698,579.0388744059526,1630.3324747594436
Udaipur,2007,775.34,785.0635773528143,259.4167771760689,1310.7103775295595
Udaipur,2008,727.23,927.1604236054332,401.51362342868777,1452.8072237821784
Udaipur,2009,718.15,294.4029000331784,-231.24390014356698,820.0497002099238
Udaipur,2010,1172.07,947.2001351833651,421.5533350066197,1472.8469353601104
Udaipur,2011,1110.24,1309.4330852357648,783.7862850590194,1835.07988541251
Udaipur,2012,1097.17,1038.4212245685935,512.7744243918481,1564.0680247453388
Udaipur,2013,1226.4,1247.3681215263377,721.7213213495924,1773.014921703083
Udaipur,2014,1158.6,997.1037104413504,471.45691026460497,1522.7505106180956
Udaipur,2015,1023.02,943.5168827867237,417.87008260997834,1469.163682963469
Udaipur,2016,1198.4253,1041.162544172244,515.5157439954986,1566.8093443489893
Udaipur,2017,1235.8706,1096.8771716054289,571.2303714286835,1622.5239717821742
Udaipur,2018,1275.8226,1147.7495985618707,622.1027983851253,1673.396398738616
Udaipur,2019,1365.986,1233.7416763399897,708.0948761632443,1759.388476516735
Udaipur,2020,1374.8428,1257.8236815832433,732.176881406498,1783.4704817599886
Udaipur,2021,1468.9337,1342.7808161501189,817.1340159733735,1868.4276163268642
Udaipur,2022,1484.8022,1370.0322475567932,844.3854473800478,1895.6790477335385
Udaipur,2023,1535.4349,1420.2030846786624,894.556284501917,1945.8498848554077
Udaipur,2024,1534.4763,1430.257032974986,904.6102327982406,1955.9038331517313
Udaipur,2025,1606.3451,1493.0843325961714,967.437532419426,2018.7311327729167
Ujjain,2016,718.8604,595.8495211688924,282.14503354479626,909.5540087929885
Ujjain,2017,663.7293,663.0936794650033,349.38919184090724,976.7981670890995
Ujjain,2018,716.6327,668.7225482071908,355.0180605830947,982.427035831287
Ujjain,2019,782.6808,707.7956078353736,394.09112021127754,1021.5000954594698
Ujjain,2020,714.8647,741.1157796221105,427.4112919980144,1054.8202672462066
Ujjain,2021,788.3063,732.6161070686385,418.9116194445424,1046.3205946927346
Ujjain,2022,829.9272,772.5232665279236,458.81877890382754,1086.2277541520198
Ujjain,2023,676.3264,779.2919999134183,465.5875122893222,1092.9964875375144
Ujjain,2024,760.1957,722.0703638689492,408.36587624485315,1035.7748514930454
Ujjain,2025,682.1363,729.4119909573828,415.70750333328675,1043.116478581479
Unnao,2006,1453.0,1431.6199906696474,1050.922978072292,1812.317003267003
Unnao,2007,1914.83,1489.9829051981797,1109.2858926008241,1870.6799177955352
Unnao,2008,2106.89,1931.2633981030904,1550.5663855057348,2311.9604107004457
Unnao,2009,1773.53,1732.1917098717659,1351.4946972744103,2112.888722469121
Unnao,2010,1661.64,1918.8083173957366,1538.111304798381,2299.505329993092
Unnao,2011,1777.26,1880.5459791454105,1499.848966548055,2261.2429917427658
Unnao,2012,1962.05,1637.187446497719,1256.4904339003635,2017.8844590950746
Unnao,2013,2129.9,2007.9364131515194,1627.239400554164,2388.6334257488747
Unnao,2014,1677.93,1777.4682504862267,1396.7712378888712,2158.165263083582
Unnao,2015,1584.0,1802.2627420618592,1421.5657294645036,2182.9597546592145
Unnao,2016,1821.2631,1675.0483099480152,1294.3512973506597,2055.7453225453705
Unnao,2017,1781.801,1703.088744483659,1322.3917318863034,2083.7857570810143
Unnao,2018,1813.9107,1737.7989743308917,1357.1019617335362,2118.495986928247
Unnao,2019,1797.9742,1748.3365330108682,1367.6395204135126,2129.0335456082234
Unnao,2020,1788.6568,1751.1943404125177,1370.4973278151622,2131.891353009873
Unnao,2021,1815.1321,1766.24743548466,1385.5504228873044,2146.9444480820152
Unnao,2022,1796.1037,1764.1233111086367,1383.4262985112812,2144.820323705992
Unnao,2023,1904.4512,1816.2118654322749,1435.5148528349193,2196.90887802963
Unnao,2024,1916.7575,1845.2954094174274,1464.598396820072,2225.9924220147827
Unnao,2025,1789.3832,1800.4599443129755,1419.76293171562,2181.156956910331
Uttar Kashi,2006,1627.07,1667.2074930791318,1329.3079596068214,2005.1070265514422
Uttar Kashi,2007,1748.95,1348.1418526527436,1010.4917881211541,1685.7919171843332
Uttar Kashi,2008,1668.97,1570.3642493245206,1232.9453585485999,1907.7831401004414
Uttar Kashi,2009,1379.63,1403.2571293951291,1066.053058705111,1740.4612000851473
Uttar Kashi,2010,1647.12,1522.906010320066,1185.9020822129944,1859.9099384271374
Uttar Kashi,2011,1616.76,1372.1935543037525,1035.3765459318683,1709.0105626756367
Uttar Kashi,2012,1875.0,1376.4526551801168,1039.8106122630838,1713.0946980971498
Uttar Kashi,2013,1773.58,1353.1983925559312,1016.7204721292946,1689.6763129825677
Uttar Kashi,2014,1663.31,1549.7861320386478,1213.4624688372696,1886.109795240026
Uttar Kashi,2015,1767.23,1561.509474202936,1225.3310665407816,1897.6878818650903
Uttar Kashi,2016,1715.6845,1585.5859701241534,1249.5445819533536,1921.6273582949532
Uttar Kashi,2017,1822.7955,1431.078208371196,1095.1662848435944,1766.9901318987977
Uttar Kashi,2018,1804.9051,1502.2084561068464,1166.4190504640844,1837.9978617496083
Uttar Kashi,2019,1788.2167,1568.5900932748627,1232.9168032907364,1904.263383258989
Uttar Kashi,2020,1896.0509,1414.8174752654622,1079.2543877809603,1750.3805627499642
Uttar Kashi,2021,1825.0796,1580.221674602874,1244.7633169480441,1915.6800322577037
Uttar Kashi,2022,1873.3993,1530.9272374297075,1195.5685347310573,1866.2859401283577
Uttar Kashi,2023,1813.9225,1672.3512199041734,1337.0874574421368,2007.61498236621
Uttar Kashi,2024,1891.937,1568.3945293729062,1233.2213192890802,1903.5677394567322
Uttar Kashi,2025,1864.2839,1653.3574885548574,1318.270740319453,1988.4442367902618
Uttara Kannada,2006,2008.13,1718.4501931967893,1289.7705738063246,2147.129812587254
Uttara Kannada,2007,2016.42,1894.7052156942013,1466.166197871672,2323.2442335167307
Uttara Kannada,2008,1521.18,1592.2126143079963,1163.807218632484,2020.6180099835087
Uttara Kannada,2009,1934.1,1815.7131081900875,1387.4348623379901,2243.991354042185
Uttara Kannada,2010,1907.37,1679.4214586758303,1251.2643494559152,2107.5785678957454
Uttara Kannada,2011,2051.49,1862.6036627623412,1434.562093691059,2290.6452318336233
Uttara Kannada,2012,2020.33,1585.8617689451798,1157.930522611639,2013.7930152787208
Uttara Kannada,2013,2434.19,1897.4354247163938,1469.6096293024077,2325.26122013038
Uttara Kannada,2014,2228.87,1717.8712400562617,1290.1463394728644,2145.596140639659
Uttara Kannada,2015,1657.86,1494.4382991411312,1066.8100263226843,1922.0665719595781
Uttara Kannada,2016,2122.6623,1744.174092007479,1316.6384449710176,2171.7097390439403
Uttara Kannada,2017,2049.4338,1678.9874450111533,1251.5406653443465,2106.43422467796
Uttara Kannada,2018,2104.0845,1698.5465877116276,1271.185141199583,2125.908034223672
Uttara Kannada,2019,2029.4427,1632.6294865551563,1205.350045695854,2059.9089274144585
Uttara Kannada,2020,2290.8151,1789.9471670917314,1362.7465952833684,2217.1477389000947
Uttara Kannada,2021,2087.0487,1639.6214747245576,1212.49681193655,2066.746137512565
Uttara Kannada,2022,2109.3925,1638.5760308757058,1211.5244806393787,2065.627581112033
Uttara Kannada,2023,2256.9357,1721.082095854168,1294.101013429912,2148.0631782784244
Uttara Kannada,2024,2290.6424,1728.876265157085,1301.9631467525796,2155.7893835615905
Uttara Kannada,2025,2202.8682,1656.1297659263537,1229.2822388557756,2082.9772929969317
Vadodara / Baroda,2006,1159.6,1368.5550902155892,895.2212616964418,1841.8889187347365
Vadodara / Baroda,2007,1361.56,1141.7839854640542,668.4501647413449,1615.1178061867636
Vadodara / Baroda,2008,1110.93,995.7903555940436,522.4565401298861,1469.1241710582012
Vadodara / Baroda,2009,908.57,794.1053530010417,320.77154108367955,1267.439164918404
Vadodara / Baroda,2010,1235.93,1126.942973040982,653.6091635158671,1600.276782566097
Vadodara / Baroda,2011,1245.5,1052.3181894755585,578.98438156397,1525.6519973871468
Vadodara / Baroda,2012,1417.04,948.6446970988773,475.3108902755823,1421.9785039221722
Vadodara / Baroda,2013,1331.76,1221.153820234915,747.8200141456539,1694.487626324176
Vadodara / Baroda,2014,1603.17,1050.5761969745295,577.2423913803605,1523.9100025686985
Vadodara / Baroda,2015,1612.88,1094.4374013492777,621.1035960890392,1567.7712066095162
Vadodara / Baroda,2016,1616.8619,1212.3034430411142,738.9696380061056,1685.637248076123
Vadodara / Baroda,2017,1606.61,1203.4704957542378,730.1366908711427,1676.804300637333
Vadodara / Baroda,2018,1700.6988,1270.4768699545439,797.1430651739114,1743.8106747351762
Vadodara / Baroda,2019,1790.6064,1339.2836201409018,865.9498154293785,1812.617424852425
Vadodara / Baroda,2020,1852.5514,1391.4833020885535,918.1494974236432,1864.8171067534638
Vadodara / Baroda,2021,1868.2178,1411.6372244320307,938.30341979856,1884.9710290655016
Vadodara / Baroda,2022,1810.6685,1377.5681495192334,904.234344906968,1850.9019541314988
Vadodara / Baroda,2023,1931.0719,1469.139868125517,995.8060635275542,1942.47367272348
Vadodara / Baroda,2024,1981.8317,1515.078359158256,1041.7445545699402,1988.4121637465719
Vadodara / Baroda,2025,1996.9034,1535.80943868159,1062.4756340997808,2009.1432432633994
Valsad,2006,2140.59,2391.6856150778344,1802.5224289783455,2980.8488011773234
Valsad,2007,2394.69,2149.7166736892823,1560.5534875897933,2738.8798597887712
Valsad,2008,2285.46,2151.9577143736733,1562.7945282741844,2741.1209004731622
Valsad,2009,2225.83,1958.9364339664999,1369.773247867011,2548.099620065989
Valsad,2010,2465.3,2387.127371464532,1797.9641853650432,2976.290557564021
Valsad,2011,2462.57,2277.4280891193057,1688.2649030198168,2866.5912752187946
Valsad,2012,2425.0,2242.5271625468167,1653.3639764473278,2831.6903486463057
Valsad,2013,2319.32,2568.2045814044577,1979.0413953049688,3157.3677675039467
Valsad,2014,2431.37,2256.941188131791,1667.778002032302,2846.10437423128
Valsad,2015,2471.26,2289.3180820242706,1700.1548959247816,2878.4812681237595
Valsad,2016,2508.5884,2338.5045297685588,1749.3413436690698,2927.6677158680477
Valsad,2017,2581.6142,2409.1572006510787,1819.9940145515898,2998.3203867505676
Valsad,2018,2524.5687,2393.39192278069,1804.228736681201,2982.555108880179
Valsad,2019,2538.0543,2408.9922213805976,1819.8290352811086,2998.1554074800865
Valsad,2020,2602.8454,2458.224455976621,1869.061269877132,3047.38764207611
Valsad,2021,2640.6985,2495.3775879326167,1906.2144018331278,3084.5407740321057
Valsad,2022,2642.9063,2508.903865127894,1919.7406790284049,3098.0670512273828
Valsad,2023,2708.4708,2560.5579557050023,1971.3947696055134,3149.7211418044913
Valsad,2024,2725.6529,2585.130092708564,1995.966906609075,3174.293278808053
Valsad,2025,2699.1467,2577.4866498055976,1988.3234637061087,3166.6498359050865
Varanasi,2006,2191.93,1553.9639568996154,890.3316312226805,2217.59628257655
Varanasi,2007,2246.96,2122.0464957262675,1458.4141700493326,2785.678821403202
Varanasi,2008,2423.49,2482.098079039526,1818.4657533625912,3145.7304047164607
Varanasi,2009,1875.27,2134.7246159568526,1471.0922902799177,2798.3569416337878
Varanasi,2010,2456.84,1925.167489785188,1261.5351641082532,2588.7998154621228
Varanasi,2011,2549.72,2463.3154433288137,1799.6831176518788,3126.9477690057483
Varanasi,2012,2670.95,2371.1942922073385,1707.5619665304037,3034.826617884273
Varanasi,2013,2526.29,2986.0406522251983,2322.408326548263,3649.6729779021334
Varanasi,2014,2680.52,2282.014493256788,1618.3821675798529,2945.646818933723
Varanasi,2015,2683.72,2456.89496708559,1793.262641408655,3120.5272927625247
Varanasi,2016,2822.6232,2781.595787383658,2117.963461706723,3445.2281130605925
Varanasi,2017,2840.2817,2749.621799746345,2085.98947406941,3413.25412542328
Varanasi,2018,2945.2217,2854.3507774359814,2190.7184517590467,3517.983103112916
Varanasi,2019,3053.1545,2962.7628955295527,2299.1305698526176,3626.395221206488
Varanasi,2020,2974.3088,2849.5780566044486,2185.945730927514,3513.2103822813833
Varanasi,2021,3215.741,3138.8856342163217,2475.253308539387,3802.5179598932564
Varanasi,2022,3150.1919,3032.3607284392433,2368.728402762308,3695.9930541161784
Varanasi,2023,3201.39,3091.681689235653,2428.049363558718,3755.3140149125875
Varanasi,2024,3311.1659,3214.907835135502,2551.2755094585673,3878.5401608124366
Varanasi,2025,3347.2492,3241.82920625078,2578.196880573845,3905.4615319277145
Vidisha,2006,789.47,648.974425859421,316.0840006479949,981.8648510708471
Vidisha,2007,520.0,607.5946186058231,274.7046143405056,940.4846228711407
Vidisha,2008,520.0,624.7497327972396,291.86005255212143,957.6394130423578
Vidisha,2009,833.33,462.8883646236218,129.99893379174284,795.7777954555007
Vidisha,2010,1000.0,598.5268456635768,265.63760681715434,931.4160845099991
Vidisha,2011,1000.0,745.50135861734,412.6122675517961,1078.3904496828839
Vidisha,2012,1000.0,753.708666308145,420.8196889972078,1086.5976436190822
Vidisha,2013,560.0,885.8153863416437,552.9264965936566,1218.7042760896309
Vidisha,2014,832.5,716.5314712366812,383.64264889061474,1049.4202935827477
Vidisha,2015,1333.33,766.3980157015849,433.50924523845384,1099.286786164716
Vidisha,2016,1215.4233,805.160294843185,472.27156431720704,1138.049025369163
Vidisha,2017,1158.312,852.1764051450664,519.2877053609305,1185.0651049292023
Vidisha,2018,1247.8037,892.5040494965756,559.6153733761506,1225.3927256170005
Vidisha,2019,1166.9587,931.7979650144434,598.9093071093023,1264.6866229195846
Vidisha,2020,1303.799,965.3801942346786,632.4915503508653,1298.2688381184919
Vidisha,2021,1371.2721,1008.7483064632679,675.8596733724607,1341.636939554075
Vidisha,2022,1340.4799,1051.0044446661013,718.1158198832801,1383.8930694489227
Vidisha,2023,1364.0745,1086.5535690303159,753.6649506426212,1419.4421874180107
Vidisha,2024,1439.7568,1122.7892347495308,789.900621284527,1455.6778482145346
Vidisha,2025,1500.7837,1163.258633033864,830.3700233581342,1496.147242709594
Visakhapatnam,2006,2097.37,1902.3653550714134,1418.9455794058297,2385.785130736997
Visakhapatnam,2007,2371.69,2033.233793161804,1549.8140174962205,2516.6535688273875
Visakhapatnam,2008,1961.56,2023.2825159784752,1539.8627403128917,2506.7022916440587
Visakhapatnam,2009,1576.41,1616.278319566235,1132.8585439006515,2099.6980952318186
Visakhapatnam,2010,2040.45,2420.898494826505,1937.4787191609216,2904.3182704920887
Visakhapatnam,2011,1740.86,1613.6735291296472,1130.2537534640637,2097.093304795231
Visakhapatnam,2012,1873.71,1907.033037116028,1423.6132614504445,2390.4528127816116
Visakhapatnam,2013,2015.54,1611.1993918764365,1127.779616210853,2094.61916754202
Visakhapatnam,2014,2049.37,1659.6698194706623,1176.2500438050788,2143.089595136246
Visakhapatnam,2015,2438.59,2114.395079133177,1630.9753034675937,2597.8148547987607
Visakhapatnam,2016,2028.7431,2088.7216497046547,1605.3018740390712,2572.1414253702383
Visakhapatnam,2017,2038.2369,2047.4840329213876,1564.064257255804,2530.903808586971
Visakhapatnam,2018,2126.2637,2088.9912123355252,1605.5714366699417,2572.4109880011088
Visakhapatnam,2019,2057.2587,2018.9463848671248,1535.5266092015413,2502.3661605327084
Visakhapatnam,2020,2163.946,2093.025165236123,1609.6053895705395,2576.4449409017066
Visakhapatnam,2021,2038.8156,1989.2911829944178,1505.8714073288343,2472.7109586600013
Visakhapatnam,2022,2017.4353,1962.6340009610476,1479.214225295464,2446.053776626631
Visakhapatnam,2023,2275.68,2166.7635117879454,1683.3437361223619,2650.183287453529
Visakhapatnam,2024,2150.5864,2076.887105776809,1593.4673301112257,2560.3068814423928
Visakhapatnam,2025,2249.215,2157.26298645953,1673.8432107939466,2640.6827621251136
Warangal,2006,2820.86,3049.7455709392766,2486.8389689750534,3612.6521729035
Warangal,2007,2995.82,2811.1185754079197,2248.2119734436965,3374.025177372143
Warangal,2008,2988.69,3008.1981958831498,2445.2915939189265,3571.104797847373
Warangal,2009,2542.23,2682.9666644628824,2120.060062498659,3245.8732664271056
Warangal,2010,3209.77,3141.945311338215,2579.038709373992,3704.8519133024383
Warangal,2011,2558.23,2764.883098292668,2201.9764963284447,3327.789700256891
Warangal,2012,3285.58,2838.351437904188,2275.444835939965,3401.2580398684113
Warangal,2013,3141.14,3276.043120656489,2713.136518692266,3838.9497226207122
Warangal,2014,3080.35,2757.4580605426117,2194.5514585783885,3320.364662506835
Warangal,2015,3164.19,2998.613515073951,2435.706913109728,3561.5201170381742
Warangal,2016,3361.2679,3265.3180940306283,2702.411492066405,3828.2246959948516
Warangal,2017,3258.1287,3208.232845909367,2645.3262439451437,3771.13944787359
Warangal,2018,3313.4265,3239.115309339845,2676.208707375622,3802.0219113040685
Warangal,2019,3322.7776,3249.3801039858954,2686.473502021672,3812.2867059501186
Warangal,2020,3369.1717,3284.560375095505,2721.653773131282,3847.4669770597284
Warangal,2021,3340.4818,3273.360306204862,2710.4537042406387,3836.266908169085
Warangal,2022,3341.4619,3274.7208999398845,2711.8142979756612,3837.6275019041077
Warangal,2023,3475.6375,3366.972843812137,2804.0662418479137,3929.87944577636
Warangal,2024,3335.8597,3290.4559113982623,2727.549309434039,3853.3625133624855
Warangal,2025,3557.6488,3433.1702309489538,2870.2636289847305,3996.076832913177
Wardha,2006,1000.0,938.9303001383862,426.78538650063774,1451.0752137761347
Wardha,2007,900.0,912.8143567431182,400.83725526326117,1424.7914582229753
Wardha,2016,1322.6325,905.6816257848756,393.8640107412493,1417.4992408285018
Wardha,2017,1397.1585,924.0987717160556,412.4329220095163,1435.764621422595
Wardha,2018,1357.2392,934.8770894572116,423.35583144847214,1446.398347465951
Wardha,2019,1382.427,949.1551735964705,437.77183054306215,1460.5385166498788
Wardha,2020,1451.6594,966.8628663307061,455.61121352983355,1478.1145191315786
Wardha,2021,1471.2885,981.6717580863035,470.5459829679521,1492.7975332046549
Wardha,2022,1428.9805,991.6558097031946,480.65047623208056,1502.6611431743086
Wardha,2023,1524.4161,1010.805874092872,499.91589093273916,1521.695857253005
Wardha,2024,1543.6826,1025.5246687059778,514.745260678936,1536.3040767330194
Wardha,2025,1549.1934,1039.0738557117465,528.4005381516928,1549.7471732718004
West Dinajpur,2006,2347.32,2440.048895840145,2145.1669600872374,2734.930831593053
West Dinajpur,2007,2454.07,2385.108730158951,2090.226794406043,2679.9906659118587
West Dinajpur,2008,2371.58,2483.1842315577987,2188.302295804891,2778.0661673107065
West Dinajpur,2009,2289.17,2205.0787093622366,1910.1967736093288,2499.9606451151444
West Dinajpur,2010,2768.66,2411.248307506199,2116.3663717532913,2706.130243259107
West Dinajpur,2011,2643.87,2731.133330829509,2436.251395076601,3026.0152665824166
West Dinajpur,2012,2656.7,2633.241284842246,2338.359349089338,2928.1232205951537
West Dinajpur,2013,2623.38,2693.2623375789,2398.380401825992,2988.1442733318077
West Dinajpur,2014,2804.31,2601.555328993386,2306.673393240478,2896.4372647462937
West Dinajpur,2015,2880.01,2821.883721925918,2527.0017861730103,3116.765657678826
West Dinajpur,2016,2870.6834,2836.365419980566,2541.483484227658,3131.247355733474
West Dinajpur,2017,2976.8496,2846.684118138678,2551.8021823857703,3141.566053891586
West Dinajpur,2018,3022.8361,2972.07631929051,2677.1943835376023,3266.958255043418
West Dinajpur,2019,3100.6946,3009.184972163158,2714.30303641025,3304.0669079160657
West Dinajpur,2020,3185.5124,3082.451500267947,2787.569564515039,3377.3334360208546
West Dinajpur,2021,3201.8803,3193.5924488035325,2898.7105130506247,3488.4743845564403
West Dinajpur,2022,3223.1958,3212.360643160845,2917.4787074079372,3507.242578913753
West Dinajpur,2023,3290.8174,3215.39349413775,2920.5115583848424,3510.275429890658
West Dinajpur,2024,3350.6377,3283.1188878015223,2988.2369520486145,3578.00082355443
West Dinajpur,2025,3394.9146,3349.394875352325,3054.512939599417,3644.276811105233
West Godavari,2006,3587.48,3446.2744175774396,2747.582606988115,4144.966228166764
West Godavari,2007,3680.81,3509.565806789145,2810.8739961998203,4208.257617378469
West Godavari,2008,3552.77,3557.3856339015488,2858.693823312224,4256.077444490873
West Godavari,2009,3393.57,3852.6801147529027,3153.988304163578,4551.371925342227
West Godavari,2010,3264.52,3040.5836701676017,2341.891859578277,3739.2754807569263
West Godavari,2011,3596.77,3644.8170010646054,2946.1251904752808,4343.50881165393
West Godavari,2012,3051.62,3338.3525208438696,2639.660710254545,4037.044331433194
West Godavari,2013,3191.34,3332.0333406398745,2633.34153005055,4030.725151229199
West Godavari,2014,3968.63,3427.5807586365277,2728.888948047203,4126.272569225852
West Godavari,2015,3859.61,3545.961463239367,2847.269652650042,4244.653273828691
West Godavari,2016,3588.9361,3716.98881435961,3018.2970037702853,4415.680624948935
West Godavari,2017,3773.3567,3591.1373141237586,2892.445503534434,4289.829124713083
West Godavari,2018,3682.5717,3727.5048776064114,3028.8130670170867,4426.196688195736
West Godavari,2019,3621.4676,3757.209981306357,3058.5181707170323,4455.9017918956815
West Godavari,2020,3715.5695,3673.093560270442,2974.4017496811175,4371.785370859767
West Godavari,2021,3721.6043,3704.83141726855,3006.1396066792254,4403.523227857874
West Godavari,2022,3574.9692,3801.973749170218,3103.2819385808934,4500.665559759543
West Godavari,2023,3723.4744,3653.924097596885,2955.2322870075604,4352.61590818621
West Godavari,2024,3661.2612,3730.4962986235214,3031.8044880341968,4429.188109212846
West Godavari,2025,3581.3075,3759.7253251034263,3061.0335145141016,4458.417135692751
Yeotmal,2006,500.0,612.379911713734,320.7468853946468,904.0129380328212
Yeotmal,2007,666.67,502.91725250048455,211.28422618139734,794.5502788195718
Yeotmal,2008,400.0,473.8830383528316,182.25001203374438,765.5160646719188
Yeotmal,2009,1650.0,302.6859662396304,11.052939920543167,594.3189925587176
Yeotmal,2011,1000.0,1182.894480776079,891.2614544569918,1474.5275070951661
Yeotmal,2012,400.0,1153.80942993273,862.1764036136427,1445.442456251817
Yeotmal,2016,1040.4626,690.0036095716117,398.3705832525245,981.6366358906989
Yeotmal,2017,1177.2883,905.6005967741803,613.9675704550931,1197.2336230932674
Yeotmal,2018,976.6499,1027.1338568707574,735.5008305516702,1318.7668831898445
Yeotmal,2019,1012.4681,997.8397701596631,706.2067438405759,1289.4727964787503
Yeotmal,2020,1235.7941,1033.0832999827771,741.4502736636899,1324.7163263018642
Yeotmal,2021,1322.3528,1156.5500612108863,864.9170348917991,1448.1830875299734
Yeotmal,2022,1180.4359,1225.7677264031802,934.134700084093,1517.4007527222675
Yeotmal,2023,1075.4469,1179.0718894203223,887.4388631012351,1470.7049157394094
Yeotmal,2024,1150.1459,1124.887538575006,833.2545122559187,1416.5205648940932
Yeotmal,2025,1295.3308,1154.9264130934741,863.2933867743869,1446.5594394125615
